nombre,modulo_inferido,operacion_inferida,num_parametros,fecha_creacion,fecha_modificacion
SeleccionaListaPrecioLotes,"Laboratorio (calidad, tanques)",Consultar (SELECT),2,2015-07-28 15:24:28.613000,2015-07-28 15:45:27.780000
SeleccionaMetrajeTipoCanalNovedad,Otro / Utilitario,Consultar (SELECT),4,2014-12-16 15:40:28.047000,2022-12-03 06:57:05.207000
SpActualizaDetalleLiquidacionPrima,Otro / Utilitario,Actualizar (UPDATE),1,2017-07-12 08:43:57.407000,2017-07-18 17:19:59.200000
SpActualizaEstadoProgramacionVehiculo,Otro / Utilitario,Actualizar (UPDATE),6,2014-12-15 09:25:49.917000,2014-12-15 09:25:49.917000
SpActualizaaCaracteristica,"Agro (Fincas, Lotes, Transacciones de campo)",Actualizar (UPDATE),7,2016-04-28 10:26:40.713000,2016-04-28 10:27:28.167000
SpActualizaaFinca,"Agro (Fincas, Lotes, Transacciones de campo)",Actualizar (UPDATE),15,2015-02-12 15:48:20.080000,2019-04-04 15:31:00.773000
SpActualizaaGrupoCaracteristica,"Agro (Fincas, Lotes, Transacciones de campo)",Actualizar (UPDATE),5,2016-04-28 10:26:40.713000,2016-04-28 10:27:28.167000
SpActualizaaGrupoLabor,"Agro (Fincas, Lotes, Transacciones de campo)",Actualizar (UPDATE),6,2014-11-06 14:44:38.627000,2016-08-16 16:28:07.680000
SpActualizaaGrupoNovedad,"Agro (Fincas, Lotes, Transacciones de campo)",Actualizar (UPDATE),8,2015-02-12 15:48:20.083000,2016-08-22 09:43:49.423000
SpActualizaaLabor,"Agro (Fincas, Lotes, Transacciones de campo)",Actualizar (UPDATE),16,2014-11-06 14:44:38.643000,2014-11-06 14:44:38.643000
SpActualizaaLaborLotePrecio,"Agro (Fincas, Lotes, Transacciones de campo)",Actualizar (UPDATE),7,2014-11-06 14:44:38.667000,2014-11-06 14:44:38.667000
SpActualizaaLoteCanal,"Agro (Fincas, Lotes, Transacciones de campo)",Actualizar (UPDATE),6,2014-11-24 08:59:54.313000,2014-11-24 08:59:54.313000
SpActualizaaLoteCcostoSigo,"Agro (Fincas, Lotes, Transacciones de campo)",Actualizar (UPDATE),5,2015-11-20 19:30:19.950000,2015-11-20 19:30:19.950000
SpActualizaaLotePesosPeriodo,"Agro (Fincas, Lotes, Transacciones de campo)",Actualizar (UPDATE),11,2015-02-12 15:48:20.087000,2016-01-28 11:20:02.193000
SpActualizaaLotePrecio,"Agro (Fincas, Lotes, Transacciones de campo)",Actualizar (UPDATE),7,2014-11-04 10:40:07.610000,2015-04-25 14:42:44.413000
SpActualizaaLotes,"Agro (Fincas, Lotes, Transacciones de campo)",Actualizar (UPDATE),25,2015-02-12 15:48:20.090000,2018-12-06 07:31:30.667000
SpActualizaaLotesCanal,"Agro (Fincas, Lotes, Transacciones de campo)",Actualizar (UPDATE),6,2015-02-12 15:48:20.097000,2022-12-03 06:57:05.210000
SpActualizaaLotesDetalle,"Agro (Fincas, Lotes, Transacciones de campo)",Actualizar (UPDATE),6,2015-02-12 15:48:20.100000,2022-12-03 06:57:05.253000
SpActualizaaNovedad,"Agro (Fincas, Lotes, Transacciones de campo)",Actualizar (UPDATE),38,2015-02-12 15:48:20.103000,2022-12-15 11:03:48.467000
SpActualizaaNovedadFincaCcosto,"Agro (Fincas, Lotes, Transacciones de campo)",Actualizar (UPDATE),6,2018-04-18 15:02:50.130000,2018-04-18 15:02:50.130000
SpActualizaaNovedadLotePrecio,"Agro (Fincas, Lotes, Transacciones de campo)",Actualizar (UPDATE),13,2015-02-12 15:48:20.110000,2015-07-04 12:54:57.053000
SpActualizaaNovedadPrecio,"Agro (Fincas, Lotes, Transacciones de campo)",Actualizar (UPDATE),15,2017-09-19 08:32:15.163000,2018-01-24 11:29:51.630000
SpActualizaaParametrosDescuento,"Agro (Fincas, Lotes, Transacciones de campo)",Actualizar (UPDATE),20,2018-01-13 10:09:49.143000,2018-04-03 12:23:17.397000
SpActualizaaPeriodo,"Agro (Fincas, Lotes, Transacciones de campo)",Actualizar (UPDATE),5,2015-02-12 15:48:20.113000,2015-02-12 15:48:20.770000
SpActualizaaSanidad,"Agro (Fincas, Lotes, Transacciones de campo)",Actualizar (UPDATE),15,2015-02-12 15:48:20.117000,2016-04-28 10:27:28.167000
SpActualizaaSanidadDetalle,"Agro (Fincas, Lotes, Transacciones de campo)",Actualizar (UPDATE),16,2015-02-12 15:48:20.120000,2017-02-25 11:19:22.917000
SpActualizaaSecciones,"Agro (Fincas, Lotes, Transacciones de campo)",Actualizar (UPDATE),7,2015-02-12 15:48:20.127000,2017-09-12 08:58:35.040000
SpActualizaaTipoCanal,"Agro (Fincas, Lotes, Transacciones de campo)",Actualizar (UPDATE),5,2015-02-12 15:48:20.130000,2015-02-12 15:48:20.130000
SpActualizaaTransaccion,"Agro (Fincas, Lotes, Transacciones de campo)",Actualizar (UPDATE),23,2015-02-12 15:48:20.167000,2022-12-03 06:57:06.583000
SpActualizaaTransaccionBascula,"Agro (Fincas, Lotes, Transacciones de campo)",Actualizar (UPDATE),18,2015-02-12 15:48:20.170000,2015-02-12 15:48:20.170000
SpActualizaaTransaccionCosechaFull,"Agro (Fincas, Lotes, Transacciones de campo)",Actualizar (UPDATE),16,2022-12-10 08:30:23.977000,2022-12-10 08:30:23.977000
SpActualizaaTransaccionF,"Agro (Fincas, Lotes, Transacciones de campo)",Actualizar (UPDATE),25,2019-06-11 09:44:44.883000,2019-06-11 09:44:44.883000
SpActualizaaTransaccionItem,"Agro (Fincas, Lotes, Transacciones de campo)",Actualizar (UPDATE),16,2017-01-23 18:08:23.660000,2017-01-23 18:08:23.660000
SpActualizaaTransaccionLote,"Agro (Fincas, Lotes, Transacciones de campo)",Actualizar (UPDATE),15,2014-11-26 08:09:40.373000,2014-12-15 09:55:38.140000
SpActualizaaTransaccionNovedad,"Agro (Fincas, Lotes, Transacciones de campo)",Actualizar (UPDATE),18,2015-02-12 15:48:20.173000,2015-02-12 15:48:20.173000
SpActualizaaTransaccionTercero,"Agro (Fincas, Lotes, Transacciones de campo)",Actualizar (UPDATE),17,2015-02-12 15:48:20.180000,2022-12-03 06:57:05.320000
SpActualizaaTransaccionTerceroPepa,"Agro (Fincas, Lotes, Transacciones de campo)",Actualizar (UPDATE),17,2018-03-05 17:09:48.577000,2018-03-05 17:09:48.577000
SpActualizaaVariedad,"Agro (Fincas, Lotes, Transacciones de campo)",Actualizar (UPDATE),6,2015-02-12 15:48:20.183000,2015-02-12 15:48:20.183000
SpActualizaatransaccionPepa,"Agro (Fincas, Lotes, Transacciones de campo)",Actualizar (UPDATE),22,2018-03-05 17:08:46.923000,2018-03-05 17:08:46.923000
SpActualizabProcedencia,Bascula y Transporte,Actualizar (UPDATE),8,2015-02-12 15:48:20.187000,2015-02-12 15:48:20.187000
SpActualizabRegistroBascula,Bascula y Transporte,Actualizar (UPDATE),34,2015-02-12 15:48:20.197000,2015-03-02 16:12:18.893000
SpActualizabRegistroPorteria,Bascula y Transporte,Actualizar (UPDATE),16,2015-02-12 15:48:20.200000,2015-02-12 15:48:20.200000
SpActualizabRemision,Bascula y Transporte,Actualizar (UPDATE),9,2015-02-12 15:48:20.203000,2015-02-12 15:48:20.203000
SpActualizabTipoVehiculo,Bascula y Transporte,Actualizar (UPDATE),6,2015-02-12 15:48:20.210000,2015-02-12 15:48:20.210000
SpActualizabVehiculo,Bascula y Transporte,Actualizar (UPDATE),9,2015-02-12 15:48:20.213000,2015-02-12 15:48:20.213000
SpActualizacCentrosCosto,Contabilidad,Actualizar (UPDATE),13,2015-02-12 15:48:20.217000,2015-04-30 10:22:44.230000
SpActualizacCentrosCostoSigo,Contabilidad,Actualizar (UPDATE),9,2015-08-05 16:18:41.557000,2016-04-09 09:45:11.280000
SpActualizacClaseIR,Contabilidad,Actualizar (UPDATE),8,2015-02-12 15:48:20.220000,2015-02-12 15:48:20.220000
SpActualizacClaseParametroContaNomi,Contabilidad,Actualizar (UPDATE),15,2015-08-06 14:48:15.067000,2015-09-26 09:01:44.267000
SpActualizacConceptoIR,Contabilidad,Actualizar (UPDATE),10,2015-02-12 15:48:20.223000,2015-02-12 15:48:20.223000
SpActualizacContacto,Contabilidad,Actualizar (UPDATE),12,2014-10-29 14:26:06.680000,2014-10-29 14:26:06.680000
SpActualizacEstructuraCCosto,Contabilidad,Actualizar (UPDATE),8,2015-02-12 15:48:20.230000,2015-02-12 15:48:20.230000
SpActualizacGrupoCCosto,Contabilidad,Actualizar (UPDATE),5,2015-02-12 15:48:20.230000,2015-02-12 15:48:20.230000
SpActualizacGrupoIR,Contabilidad,Actualizar (UPDATE),6,2015-02-12 15:48:20.240000,2015-02-12 15:48:20.240000
SpActualizacParametroContaNomi,Contabilidad,Actualizar (UPDATE),24,2015-08-06 14:48:15.067000,2015-09-30 20:03:30.647000
SpActualizacPeriodo,Contabilidad,Actualizar (UPDATE),7,2015-02-12 15:48:20.243000,2019-04-08 15:47:37.093000
SpActualizacPuc,Contabilidad,Actualizar (UPDATE),13,2015-02-12 15:48:20.247000,2015-08-06 11:13:14
SpActualizacTercero,Contabilidad,Actualizar (UPDATE),32,2015-02-12 15:48:20.250000,2019-06-28 08:51:23.177000
SpActualizacxcCliente,Cuentas por Cobrar,Actualizar (UPDATE),12,2015-02-12 15:48:20.257000,2015-02-12 15:48:20.257000
SpActualizacxcClienteClaseIR,Cuentas por Cobrar,Actualizar (UPDATE),6,2015-02-12 15:48:20.260000,2015-02-12 15:48:20.260000
SpActualizacxpClaseProveedor,Cuentas por Pagar,Actualizar (UPDATE),4,2015-02-12 15:48:20.263000,2015-02-12 15:48:20.263000
SpActualizacxpProveedor,Cuentas por Pagar,Actualizar (UPDATE),14,2015-02-12 15:48:20.267000,2015-02-12 15:48:20.267000
SpActualizacxpProveedorBanco,Cuentas por Pagar,Actualizar (UPDATE),7,2015-02-12 15:48:20.270000,2015-02-12 15:48:20.270000
SpActualizacxpProveedorCalseIR,Cuentas por Pagar,Actualizar (UPDATE),6,2015-02-12 15:48:20.277000,2015-02-12 15:48:20.277000
SpActualizafMercado,Mercado,Actualizar (UPDATE),6,2015-02-12 15:48:20.280000,2015-02-12 15:48:20.280000
SpActualizafTipoMercado,Mercado,Actualizar (UPDATE),5,2015-02-12 15:48:20.283000,2015-02-12 15:48:20.283000
SpActualizagBanco,Catalogos Generales,Actualizar (UPDATE),4,2015-02-12 15:48:20.287000,2015-02-12 15:48:20.287000
SpActualizagCiudad,Catalogos Generales,Actualizar (UPDATE),6,2015-02-12 15:48:20.290000,2017-02-27 10:49:56.357000
SpActualizagCodigoNacionalOcupacion,Catalogos Generales,Actualizar (UPDATE),4,2015-02-12 15:48:20.293000,2015-02-12 15:48:20.293000
SpActualizagConfigParametrosGenerales,Catalogos Generales,Actualizar (UPDATE),9,2018-06-06 12:30:29.443000,2018-06-06 12:30:29.443000
SpActualizagDepartamento,Catalogos Generales,Actualizar (UPDATE),4,2017-02-27 11:14:57.417000,2017-02-27 11:14:57.417000
SpActualizagDiagnostico,Catalogos Generales,Actualizar (UPDATE),4,2015-04-27 17:06:07.500000,2015-04-27 17:06:07.500000
SpActualizagEmpresa,Catalogos Generales,Actualizar (UPDATE),9,2015-02-12 15:48:20.300000,2015-02-12 15:48:20.300000
SpActualizagEntidadNacional,Catalogos Generales,Actualizar (UPDATE),4,2015-02-12 15:48:20.300000,2015-02-12 15:48:20.300000
SpActualizagFormaPago,Catalogos Generales,Actualizar (UPDATE),5,2015-02-12 15:48:20.307000,2015-08-04 18:46:20.547000
SpActualizagFoto,Catalogos Generales,Actualizar (UPDATE),3,2015-02-12 15:48:20.310000,2017-07-13 17:50:08.040000
SpActualizagNivelEducativo,Catalogos Generales,Actualizar (UPDATE),4,2015-02-12 15:48:20.313000,2015-02-12 15:48:20.313000
SpActualizagPais,Catalogos Generales,Actualizar (UPDATE),4,2015-02-12 15:48:20.317000,2015-02-12 15:48:20.317000
SpActualizagParametros,Catalogos Generales,Actualizar (UPDATE),5,2015-02-12 15:48:20.333000,2015-02-12 15:48:20.333000
SpActualizagParametrosGenerales,Catalogos Generales,Actualizar (UPDATE),52,2017-02-07 09:34:20.853000,2017-02-07 09:34:20.853000
SpActualizagRegimenTributario,Catalogos Generales,Actualizar (UPDATE),4,2015-02-12 15:48:20.337000,2015-02-12 15:48:20.337000
SpActualizagRh,Catalogos Generales,Actualizar (UPDATE),4,2015-02-12 15:48:20.340000,2015-02-12 15:48:20.340000
SpActualizagTipoCuenta,Catalogos Generales,Actualizar (UPDATE),4,2015-02-12 15:48:20.343000,2015-02-12 15:48:20.343000
SpActualizagTipoCuentaBancaria,Catalogos Generales,Actualizar (UPDATE),4,2015-02-12 15:48:20.347000,2015-02-12 15:48:20.347000
SpActualizagTipoDocumento,Catalogos Generales,Actualizar (UPDATE),6,2015-02-12 15:48:20.350000,2019-03-18 16:31:17.190000
SpActualizagTipoEmbargo,Catalogos Generales,Actualizar (UPDATE),5,2015-04-23 11:32:00.953000,2015-04-23 11:32:00.953000
SpActualizagTipoLiquidacion,Catalogos Generales,Actualizar (UPDATE),4,2015-04-21 17:45:31.543000,2015-04-21 17:45:31.543000
SpActualizagTipoTransaccion,Catalogos Generales,Actualizar (UPDATE),16,2015-02-12 15:48:20.377000,2022-12-03 06:57:05.023000
SpActualizagTipoTransaccionCampo,Catalogos Generales,Actualizar (UPDATE),11,2015-02-12 15:48:20.380000,2015-02-12 15:48:20.380000
SpActualizagTipoTransaccionConfig,Catalogos Generales,Actualizar (UPDATE),31,2015-02-12 15:48:20.383000,2017-01-23 17:51:00.567000
SpActualizagTipoTransaccionDias,Catalogos Generales,Actualizar (UPDATE),10,2015-02-12 15:48:20.390000,2015-02-12 15:48:20.390000
SpActualizagTipoTransaccionProducto,Catalogos Generales,Actualizar (UPDATE),6,2017-02-23 18:43:05.080000,2017-02-23 18:43:05.080000
SpActualizagUnidadMedida,Catalogos Generales,Actualizar (UPDATE),6,2015-02-12 15:48:20.397000,2015-02-12 15:48:20.397000
SpActualizaiBodega,Inventario / Items / Bodega,Actualizar (UPDATE),14,2015-02-12 15:48:20.400000,2015-02-12 15:48:20.400000
SpActualizaiDestino,Inventario / Items / Bodega,Actualizar (UPDATE),10,2015-02-12 15:48:20.407000,2015-02-12 15:48:20.407000
SpActualizaiGrupoImpuestoIR,Inventario / Items / Bodega,Actualizar (UPDATE),5,2014-12-04 15:06:15.840000,2014-12-04 15:06:15.840000
SpActualizaiItems,Inventario / Items / Bodega,Actualizar (UPDATE),12,2015-02-12 15:48:20.410000,2023-01-20 06:28:20.933000
SpActualizaiItemsCriterios,Inventario / Items / Bodega,Actualizar (UPDATE),6,2015-02-12 15:48:20.417000,2015-02-12 15:48:20.417000
SpActualizaiMayorItem,Inventario / Items / Bodega,Actualizar (UPDATE),7,2015-02-12 15:48:20.420000,2015-02-12 15:48:20.420000
SpActualizaiNivelDestino,Inventario / Items / Bodega,Actualizar (UPDATE),5,2015-02-12 15:48:20.423000,2015-02-12 15:48:20.423000
SpActualizaiPlanItem,Inventario / Items / Bodega,Actualizar (UPDATE),7,2015-02-12 15:48:20.427000,2015-02-12 15:48:20.427000
SpActualizaiTransaccion,Inventario / Items / Bodega,Actualizar (UPDATE),19,2015-02-12 15:48:20.430000,2015-02-12 15:48:20.430000
SpActualizalAnalisis,"Laboratorio (calidad, tanques)",Actualizar (UPDATE),12,2015-02-12 15:48:20.437000,2015-02-12 15:48:20.437000
SpActualizalAnlisisItem,"Laboratorio (calidad, tanques)",Actualizar (UPDATE),5,2014-12-06 12:52:14.347000,2014-12-06 12:52:14.347000
SpActualizalRegistroAnalisis,"Laboratorio (calidad, tanques)",Actualizar (UPDATE),8,2015-02-12 15:48:20.490000,2015-02-12 15:48:20.490000
SpActualizalRegistroAnalisisTanque,"Laboratorio (calidad, tanques)",Actualizar (UPDATE),6,2015-02-12 15:48:20.493000,2015-02-12 15:48:20.493000
SpActualizalRegistroBodega,"Laboratorio (calidad, tanques)",Actualizar (UPDATE),6,2015-02-12 15:48:20.497000,2015-02-12 15:48:20.497000
SpActualizalRegistroSellos,"Laboratorio (calidad, tanques)",Actualizar (UPDATE),7,2017-02-08 16:22:59.800000,2017-02-08 16:22:59.800000
SpActualizalRegistroTanque,"Laboratorio (calidad, tanques)",Actualizar (UPDATE),6,2014-12-15 15:04:49.577000,2014-12-15 15:04:49.577000
SpActualizalTanque,"Laboratorio (calidad, tanques)",Actualizar (UPDATE),7,2015-02-12 15:48:20.500000,2015-02-12 15:48:20.500000
SpActualizalogCarnetDespacho,Logistica de Despacho,Actualizar (UPDATE),4,2015-02-12 15:48:20.443000,2015-02-12 15:48:20.443000
SpActualizalogDespacho,Logistica de Despacho,Actualizar (UPDATE),19,2015-02-12 15:48:20.447000,2015-02-12 15:48:20.447000
SpActualizalogProgramacionGeneral,Logistica de Despacho,Actualizar (UPDATE),10,2015-02-12 15:48:20.480000,2015-02-12 15:48:20.480000
SpActualizalogProgramacionVehiculo,Logistica de Despacho,Actualizar (UPDATE),24,2015-02-12 15:48:20.483000,2017-02-07 11:08:18.390000
SpActualizalogProgramacionVehiculoEstado,Logistica de Despacho,Actualizar (UPDATE),5,2014-12-10 10:48:30.097000,2014-12-10 10:48:30.097000
SpActualizanCantroTrabajo,Nomina,Actualizar (UPDATE),6,2015-04-14 16:43:11.133000,2015-04-14 16:46:05.253000
SpActualizanCargo,Nomina,Actualizar (UPDATE),9,2015-02-12 15:48:20.503000,2015-04-14 16:46:05.257000
SpActualizanCcostoNomina,Nomina,Actualizar (UPDATE),5,2015-01-21 15:06:57.963000,2015-01-21 15:06:57.963000
SpActualizanCentroTrabajo,Nomina,Actualizar (UPDATE),6,2015-04-14 16:43:11.140000,2015-04-21 18:29:31.017000
SpActualizanClaseContrato,Nomina,Actualizar (UPDATE),9,2015-04-14 16:43:11.140000,2015-08-11 16:01:58.740000
SpActualizanConcepto,Nomina,Actualizar (UPDATE),39,2015-04-14 16:43:11.140000,2017-07-10 14:21:44.720000
SpActualizanConceptoRango,Nomina,Actualizar (UPDATE),9,2015-04-14 16:43:11.143000,2015-04-23 17:23:09.670000
SpActualizanConceptos,Nomina,Actualizar (UPDATE),33,2015-04-14 16:43:11.143000,2015-04-14 16:46:05.263000
SpActualizanConceptosFijos,Nomina,Actualizar (UPDATE),29,2015-04-14 16:43:11.143000,2017-06-10 10:16:52.513000
SpActualizanCuadrilla,Nomina,Actualizar (UPDATE),7,2015-02-12 15:48:20.513000,2018-04-27 10:17:34.173000
SpActualizanDepartamento,Nomina,Actualizar (UPDATE),6,2015-02-12 15:48:20.520000,2015-04-14 16:46:05.270000
SpActualizanEmbargos,Nomina,Actualizar (UPDATE),38,2015-04-14 16:43:11.153000,2016-07-09 10:57:33.700000
SpActualizanEntidadAfc,Nomina,Actualizar (UPDATE),11,2015-02-12 15:48:20.523000,2015-02-12 15:48:20.523000
SpActualizanEntidadAfp,Nomina,Actualizar (UPDATE),11,2015-04-14 16:43:11.153000,2015-04-14 16:46:05.273000
SpActualizanEntidadArp,Nomina,Actualizar (UPDATE),12,2015-02-12 15:48:20.527000,2015-04-14 16:46:05.273000
SpActualizanEntidadCaja,Nomina,Actualizar (UPDATE),16,2015-02-12 15:48:20.530000,2015-04-14 16:46:05.277000
SpActualizanEntidadEps,Nomina,Actualizar (UPDATE),16,2015-02-12 15:48:20.537000,2015-04-14 16:46:05.277000
SpActualizanEntidadFondo,Nomina,Actualizar (UPDATE),13,2015-02-12 15:48:20.540000,2015-06-19 15:34:12.503000
SpActualizanEntidadFondoPension,Nomina,Actualizar (UPDATE),17,2015-02-12 15:48:20.543000,2015-04-14 16:46:05.280000
SpActualizanEntidadIcbf,Nomina,Actualizar (UPDATE),16,2015-02-12 15:48:20.550000,2015-04-14 16:46:05.280000
SpActualizanEntidadSena,Nomina,Actualizar (UPDATE),16,2015-02-12 15:48:20.553000,2015-04-14 16:46:05.280000
SpActualizanFuncionario,Nomina,Actualizar (UPDATE),22,2015-02-12 15:48:20.557000,2022-12-03 06:57:05.037000
SpActualizanGrupoConcepto,Nomina,Actualizar (UPDATE),6,2015-08-27 15:30:32.630000,2018-03-01 09:37:01.943000
SpActualizanIncapacidad,Nomina,Actualizar (UPDATE),22,2015-04-27 16:37:22.387000,2015-07-13 12:35:50.690000
SpActualizanLiquidacionPrimaDetalle,Nomina,Actualizar (UPDATE),20,2018-06-13 18:48:46.657000,2018-06-13 18:48:46.657000
SpActualizanMotivoRetiro,Nomina,Actualizar (UPDATE),8,2015-02-12 15:48:20.560000,2015-04-14 16:46:05.287000
SpActualizanNovedades,Nomina,Actualizar (UPDATE),15,2015-04-14 16:43:11.170000,2015-04-14 16:46:05.287000
SpActualizanPagosNomina,Nomina,Actualizar (UPDATE),18,2015-08-04 18:58:17.010000,2022-12-03 06:57:06.593000
SpActualizanParametroSeguridadSocial,Nomina,Actualizar (UPDATE),4,2015-09-14 14:31:41.870000,2015-09-14 14:40:35.733000
SpActualizanParametrosAno,Nomina,Actualizar (UPDATE),33,2015-02-12 15:48:20.567000,2015-04-14 16:46:05.290000
SpActualizanParametrosGeneral,Nomina,Actualizar (UPDATE),71,2015-04-14 16:43:11.173000,2018-03-03 08:12:17.357000
SpActualizanParametrosTipoCotizante,Nomina,Actualizar (UPDATE),11,2015-08-25 09:43:24.427000,2015-08-25 09:43:24.427000
SpActualizanPeriodo,Nomina,Actualizar (UPDATE),11,2015-02-12 15:48:20.570000,2015-04-14 16:46:05.293000
SpActualizanPeriodoDetalle,Nomina,Actualizar (UPDATE),16,2015-02-12 15:48:20.573000,2022-12-03 06:57:06.607000
SpActualizanPlanoBancoDetalle,Nomina,Actualizar (UPDATE),13,2015-07-31 13:24:09.620000,2018-06-28 11:34:20.670000
SpActualizanPrestamo,Nomina,Actualizar (UPDATE),26,2015-04-14 16:43:11.177000,2018-02-16 10:52:41.873000
SpActualizanProrroga,Nomina,Actualizar (UPDATE),16,2015-02-12 15:48:20.607000,2015-04-14 16:46:05.300000
SpActualizanSeguridadSocial,Nomina,Actualizar (UPDATE),44,2015-09-29 09:27:40.030000,2015-09-29 18:21:11.520000
SpActualizanSeguridadSocialPila,Nomina,Actualizar (UPDATE),105,2017-02-27 11:15:54.710000,2017-03-01 17:31:10.583000
SpActualizanSubTipoCotizante,Nomina,Actualizar (UPDATE),9,2015-08-11 17:12:02.683000,2015-08-11 17:12:02.683000
SpActualizanTipoConcepto,Nomina,Actualizar (UPDATE),5,2016-05-06 16:08:38.677000,2016-05-06 16:08:38.677000
SpActualizanTipoCotizante,Nomina,Actualizar (UPDATE),8,2015-02-12 15:48:20.610000,2015-08-11 17:01:34.290000
SpActualizanTipoIncapacidad,Nomina,Actualizar (UPDATE),13,2015-04-27 16:38:51.683000,2018-05-31 11:40:30.537000
SpActualizanTipoNomina,Nomina,Actualizar (UPDATE),9,2015-02-12 15:48:20.637000,2015-04-14 16:46:05.300000
SpActualizanTurno,Nomina,Actualizar (UPDATE),7,2015-06-01 09:50:39.050000,2015-06-01 09:50:39.050000
SpActualizanTurnoDepartamento,Nomina,Actualizar (UPDATE),5,2015-06-01 09:50:28.080000,2015-06-01 09:50:28.080000
SpActualizanVacaciones,Nomina,Actualizar (UPDATE),28,2015-07-27 19:31:24.493000,2015-07-27 19:31:24.493000
SpActualizanVacacionesDetalle,Nomina,Actualizar (UPDATE),17,2015-07-11 11:19:49.953000,2015-07-11 11:19:49.953000
SpActualizapCalibracionTanque,"Planta / Proceso de extraccion (fruta, pepa, tanques)",Actualizar (UPDATE),7,2015-02-12 15:48:20.667000,2015-02-12 15:48:20.667000
SpActualizapDensidad,"Planta / Proceso de extraccion (fruta, pepa, tanques)",Actualizar (UPDATE),6,2015-02-12 15:48:20.670000,2015-02-12 15:48:20.670000
SpActualizapFrutaEstimadaTmp,"Planta / Proceso de extraccion (fruta, pepa, tanques)",Actualizar (UPDATE),4,2015-02-12 15:48:20.677000,2015-02-12 15:48:20.677000
SpActualizapJerarquia,"Planta / Proceso de extraccion (fruta, pepa, tanques)",Actualizar (UPDATE),8,2015-05-10 10:39:47.753000,2015-05-10 10:58:02.593000
SpActualizapJerarquiaAnalisis,"Planta / Proceso de extraccion (fruta, pepa, tanques)",Actualizar (UPDATE),12,2015-05-10 10:39:47.753000,2015-05-12 10:28:07.483000
SpActualizapNivel,"Planta / Proceso de extraccion (fruta, pepa, tanques)",Actualizar (UPDATE),5,2015-05-10 10:39:47.753000,2015-05-10 10:40:27.137000
SpActualizapProductoMovimiento,"Planta / Proceso de extraccion (fruta, pepa, tanques)",Actualizar (UPDATE),15,2015-02-12 15:48:20.680000,2017-02-07 14:25:13.170000
SpActualizapTransaccion,"Planta / Proceso de extraccion (fruta, pepa, tanques)",Actualizar (UPDATE),14,2015-02-12 15:48:20.683000,2015-02-12 15:48:20.683000
SpActualizapTransaccionDetalle,"Planta / Proceso de extraccion (fruta, pepa, tanques)",Actualizar (UPDATE),9,2015-02-12 15:48:20.690000,2015-02-12 15:48:20.690000
SpActualizasEstados,Seguridad y Sistema,Actualizar (UPDATE),3,2015-02-12 15:48:20.690000,2015-02-12 15:48:20.690000
SpActualizasLogRegistros,Seguridad y Sistema,Actualizar (UPDATE),9,2015-02-12 15:48:20.700000,2015-02-12 15:48:20.700000
SpActualizasMenu,Seguridad y Sistema,Actualizar (UPDATE),6,2015-02-12 15:48:20.703000,2015-02-12 15:48:20.703000
SpActualizasMenus,Seguridad y Sistema,Actualizar (UPDATE),9,2020-09-02 04:24:58.707000,2020-09-02 04:24:58.707000
SpActualizasModulos,Seguridad y Sistema,Actualizar (UPDATE),10,2015-02-12 15:48:20.707000,2022-12-03 06:57:05.060000
SpActualizasOperaciones,Seguridad y Sistema,Actualizar (UPDATE),4,2015-02-12 15:48:20.710000,2015-02-12 15:48:20.710000
SpActualizasPerfilPermisos,Seguridad y Sistema,Actualizar (UPDATE),6,2015-02-12 15:48:20.717000,2022-12-03 06:57:07.033000
SpActualizasPerfiles,Seguridad y Sistema,Actualizar (UPDATE),4,2015-02-12 15:48:20.713000,2015-02-12 15:48:20.713000
SpActualizasReplicacion,Seguridad y Sistema,Actualizar (UPDATE),8,2015-02-12 15:48:20.720000,2015-02-12 15:48:20.720000
SpActualizasUsuarioPerfiles,Seguridad y Sistema,Actualizar (UPDATE),5,2015-02-12 15:48:20.727000,2015-06-17 15:49:13.930000
SpActualizasysEntidadMetodos,Metadatos de Sistema (motor dinamico),Actualizar (UPDATE),8,2015-02-12 15:48:20.740000,2015-02-12 15:48:20.740000
SpActualizausuarios,Otro / Utilitario,Actualizar (UPDATE),4,2015-03-31 09:52:02.993000,2015-03-31 09:52:02.993000
SpCreaProcedimientosDelete,"Planta / Proceso de extraccion (fruta, pepa, tanques)",Crear (INSERT),1,2014-10-24 14:34:26.320000,2014-10-24 14:38:50.670000
SpCreaProcedimientosGetInsert,"Planta / Proceso de extraccion (fruta, pepa, tanques)",Crear (INSERT),1,2014-10-24 14:35:30.313000,2014-10-24 14:36:21.107000
SpCreaProcedimientosGetKey,"Planta / Proceso de extraccion (fruta, pepa, tanques)",Crear (INSERT),1,2014-10-24 14:34:59.343000,2014-10-24 14:38:33.613000
SpCreaProcedimientosUpdate,"Planta / Proceso de extraccion (fruta, pepa, tanques)",Crear (INSERT),1,2014-10-24 14:34:47.940000,2014-10-24 14:38:40.333000
SpDeleteClienteClaseIR,Contabilidad,Eliminar (DELETE),4,2015-01-14 10:17:20.187000,2015-01-14 10:17:20.187000
SpDeleteProveedorCalseIR,"Planta / Proceso de extraccion (fruta, pepa, tanques)",Eliminar (DELETE),4,2015-01-14 10:16:05.560000,2015-01-14 10:16:05.560000
SpDeleteTmpLiquidacion,Temporales / Staging de procesos batch,Eliminar (DELETE),2,2015-06-27 08:47:14.953000,2015-06-27 08:47:14.953000
SpDeleteaCaracteristica,"Agro (Fincas, Lotes, Transacciones de campo)",Eliminar (DELETE),3,2016-04-28 10:26:40.720000,2016-04-28 10:27:28.173000
SpDeleteaFinca,"Agro (Fincas, Lotes, Transacciones de campo)",Eliminar (DELETE),3,2015-02-12 15:48:17.620000,2015-02-12 15:48:17.620000
SpDeleteaGrupoCaracteristica,"Agro (Fincas, Lotes, Transacciones de campo)",Eliminar (DELETE),3,2016-04-28 10:26:40.723000,2016-04-28 10:27:28.173000
SpDeleteaGrupoLabor,"Agro (Fincas, Lotes, Transacciones de campo)",Eliminar (DELETE),3,2014-11-06 14:44:32.027000,2014-11-06 14:44:32.027000
SpDeleteaGrupoNovedad,"Agro (Fincas, Lotes, Transacciones de campo)",Eliminar (DELETE),3,2015-02-12 15:48:17.623000,2015-02-12 15:48:17.623000
SpDeleteaLabor,"Agro (Fincas, Lotes, Transacciones de campo)",Eliminar (DELETE),3,2014-11-06 14:44:32.040000,2014-11-06 14:44:32.040000
SpDeleteaLaborLotePrecio,"Agro (Fincas, Lotes, Transacciones de campo)",Eliminar (DELETE),5,2014-11-06 14:44:32.053000,2014-11-06 14:44:32.053000
SpDeleteaLoteCanal,"Agro (Fincas, Lotes, Transacciones de campo)",Eliminar (DELETE),3,2014-11-24 08:59:51.330000,2015-02-12 15:48:20.770000
SpDeleteaLoteCcostoSigo,"Agro (Fincas, Lotes, Transacciones de campo)",Eliminar (DELETE),3,2015-11-20 19:30:01.187000,2015-11-20 19:30:01.187000
SpDeleteaLotePesosPeriodo,"Agro (Fincas, Lotes, Transacciones de campo)",Eliminar (DELETE),6,2015-02-12 15:48:17.630000,2015-02-12 15:48:17.630000
SpDeleteaLotePrecio,"Agro (Fincas, Lotes, Transacciones de campo)",Eliminar (DELETE),5,2014-11-04 10:40:04.353000,2014-11-04 10:40:04.353000
SpDeleteaLotes,"Agro (Fincas, Lotes, Transacciones de campo)",Eliminar (DELETE),3,2015-02-12 15:48:17.637000,2015-02-12 15:48:17.637000
SpDeleteaLotesCanal,"Agro (Fincas, Lotes, Transacciones de campo)",Eliminar (DELETE),3,2015-02-12 15:48:17.643000,2022-12-03 06:57:05.230000
SpDeleteaLotesDetalle,"Agro (Fincas, Lotes, Transacciones de campo)",Eliminar (DELETE),3,2015-02-12 15:48:17.647000,2022-12-03 06:57:05.260000
SpDeleteaNovedad,"Agro (Fincas, Lotes, Transacciones de campo)",Eliminar (DELETE),3,2015-02-12 15:48:17.657000,2015-02-12 15:48:17.657000
SpDeleteaNovedadFincaCcosto,"Agro (Fincas, Lotes, Transacciones de campo)",Eliminar (DELETE),4,2018-04-18 15:02:40.010000,2018-04-18 15:02:40.010000
SpDeleteaNovedadLotePrecio,"Agro (Fincas, Lotes, Transacciones de campo)",Eliminar (DELETE),3,2015-02-12 15:48:17.663000,2015-07-22 21:03:55.637000
SpDeleteaNovedadPrecio,"Agro (Fincas, Lotes, Transacciones de campo)",Eliminar (DELETE),7,2017-09-19 08:32:15.140000,2017-10-26 10:38:06.720000
SpDeleteaParametrosDescuento,"Agro (Fincas, Lotes, Transacciones de campo)",Eliminar (DELETE),6,2018-01-13 10:09:49.177000,2018-02-15 10:33:38.513000
SpDeleteaPeriodo,"Agro (Fincas, Lotes, Transacciones de campo)",Eliminar (DELETE),4,2015-02-12 15:48:17.670000,2015-02-12 15:48:17.670000
SpDeleteaSanidad,"Agro (Fincas, Lotes, Transacciones de campo)",Eliminar (DELETE),4,2015-02-12 15:48:17.693000,2016-04-28 10:27:28.177000
SpDeleteaSanidadDetalle,"Agro (Fincas, Lotes, Transacciones de campo)",Eliminar (DELETE),4,2015-02-12 15:48:17.703000,2016-04-28 10:27:28.177000
SpDeleteaSecciones,"Agro (Fincas, Lotes, Transacciones de campo)",Eliminar (DELETE),4,2015-02-12 15:48:17.707000,2015-02-12 15:48:17.707000
SpDeleteaTipoCanal,"Agro (Fincas, Lotes, Transacciones de campo)",Eliminar (DELETE),3,2015-02-12 15:48:17.710000,2015-02-12 15:48:17.710000
SpDeleteaTipoNovedad,"Agro (Fincas, Lotes, Transacciones de campo)",Eliminar (DELETE),4,2015-02-12 15:48:17.717000,2015-02-12 15:48:17.717000
SpDeleteaTransaccion,"Agro (Fincas, Lotes, Transacciones de campo)",Eliminar (DELETE),4,2015-02-12 15:48:17.723000,2015-02-12 15:48:17.723000
SpDeleteaTransaccionBascula,"Agro (Fincas, Lotes, Transacciones de campo)",Eliminar (DELETE),4,2015-02-12 15:48:17.730000,2015-06-01 17:55:39.060000
SpDeleteaTransaccionItem,"Agro (Fincas, Lotes, Transacciones de campo)",Eliminar (DELETE),4,2017-01-23 18:08:35.310000,2017-01-23 18:08:35.310000
SpDeleteaTransaccionLote,"Agro (Fincas, Lotes, Transacciones de campo)",Eliminar (DELETE),5,2014-11-26 08:09:32.783000,2014-11-26 08:09:32.783000
SpDeleteaTransaccionNovedad,"Agro (Fincas, Lotes, Transacciones de campo)",Eliminar (DELETE),4,2015-02-12 15:48:17.740000,2015-05-30 13:57:53.167000
SpDeleteaTransaccionTercero,"Agro (Fincas, Lotes, Transacciones de campo)",Eliminar (DELETE),4,2015-02-12 15:48:17.747000,2022-12-03 06:57:05.327000
SpDeleteaTransaccionTerceroPepa,"Agro (Fincas, Lotes, Transacciones de campo)",Eliminar (DELETE),4,2018-03-05 17:11:14.033000,2018-03-05 17:11:14.033000
SpDeleteaVariedad,"Agro (Fincas, Lotes, Transacciones de campo)",Eliminar (DELETE),3,2015-02-12 15:48:17.750000,2015-02-12 15:48:17.750000
SpDeleteatransaccionPepa,"Agro (Fincas, Lotes, Transacciones de campo)",Eliminar (DELETE),4,2018-03-05 17:10:40.287000,2018-03-05 17:10:40.287000
SpDeletebProcedencia,Bascula y Transporte,Eliminar (DELETE),3,2015-02-12 15:48:17.757000,2015-02-12 15:48:17.757000
SpDeletebProcedenciaCorreos,Bascula y Transporte,Eliminar (DELETE),4,2015-02-12 15:48:17.760000,2015-02-12 15:48:17.760000
SpDeletebRegistroBascula,Bascula y Transporte,Eliminar (DELETE),4,2015-02-12 15:48:17.770000,2015-02-12 15:48:17.770000
SpDeletebRegistroPorteria,Bascula y Transporte,Eliminar (DELETE),4,2015-02-12 15:48:17.780000,2015-02-12 15:48:17.780000
SpDeletebRemision,Bascula y Transporte,Eliminar (DELETE),3,2015-02-12 15:48:17.783000,2015-02-12 15:48:17.783000
SpDeletebTipoVehiculo,Bascula y Transporte,Eliminar (DELETE),3,2015-02-12 15:48:17.790000,2015-02-12 15:48:17.790000
SpDeletebVehiculo,Bascula y Transporte,Eliminar (DELETE),4,2015-02-12 15:48:17.793000,2015-02-12 15:48:17.793000
SpDeletecCentrosCosto,Contabilidad,Eliminar (DELETE),3,2015-02-12 15:48:17.800000,2015-02-12 15:48:17.800000
SpDeletecCentrosCostoSigo,Contabilidad,Eliminar (DELETE),3,2015-08-05 14:45:37.830000,2016-05-03 18:18:52.013000
SpDeletecClaseIR,Contabilidad,Eliminar (DELETE),3,2015-02-12 15:48:17.803000,2015-02-12 15:48:17.803000
SpDeletecClaseParametroContaNomi,Contabilidad,Eliminar (DELETE),3,2015-08-06 14:48:15.067000,2015-08-06 14:48:15.067000
SpDeletecConceptoIR,Contabilidad,Eliminar (DELETE),3,2015-02-12 15:48:17.840000,2015-02-12 15:48:17.840000
SpDeletecContacto,Contabilidad,Eliminar (DELETE),4,2014-10-29 14:26:04.943000,2014-10-29 14:26:04.943000
SpDeletecEstructuraCCosto,Contabilidad,Eliminar (DELETE),3,2015-02-12 15:48:17.843000,2015-02-12 15:48:17.843000
SpDeletecGrupoCCosto,Contabilidad,Eliminar (DELETE),3,2015-02-12 15:48:17.850000,2015-02-12 15:48:17.850000
SpDeletecGrupoConceptoIR,Contabilidad,Eliminar (DELETE),4,2015-02-12 15:48:17.853000,2015-02-12 15:48:17.853000
SpDeletecGrupoIR,Contabilidad,Eliminar (DELETE),3,2015-02-12 15:48:17.860000,2015-02-12 15:48:17.860000
SpDeletecParametroContaNomi,Contabilidad,Eliminar (DELETE),3,2015-08-06 14:48:15.067000,2018-04-13 17:23:31.247000
SpDeletecPeriodo,Contabilidad,Eliminar (DELETE),4,2015-02-12 15:48:17.863000,2015-02-12 15:48:17.863000
SpDeletecPuc,Contabilidad,Eliminar (DELETE),3,2015-02-12 15:48:17.870000,2015-02-12 15:48:17.870000
SpDeletecTercero,Contabilidad,Eliminar (DELETE),3,2015-02-12 15:48:17.880000,2015-12-07 12:12:02.253000
SpDeletecxcCliente,Cuentas por Cobrar,Eliminar (DELETE),4,2015-02-12 15:48:17.883000,2015-02-12 15:48:17.883000
SpDeletecxcClienteClaseIR,Cuentas por Cobrar,Eliminar (DELETE),5,2015-02-12 15:48:17.890000,2015-02-12 15:48:17.890000
SpDeletecxpClaseProveedor,Cuentas por Pagar,Eliminar (DELETE),3,2015-02-12 15:48:17.893000,2015-02-12 15:48:17.893000
SpDeletecxpProveedor,Cuentas por Pagar,Eliminar (DELETE),4,2015-02-12 15:48:17.900000,2015-02-12 15:48:17.900000
SpDeletecxpProveedorBanco,Cuentas por Pagar,Eliminar (DELETE),4,2015-02-12 15:48:17.907000,2015-02-12 15:48:17.907000
SpDeletecxpProveedorCalseIR,Cuentas por Pagar,Eliminar (DELETE),5,2015-02-12 15:48:17.910000,2015-02-12 15:48:17.910000
SpDeletefMercado,Mercado,Eliminar (DELETE),3,2015-02-12 15:48:17.917000,2015-02-12 15:48:17.917000
SpDeletefTipoMercado,Mercado,Eliminar (DELETE),3,2015-02-12 15:48:17.920000,2015-02-12 15:48:17.920000
SpDeletegBanco,Catalogos Generales,Eliminar (DELETE),3,2015-02-12 15:48:17.927000,2015-02-12 15:48:17.927000
SpDeletegCiudad,Catalogos Generales,Eliminar (DELETE),3,2015-02-12 15:48:17.930000,2015-02-12 15:48:17.930000
SpDeletegClaseCuenta,Catalogos Generales,Eliminar (DELETE),3,2015-08-06 10:36:08.730000,2015-08-06 10:36:08.730000
SpDeletegCodigoNacionalOcupacion,Catalogos Generales,Eliminar (DELETE),3,2015-02-12 15:48:17.937000,2015-02-12 15:48:17.937000
SpDeletegConfigParametrosGenerales,Catalogos Generales,Eliminar (DELETE),3,2018-06-06 12:29:59.090000,2018-06-06 12:29:59.090000
SpDeletegDepartamento,Catalogos Generales,Eliminar (DELETE),3,2017-02-27 11:14:57.417000,2017-02-27 11:14:57.417000
SpDeletegDiagnostico,Catalogos Generales,Eliminar (DELETE),3,2015-04-27 17:06:00.413000,2015-04-27 17:06:00.413000
SpDeletegEmpresa,Catalogos Generales,Eliminar (DELETE),2,2015-02-12 15:48:17.940000,2015-02-12 15:48:17.940000
SpDeletegEntidadNacional,Catalogos Generales,Eliminar (DELETE),3,2015-02-12 15:48:17.943000,2015-02-12 15:48:17.943000
SpDeletegFormaPago,Catalogos Generales,Eliminar (DELETE),3,2015-02-12 15:48:17.950000,2015-08-04 18:46:12.503000
SpDeletegFoto,Catalogos Generales,Eliminar (DELETE),2,2015-02-12 15:48:17.953000,2015-02-12 15:48:17.953000
SpDeletegNivelEducativo,Catalogos Generales,Eliminar (DELETE),3,2015-02-12 15:48:17.957000,2015-02-12 15:48:17.957000
SpDeletegPais,Catalogos Generales,Eliminar (DELETE),3,2015-02-12 15:48:17.963000,2015-02-12 15:48:17.963000
SpDeletegParametros,Catalogos Generales,Eliminar (DELETE),3,2015-02-12 15:48:17.967000,2015-02-12 15:48:17.967000
SpDeletegParametrosGenerales,Catalogos Generales,Eliminar (DELETE),2,2017-02-07 09:34:07.850000,2017-02-07 09:34:07.850000
SpDeletegRegimenTributario,Catalogos Generales,Eliminar (DELETE),3,2015-02-12 15:48:17.970000,2015-02-12 15:48:17.970000
SpDeletegRh,Catalogos Generales,Eliminar (DELETE),3,2015-02-12 15:48:17.977000,2015-02-12 15:48:17.977000
SpDeletegTipoCuenta,Catalogos Generales,Eliminar (DELETE),3,2015-02-12 15:48:17.980000,2015-02-12 15:48:17.980000
SpDeletegTipoCuentaBancaria,Catalogos Generales,Eliminar (DELETE),3,2015-02-12 15:48:17.987000,2015-02-12 15:48:17.987000
SpDeletegTipoDocumento,Catalogos Generales,Eliminar (DELETE),3,2015-02-12 15:48:17.990000,2015-02-12 15:48:17.990000
SpDeletegTipoEmbargo,Catalogos Generales,Eliminar (DELETE),3,2015-04-23 11:31:42.903000,2015-04-23 11:31:42.903000
SpDeletegTipoLiquidacion,Catalogos Generales,Eliminar (DELETE),3,2015-04-21 17:45:08.883000,2015-04-21 17:45:08.883000
SpDeletegTipoTransaccion,Catalogos Generales,Eliminar (DELETE),3,2015-02-12 15:48:17.997000,2022-12-03 06:57:06.067000
SpDeletegTipoTransaccionCampo,Catalogos Generales,Eliminar (DELETE),5,2015-02-12 15:48:18.003000,2015-02-12 15:48:18.003000
SpDeletegTipoTransaccionConfig,Catalogos Generales,Eliminar (DELETE),3,2015-02-12 15:48:18.010000,2015-02-12 15:48:18.010000
SpDeletegTipoTransaccionDias,Catalogos Generales,Eliminar (DELETE),3,2015-02-12 15:48:18.017000,2015-02-12 15:48:18.017000
SpDeletegTipoTransaccionProducto,Catalogos Generales,Eliminar (DELETE),4,2015-02-12 15:48:18.020000,2015-02-12 15:48:18.020000
SpDeletegUnidadMedida,Catalogos Generales,Eliminar (DELETE),3,2015-02-12 15:48:18.027000,2015-02-12 15:48:18.027000
SpDeleteiBodega,Inventario / Items / Bodega,Eliminar (DELETE),3,2015-02-12 15:48:18.033000,2015-02-12 15:48:18.033000
SpDeleteiBodegaTipoTransaccion,Inventario / Items / Bodega,Eliminar (DELETE),4,2015-02-12 15:48:18.037000,2015-02-12 15:48:18.037000
SpDeleteiDestino,Inventario / Items / Bodega,Eliminar (DELETE),4,2015-02-12 15:48:18.027000,2015-02-12 15:48:18.027000
SpDeleteiGrupoImpuestoIR,Inventario / Items / Bodega,Eliminar (DELETE),3,2014-12-04 15:06:09.253000,2014-12-04 15:06:09.253000
SpDeleteiItems,Inventario / Items / Bodega,Eliminar (DELETE),3,2015-02-12 15:48:18.037000,2015-02-12 15:48:18.037000
SpDeleteiItemsBodega,Inventario / Items / Bodega,Eliminar (DELETE),3,2017-02-07 14:05:52.483000,2017-02-07 14:05:52.483000
SpDeleteiItemsCriterios,Inventario / Items / Bodega,Eliminar (DELETE),3,2015-02-12 15:48:18.040000,2015-02-12 15:48:20.750000
SpDeleteiMayorItem,Inventario / Items / Bodega,Eliminar (DELETE),3,2015-02-12 15:48:18.047000,2015-02-12 15:48:18.047000
SpDeleteiNivelDestino,Inventario / Items / Bodega,Eliminar (DELETE),3,2015-02-12 15:48:18.050000,2015-02-12 15:48:18.050000
SpDeleteiPlanItem,Inventario / Items / Bodega,Eliminar (DELETE),3,2015-02-12 15:48:18.057000,2015-02-12 15:48:18.057000
SpDeleteiTransaccion,Inventario / Items / Bodega,Eliminar (DELETE),4,2015-02-12 15:48:18.063000,2015-02-12 15:48:18.063000
SpDeletelAnalisis,"Laboratorio (calidad, tanques)",Eliminar (DELETE),3,2015-02-12 15:48:18.070000,2015-02-12 15:48:18.070000
SpDeletelAnalisisItem,"Laboratorio (calidad, tanques)",Eliminar (DELETE),4,2015-02-12 15:48:18.073000,2015-02-12 15:48:18.073000
SpDeletelAnalisisTanque,"Laboratorio (calidad, tanques)",Eliminar (DELETE),4,2014-12-15 16:54:07.823000,2014-12-15 16:54:07.823000
SpDeletelAnlisisItem,"Laboratorio (calidad, tanques)",Eliminar (DELETE),4,2014-12-06 12:52:05.763000,2014-12-06 12:52:05.763000
SpDeletelRegistroAnalisis,"Laboratorio (calidad, tanques)",Eliminar (DELETE),5,2015-02-12 15:48:18.103000,2015-02-12 15:48:18.103000
SpDeletelRegistroAnalisisTanque,"Laboratorio (calidad, tanques)",Eliminar (DELETE),5,2015-02-12 15:48:18.110000,2015-02-12 15:48:18.110000
SpDeletelRegistroBodega,"Laboratorio (calidad, tanques)",Eliminar (DELETE),5,2015-02-12 15:48:18.113000,2015-02-12 15:48:18.113000
SpDeletelRegistroSellos,"Laboratorio (calidad, tanques)",Eliminar (DELETE),6,2017-02-08 16:22:48.277000,2017-02-08 16:22:48.277000
SpDeletelRegistroTanque,"Laboratorio (calidad, tanques)",Eliminar (DELETE),5,2014-12-15 15:04:45.300000,2014-12-15 15:04:45.300000
SpDeletelTanque,"Laboratorio (calidad, tanques)",Eliminar (DELETE),3,2015-02-12 15:48:18.120000,2015-02-12 15:48:18.120000
SpDeletelogCarnetDespacho,Logistica de Despacho,Eliminar (DELETE),3,2015-02-12 15:48:18.077000,2015-02-12 15:48:18.077000
SpDeletelogDespacho,Logistica de Despacho,Eliminar (DELETE),4,2015-02-12 15:48:18.083000,2015-02-12 15:48:18.083000
SpDeletelogProgramacionGeneral,Logistica de Despacho,Eliminar (DELETE),3,2015-02-12 15:48:18.090000,2015-02-12 15:48:18.090000
SpDeletelogProgramacionVehiculo,Logistica de Despacho,Eliminar (DELETE),4,2015-02-12 15:48:18.100000,2015-02-12 15:48:18.100000
SpDeletelogProgramacionVehiculoEstado,Logistica de Despacho,Eliminar (DELETE),3,2014-12-10 10:48:26.117000,2014-12-10 10:48:26.117000
SpDeletenCantroTrabajo,Nomina,Eliminar (DELETE),3,2015-04-14 16:43:11.180000,2015-04-14 16:46:05.300000
SpDeletenCargo,Nomina,Eliminar (DELETE),3,2015-02-12 15:48:18.123000,2015-04-14 16:46:05.300000
SpDeletenCcostoNomina,Nomina,Eliminar (DELETE),3,2015-01-21 15:06:47.040000,2015-04-14 16:46:05.303000
SpDeletenCentroTrabajo,Nomina,Eliminar (DELETE),3,2015-04-14 16:43:11.183000,2015-04-14 16:46:05.303000
SpDeletenClaseContrato,Nomina,Eliminar (DELETE),3,2015-04-14 16:43:11.183000,2015-04-14 16:46:05.303000
SpDeletenConcepto,Nomina,Eliminar (DELETE),3,2015-04-14 16:43:11.183000,2017-07-10 14:21:44.933000
SpDeletenConceptoRango,Nomina,Eliminar (DELETE),4,2015-04-14 16:43:11.187000,2015-04-14 16:46:05.307000
SpDeletenConceptoRangoTodo,Nomina,Eliminar (DELETE),3,2015-04-14 16:43:11.187000,2015-04-14 16:46:05.307000
SpDeletenConceptos,Nomina,Eliminar (DELETE),2,2015-04-14 16:43:11.187000,2015-04-14 16:46:05.307000
SpDeletenConceptosFijos,Nomina,Eliminar (DELETE),6,2015-04-14 16:43:11.187000,2015-04-24 17:00:17.440000
SpDeletenConceptosFijosDetalle,Nomina,Eliminar (DELETE),7,2015-04-14 16:43:11.190000,2015-04-24 17:00:05.043000
SpDeletenContratos,Nomina,Eliminar (DELETE),6,2015-04-14 16:43:11.190000,2016-03-10 16:20:00.337000
SpDeletenCuadrilla,Nomina,Eliminar (DELETE),3,2015-02-12 15:48:18.143000,2015-04-14 16:46:05.310000
SpDeletenCuadrillaFuncionario,Nomina,Eliminar (DELETE),4,2015-02-12 15:48:18.147000,2015-04-14 16:46:05.310000
SpDeletenDepartamento,Nomina,Eliminar (DELETE),3,2015-02-12 15:48:18.153000,2015-04-14 16:46:05.313000
SpDeletenDiasHabilesCc,Nomina,Eliminar (DELETE),3,2015-05-09 10:32:45.947000,2015-05-09 10:32:45.947000
SpDeletenEmbargos,Nomina,Eliminar (DELETE),5,2015-04-14 16:43:11.193000,2015-04-14 16:46:05.313000
SpDeletenEntidadAfc,Nomina,Eliminar (DELETE),3,2015-02-12 15:48:18.157000,2015-04-14 16:46:05.313000
SpDeletenEntidadAfp,Nomina,Eliminar (DELETE),3,2015-04-14 16:43:11.193000,2015-04-14 16:46:05.317000
SpDeletenEntidadArp,Nomina,Eliminar (DELETE),3,2015-02-12 15:48:18.163000,2015-04-14 16:46:05.317000
SpDeletenEntidadCaja,Nomina,Eliminar (DELETE),3,2015-02-12 15:48:18.170000,2015-04-14 16:46:05.317000
SpDeletenEntidadEps,Nomina,Eliminar (DELETE),3,2015-02-12 15:48:18.177000,2015-04-14 16:46:05.317000
SpDeletenEntidadFondo,Nomina,Eliminar (DELETE),3,2015-02-12 15:48:18.183000,2015-04-14 16:46:05.320000
SpDeletenEntidadFondoPension,Nomina,Eliminar (DELETE),3,2015-02-12 15:48:18.190000,2015-04-14 16:46:05.320000
SpDeletenEntidadIcbf,Nomina,Eliminar (DELETE),3,2015-02-12 15:48:18.197000,2015-04-14 16:46:05.320000
SpDeletenEntidadSena,Nomina,Eliminar (DELETE),3,2015-02-12 15:48:18.200000,2015-04-14 16:46:05.320000
SpDeletenFestivo,Nomina,Eliminar (DELETE),3,2015-04-30 13:48:47.197000,2015-04-30 13:48:47.197000
SpDeletenFuncionario,Nomina,Eliminar (DELETE),3,2015-02-12 15:48:18.210000,2022-12-03 06:57:06.227000
SpDeletenGrupoConcepto,Nomina,Eliminar (DELETE),3,2015-08-27 15:30:14.863000,2018-03-01 09:37:09.340000
SpDeletenGrupoConceptoDetalle,Nomina,Eliminar (DELETE),4,2015-08-27 15:29:36.800000,2018-03-01 09:37:15.913000
SpDeletenIncapacidad,Nomina,Eliminar (DELETE),5,2015-04-27 16:37:07.073000,2015-07-13 12:42:29.690000
SpDeletenLiquidacionNominaDetalle,Nomina,Eliminar (DELETE),7,2015-04-14 16:43:11.203000,2015-04-14 16:46:05.323000
SpDeletenLiquidacionPrimaDetalle,Nomina,Eliminar (DELETE),4,2018-06-13 18:49:04.913000,2018-06-14 08:07:36.667000
SpDeletenModoCampo,Nomina,Eliminar (DELETE),5,2015-04-14 16:43:11.203000,2015-04-14 16:46:05.323000
SpDeletenMotivoRetiro,Nomina,Eliminar (DELETE),3,2015-02-12 15:48:18.213000,2015-04-14 16:46:05.327000
SpDeletenNovedades,Nomina,Eliminar (DELETE),4,2015-04-14 16:43:11.207000,2015-04-14 16:46:05.327000
SpDeletenNovedadesDetalle,Nomina,Eliminar (DELETE),4,2015-04-14 16:43:11.207000,2015-04-14 16:46:05.327000
SpDeletenPagosNomina,Nomina,Eliminar (DELETE),5,2015-08-04 18:58:04.210000,2015-08-04 18:58:04.210000
SpDeletenParametroSeguridadSocial,Nomina,Eliminar (DELETE),3,2015-09-14 14:31:41.867000,2015-09-14 14:40:35.727000
SpDeletenParametroSeguridadSocialDetalle,Nomina,Eliminar (DELETE),4,2015-09-14 14:31:41.870000,2015-09-14 14:40:35.727000
SpDeletenParametrosAno,Nomina,Eliminar (DELETE),3,2015-02-12 15:48:18.220000,2015-04-14 16:46:05.330000
SpDeletenParametrosGeneral,Nomina,Eliminar (DELETE),2,2015-04-14 16:43:11.207000,2015-04-14 16:46:05.330000
SpDeletenParametrosTipoCotizante,Nomina,Eliminar (DELETE),4,2015-08-25 09:43:24.430000,2015-08-25 09:43:24.430000
SpDeletenPeriodo,Nomina,Eliminar (DELETE),3,2015-02-12 15:48:18.227000,2015-04-14 16:46:05.330000
SpDeletenPeriodoDetalle,Nomina,Eliminar (DELETE),5,2015-02-12 15:48:18.233000,2022-12-03 06:57:06.613000
SpDeletenPeriodoDetalleAño,Nomina,Eliminar (DELETE),3,2015-04-14 16:43:11.210000,2022-12-03 06:57:06.620000
SpDeletenPlanoBanco,Nomina,Eliminar (DELETE),4,2015-07-31 13:22:58.963000,2018-06-27 16:13:53.440000
SpDeletenPlanoBancoDetalle,Nomina,Eliminar (DELETE),4,2015-07-31 13:22:48.787000,2018-06-27 16:14:28.503000
SpDeletenPrestamo,Nomina,Eliminar (DELETE),3,2015-04-14 16:43:11.210000,2018-04-06 09:28:15.450000
SpDeletenProgramacion,Nomina,Eliminar (DELETE),5,2015-09-09 08:46:25.017000,2015-09-09 08:46:25.017000
SpDeletenProrroga,Nomina,Eliminar (DELETE),6,2015-02-12 15:48:18.240000,2015-04-24 19:08:22.720000
SpDeletenSeguridadSocial,Nomina,Eliminar (DELETE),5,2015-09-29 09:27:40.030000,2015-09-29 09:27:40.030000
SpDeletenSeguridadSocialPila,Nomina,Eliminar (DELETE),5,2017-02-27 11:14:57.387000,2017-02-27 11:14:57.387000
SpDeletenSubTipoCotizante,Nomina,Eliminar (DELETE),3,2015-08-11 17:12:35.017000,2015-08-11 17:12:35.017000
SpDeletenTipoConcepto,Nomina,Eliminar (DELETE),3,2016-05-06 16:08:38.677000,2016-05-06 16:08:38.677000
SpDeletenTipoConceptoDetalle,Nomina,Eliminar (DELETE),4,2016-05-06 16:08:38.670000,2016-05-06 16:08:38.670000
SpDeletenTipoCotizante,Nomina,Eliminar (DELETE),3,2015-02-12 15:48:18.243000,2015-04-14 16:46:05.333000
SpDeletenTipoIncapacidad,Nomina,Eliminar (DELETE),3,2015-04-27 16:38:39.070000,2015-04-27 16:38:39.070000
SpDeletenTipoNomina,Nomina,Eliminar (DELETE),3,2015-02-12 15:48:18.277000,2015-04-14 16:46:05.333000
SpDeletenTurno,Nomina,Eliminar (DELETE),3,2015-06-01 09:50:12.217000,2015-06-01 09:50:12.217000
SpDeletenTurnoDepartamento,Nomina,Eliminar (DELETE),3,2015-06-01 09:49:59.650000,2015-06-01 09:49:59.650000
SpDeletenVacaciones,Nomina,Eliminar (DELETE),6,2015-07-11 11:19:33.030000,2015-07-11 11:19:33.030000
SpDeletenVacacionesDetalle,Nomina,Eliminar (DELETE),6,2015-07-11 11:19:14.090000,2015-07-11 11:19:14.090000
SpDeletepCalibracionTanque,"Planta / Proceso de extraccion (fruta, pepa, tanques)",Eliminar (DELETE),5,2015-02-12 15:48:18.283000,2015-02-12 15:48:18.283000
SpDeletepDensidad,"Planta / Proceso de extraccion (fruta, pepa, tanques)",Eliminar (DELETE),4,2015-02-12 15:48:18.290000,2015-02-12 15:48:18.290000
SpDeletepFrutaEstimadaTmp,"Planta / Proceso de extraccion (fruta, pepa, tanques)",Eliminar (DELETE),3,2015-02-12 15:48:18.293000,2015-02-12 15:48:18.293000
SpDeletepJerarquia,"Planta / Proceso de extraccion (fruta, pepa, tanques)",Eliminar (DELETE),3,2015-05-10 10:39:47.757000,2015-05-10 10:39:47.757000
SpDeletepJerarquiaAnalisis,"Planta / Proceso de extraccion (fruta, pepa, tanques)",Eliminar (DELETE),4,2015-05-10 10:39:47.760000,2015-05-12 10:27:58.127000
SpDeletepNivel,"Planta / Proceso de extraccion (fruta, pepa, tanques)",Eliminar (DELETE),3,2015-05-10 10:39:47.760000,2015-05-10 10:39:47.760000
SpDeletepProductoMovimiento,"Planta / Proceso de extraccion (fruta, pepa, tanques)",Eliminar (DELETE),4,2015-02-12 15:48:18.300000,2017-02-07 14:24:57.890000
SpDeletepTransaccion,"Planta / Proceso de extraccion (fruta, pepa, tanques)",Eliminar (DELETE),4,2015-02-12 15:48:18.307000,2015-02-12 15:48:18.307000
SpDeletepTransaccionDetalle,"Planta / Proceso de extraccion (fruta, pepa, tanques)",Eliminar (DELETE),4,2015-02-12 15:48:18.310000,2015-02-12 15:48:20.757000
SpDeletesEstados,Seguridad y Sistema,Eliminar (DELETE),2,2015-02-12 15:48:18.317000,2015-02-12 15:48:18.317000
SpDeletesLogCorreos,Seguridad y Sistema,Eliminar (DELETE),2,2015-02-12 15:48:18.320000,2015-02-12 15:48:18.320000
SpDeletesLogRegistros,Seguridad y Sistema,Eliminar (DELETE),4,2015-02-12 15:48:18.327000,2015-02-12 15:48:18.327000
SpDeletesMenu,Seguridad y Sistema,Eliminar (DELETE),3,2015-02-12 15:48:18.330000,2015-02-12 15:48:18.330000
SpDeletesMenus,Seguridad y Sistema,Eliminar (DELETE),2,2020-09-02 04:24:58.690000,2020-09-02 04:24:58.690000
SpDeletesMenusOperaciones,Seguridad y Sistema,Eliminar (DELETE),2,2020-09-02 04:24:58.723000,2020-09-02 04:24:58.723000
SpDeletesModulos,Seguridad y Sistema,Eliminar (DELETE),2,2015-02-12 15:48:18.333000,2022-12-03 06:57:05.063000
SpDeletesOperaciones,Seguridad y Sistema,Eliminar (DELETE),2,2015-02-12 15:48:18.340000,2015-02-12 15:48:18.340000
SpDeletesPerfilPermisos,Seguridad y Sistema,Eliminar (DELETE),3,2015-02-12 15:48:18.350000,2022-12-03 06:57:05.073000
SpDeletesPerfiles,Seguridad y Sistema,Eliminar (DELETE),2,2015-02-12 15:48:18.343000,2022-12-03 06:57:05.117000
SpDeletesReplicacion,Seguridad y Sistema,Eliminar (DELETE),2,2015-02-12 15:48:18.353000,2015-02-12 15:48:18.353000
SpDeletesUsuarioEmpresa,Seguridad y Sistema,Eliminar (DELETE),3,2014-10-31 14:39:59.250000,2014-10-31 14:39:59.250000
SpDeletesUsuarioPerfiles,Seguridad y Sistema,Eliminar (DELETE),3,2015-02-12 15:48:18.360000,2015-06-17 15:49:29.480000
SpDeletesUsuarios,Seguridad y Sistema,Eliminar (DELETE),2,2015-02-12 15:48:18.363000,2015-02-12 15:48:18.363000
SpDeletesysEntidadCampo,Metadatos de Sistema (motor dinamico),Eliminar (DELETE),3,2015-02-12 15:48:18.373000,2015-02-12 15:48:18.373000
SpDeletesysEntidadMetodos,Metadatos de Sistema (motor dinamico),Eliminar (DELETE),3,2015-02-12 15:48:18.377000,2015-02-12 15:48:18.377000
SpEliminalAnalisisItem,"Laboratorio (calidad, tanques)",Eliminar (DELETE),3,2014-12-09 14:50:09.440000,2014-12-09 14:50:09.440000
SpGetDetalleTerceroActualizacionLiquidacion,Otro / Utilitario,Consultar (SELECT),2,2017-07-12 08:43:57.437000,2017-07-12 08:43:57.437000
SpGetaCaracteristica,"Agro (Fincas, Lotes, Transacciones de campo)",Consultar (SELECT),0,2016-04-28 10:26:40.727000,2016-04-28 10:27:28.177000
SpGetaCaracteristicakey,"Agro (Fincas, Lotes, Transacciones de campo)",Consultar por llave (SELECT 1 registro),2,2016-04-28 10:26:40.727000,2016-04-28 10:27:28.177000
SpGetaFinca,"Agro (Fincas, Lotes, Transacciones de campo)",Consultar (SELECT),0,2015-02-12 15:48:18.420000,2019-02-11 14:34:56.307000
SpGetaFincakey,"Agro (Fincas, Lotes, Transacciones de campo)",Consultar por llave (SELECT 1 registro),2,2015-02-12 15:48:19.313000,2015-02-12 15:48:19.313000
SpGetaGrupoCaracteristica,"Agro (Fincas, Lotes, Transacciones de campo)",Consultar (SELECT),0,2016-04-28 10:26:40.727000,2016-04-28 10:27:28.180000
SpGetaGrupoCaracteristicakey,"Agro (Fincas, Lotes, Transacciones de campo)",Consultar por llave (SELECT 1 registro),2,2016-04-28 10:26:40.727000,2016-04-28 10:27:28.180000
SpGetaGrupoLabor,"Agro (Fincas, Lotes, Transacciones de campo)",Consultar (SELECT),0,2014-11-06 14:44:33.430000,2016-08-20 09:30:41.583000
SpGetaGrupoLaborkey,"Agro (Fincas, Lotes, Transacciones de campo)",Consultar por llave (SELECT 1 registro),2,2014-11-06 14:44:36.997000,2014-11-06 14:44:36.997000
SpGetaGrupoNovedad,"Agro (Fincas, Lotes, Transacciones de campo)",Consultar (SELECT),0,2015-02-12 15:48:18.427000,2016-08-22 10:01:21.937000
SpGetaGrupoNovedadkey,"Agro (Fincas, Lotes, Transacciones de campo)",Consultar por llave (SELECT 1 registro),2,2015-02-12 15:48:19.320000,2015-02-12 15:48:19.320000
SpGetaLabor,"Agro (Fincas, Lotes, Transacciones de campo)",Consultar (SELECT),0,2014-11-06 14:44:33.497000,2014-11-06 14:44:33.497000
SpGetaLaborLotePrecio,"Agro (Fincas, Lotes, Transacciones de campo)",Consultar (SELECT),0,2014-11-06 14:44:33.563000,2014-11-06 14:44:33.563000
SpGetaLaborLotePreciokey,"Agro (Fincas, Lotes, Transacciones de campo)",Consultar por llave (SELECT 1 registro),4,2014-11-06 14:44:37.063000,2014-11-06 14:44:37.063000
SpGetaLaborkey,"Agro (Fincas, Lotes, Transacciones de campo)",Consultar por llave (SELECT 1 registro),2,2014-11-06 14:44:37.027000,2014-11-06 14:44:37.027000
SpGetaLoteCanal,"Agro (Fincas, Lotes, Transacciones de campo)",Consultar (SELECT),0,2014-11-24 08:59:52.267000,2014-11-24 08:59:52.267000
SpGetaLoteCanalkey,"Agro (Fincas, Lotes, Transacciones de campo)",Consultar por llave (SELECT 1 registro),3,2014-11-24 08:59:53.420000,2014-11-24 08:59:53.420000
SpGetaLoteCcostoSigo,"Agro (Fincas, Lotes, Transacciones de campo)",Consultar (SELECT),0,2015-11-20 19:29:42.923000,2015-11-20 19:29:42.923000
SpGetaLoteCcostoSigokey,"Agro (Fincas, Lotes, Transacciones de campo)",Consultar por llave (SELECT 1 registro),2,2015-11-20 19:29:23.767000,2015-11-20 19:29:23.767000
SpGetaLotePesosPeriodo,"Agro (Fincas, Lotes, Transacciones de campo)",Consultar (SELECT),0,2015-02-12 15:48:18.433000,2018-02-08 08:35:00.973000
SpGetaLotePesosPeriodokey,"Agro (Fincas, Lotes, Transacciones de campo)",Consultar por llave (SELECT 1 registro),5,2015-02-12 15:48:19.327000,2015-02-12 15:48:19.327000
SpGetaLotePrecio,"Agro (Fincas, Lotes, Transacciones de campo)",Consultar (SELECT),0,2014-11-04 10:40:05,2014-11-04 10:40:05
SpGetaLotePreciokey,"Agro (Fincas, Lotes, Transacciones de campo)",Consultar por llave (SELECT 1 registro),4,2014-11-04 10:40:06.670000,2014-11-04 10:40:06.670000
SpGetaLotes,"Agro (Fincas, Lotes, Transacciones de campo)",Consultar (SELECT),0,2015-02-12 15:48:18.440000,2018-02-22 12:25:03.437000
SpGetaLotesCanal,"Agro (Fincas, Lotes, Transacciones de campo)",Consultar (SELECT),0,2015-02-12 15:48:18.447000,2022-12-03 06:57:05.233000
SpGetaLotesCanalkey,"Agro (Fincas, Lotes, Transacciones de campo)",Consultar por llave (SELECT 1 registro),4,2015-02-12 15:48:19.337000,2022-12-03 06:57:05.240000
SpGetaLotesDetalle,"Agro (Fincas, Lotes, Transacciones de campo)",Consultar (SELECT),0,2015-02-12 15:48:18.453000,2022-12-03 06:57:05.263000
SpGetaLotesDetallekey,"Agro (Fincas, Lotes, Transacciones de campo)",Consultar por llave (SELECT 1 registro),3,2015-02-12 15:48:19.343000,2022-12-03 06:57:05.267000
SpGetaLoteskey,"Agro (Fincas, Lotes, Transacciones de campo)",Consultar por llave (SELECT 1 registro),3,2015-02-12 15:48:19.333000,2017-09-08 11:27:09.690000
SpGetaNovedad,"Agro (Fincas, Lotes, Transacciones de campo)",Consultar (SELECT),0,2015-02-12 15:48:18.460000,2022-12-03 12:24:09.087000
SpGetaNovedadFincaCcosto,"Agro (Fincas, Lotes, Transacciones de campo)",Consultar (SELECT),0,2018-04-18 15:02:20.810000,2018-04-18 15:02:20.810000
SpGetaNovedadFincaCcostokey,"Agro (Fincas, Lotes, Transacciones de campo)",Consultar por llave (SELECT 1 registro),3,2018-04-18 15:02:12.273000,2018-04-18 15:02:12.273000
SpGetaNovedadLotePrecio,"Agro (Fincas, Lotes, Transacciones de campo)",Consultar (SELECT),0,2015-02-12 15:48:18.467000,2015-02-12 15:48:18.467000
SpGetaNovedadLotePreciokey,"Agro (Fincas, Lotes, Transacciones de campo)",Consultar por llave (SELECT 1 registro),4,2015-02-12 15:48:19.360000,2015-02-12 15:48:19.360000
SpGetaNovedadPrecio,"Agro (Fincas, Lotes, Transacciones de campo)",Consultar (SELECT),0,2017-09-19 08:32:15.120000,2017-09-20 09:34:40.210000
SpGetaNovedadPreciokey,"Agro (Fincas, Lotes, Transacciones de campo)",Consultar por llave (SELECT 1 registro),5,2017-09-19 08:32:15.097000,2017-09-19 08:32:15.097000
SpGetaNovedadkey,"Agro (Fincas, Lotes, Transacciones de campo)",Consultar por llave (SELECT 1 registro),2,2015-02-12 15:48:19.353000,2015-02-12 15:48:19.353000
SpGetaParametrosDescuento,"Agro (Fincas, Lotes, Transacciones de campo)",Consultar (SELECT),0,2018-01-13 10:09:49.210000,2018-01-13 12:02:23.980000
SpGetaParametrosDescuentokey,"Agro (Fincas, Lotes, Transacciones de campo)",Consultar por llave (SELECT 1 registro),3,2018-01-13 10:09:49.233000,2018-01-13 10:09:49.233000
SpGetaPeriodo,"Agro (Fincas, Lotes, Transacciones de campo)",Consultar (SELECT),0,2015-02-12 15:48:18.473000,2015-02-12 15:48:18.473000
SpGetaPeriodokey,"Agro (Fincas, Lotes, Transacciones de campo)",Consultar por llave (SELECT 1 registro),3,2015-02-12 15:48:19.363000,2015-02-12 15:48:19.363000
SpGetaSanidad,"Agro (Fincas, Lotes, Transacciones de campo)",Consultar (SELECT),0,2015-02-12 15:48:18.480000,2016-04-28 10:27:28.180000
SpGetaSanidadDetalle,"Agro (Fincas, Lotes, Transacciones de campo)",Consultar (SELECT),0,2015-02-12 15:48:18.487000,2016-04-28 10:27:28.180000
SpGetaSanidadkey,"Agro (Fincas, Lotes, Transacciones de campo)",Consultar por llave (SELECT 1 registro),3,2015-02-12 15:48:19.370000,2016-04-28 10:27:28.183000
SpGetaSecciones,"Agro (Fincas, Lotes, Transacciones de campo)",Consultar (SELECT),0,2015-02-12 15:48:18.493000,2015-02-12 15:48:18.493000
SpGetaSeccioneskey,"Agro (Fincas, Lotes, Transacciones de campo)",Consultar por llave (SELECT 1 registro),3,2015-02-12 15:48:19.383000,2015-02-12 15:48:19.383000
SpGetaTipoCanal,"Agro (Fincas, Lotes, Transacciones de campo)",Consultar (SELECT),0,2015-02-12 15:48:18.500000,2015-02-12 15:48:18.500000
SpGetaTipoCanalkey,"Agro (Fincas, Lotes, Transacciones de campo)",Consultar por llave (SELECT 1 registro),2,2015-02-12 15:48:19.387000,2015-02-12 15:48:19.387000
SpGetaTipoNovedad,"Agro (Fincas, Lotes, Transacciones de campo)",Consultar (SELECT),0,2015-02-12 15:48:18.507000,2022-12-03 06:57:06.070000
SpGetaTipoNovedadkey,"Agro (Fincas, Lotes, Transacciones de campo)",Consultar por llave (SELECT 1 registro),3,2015-02-12 15:48:19.390000,2015-02-12 15:48:19.390000
SpGetaTransaccion,"Agro (Fincas, Lotes, Transacciones de campo)",Consultar (SELECT),0,2015-02-12 15:48:18.510000,2015-02-12 15:48:18.510000
SpGetaTransaccionBascula,"Agro (Fincas, Lotes, Transacciones de campo)",Consultar (SELECT),0,2015-02-12 15:48:18.520000,2015-02-12 15:48:18.520000
SpGetaTransaccionBasculakey,"Agro (Fincas, Lotes, Transacciones de campo)",Consultar por llave (SELECT 1 registro),4,2015-02-12 15:48:19.407000,2015-02-12 15:48:19.407000
SpGetaTransaccionItem,"Agro (Fincas, Lotes, Transacciones de campo)",Consultar (SELECT),0,2017-01-23 18:08:48.120000,2017-01-23 18:08:48.120000
SpGetaTransaccionItemkey,"Agro (Fincas, Lotes, Transacciones de campo)",Consultar por llave (SELECT 1 registro),4,2017-01-23 18:09:05.050000,2017-01-23 18:09:35.067000
SpGetaTransaccionLote,"Agro (Fincas, Lotes, Transacciones de campo)",Consultar (SELECT),0,2014-11-26 08:09:34.850000,2014-11-26 08:09:34.850000
SpGetaTransaccionLotekey,"Agro (Fincas, Lotes, Transacciones de campo)",Consultar por llave (SELECT 1 registro),4,2014-11-26 08:09:38.530000,2014-11-26 08:09:38.530000
SpGetaTransaccionNovedad,"Agro (Fincas, Lotes, Transacciones de campo)",Consultar (SELECT),0,2015-02-12 15:48:18.527000,2015-02-12 15:48:18.527000
SpGetaTransaccionNovedadkey,"Agro (Fincas, Lotes, Transacciones de campo)",Consultar por llave (SELECT 1 registro),5,2015-02-12 15:48:19.413000,2015-02-12 15:48:19.413000
SpGetaTransaccionPepakey,"Agro (Fincas, Lotes, Transacciones de campo)",Consultar por llave (SELECT 1 registro),3,2018-03-05 17:21:32.340000,2018-03-05 17:21:32.340000
SpGetaTransaccionTercero,"Agro (Fincas, Lotes, Transacciones de campo)",Consultar (SELECT),0,2015-02-12 15:48:18.533000,2022-12-03 06:57:05.333000
SpGetaTransaccionTerceroPepakey,"Agro (Fincas, Lotes, Transacciones de campo)",Consultar por llave (SELECT 1 registro),6,2018-03-05 17:12:55.117000,2018-03-05 17:12:55.117000
SpGetaTransaccionTercerokey,"Agro (Fincas, Lotes, Transacciones de campo)",Consultar por llave (SELECT 1 registro),6,2015-02-12 15:48:19.423000,2022-12-03 06:57:05.337000
SpGetaTransaccionkey,"Agro (Fincas, Lotes, Transacciones de campo)",Consultar por llave (SELECT 1 registro),3,2015-02-12 15:48:19.400000,2015-02-12 15:48:19.400000
SpGetaVariedad,"Agro (Fincas, Lotes, Transacciones de campo)",Consultar (SELECT),0,2015-02-12 15:48:18.540000,2015-02-12 15:48:18.540000
SpGetaVariedadkey,"Agro (Fincas, Lotes, Transacciones de campo)",Consultar por llave (SELECT 1 registro),2,2015-02-12 15:48:19.427000,2015-02-12 15:48:19.427000
SpGetatransaccionPepa,"Agro (Fincas, Lotes, Transacciones de campo)",Consultar (SELECT),0,2018-03-05 17:12:15.663000,2018-03-05 17:12:15.663000
SpGetatransaccionTerceroPepa,"Agro (Fincas, Lotes, Transacciones de campo)",Consultar (SELECT),0,2018-03-05 17:13:17.497000,2018-03-05 17:13:17.497000
SpGetbProcedencia,Bascula y Transporte,Consultar (SELECT),0,2015-02-12 15:48:18.547000,2015-03-03 18:04:33.813000
SpGetbProcedenciaCorreos,Bascula y Transporte,Consultar (SELECT),0,2015-02-12 15:48:18.550000,2015-02-12 15:48:18.550000
SpGetbProcedenciaCorreoskey,Bascula y Transporte,Consultar por llave (SELECT 1 registro),3,2015-02-12 15:48:19.437000,2015-02-12 15:48:19.437000
SpGetbProcedenciakey,Bascula y Transporte,Consultar por llave (SELECT 1 registro),2,2015-02-12 15:48:19.433000,2015-02-12 15:48:19.433000
SpGetbRegistroBascula,Bascula y Transporte,Consultar (SELECT),0,2015-02-12 15:48:18.560000,2015-02-12 15:48:18.560000
SpGetbRegistroBasculakey,Bascula y Transporte,Consultar por llave (SELECT 1 registro),3,2015-02-12 15:48:19.447000,2015-02-12 15:48:19.447000
SpGetbRegistroPorteria,Bascula y Transporte,Consultar (SELECT),0,2015-02-12 15:48:18.567000,2015-02-12 15:48:18.567000
SpGetbRegistroPorteriakey,Bascula y Transporte,Consultar por llave (SELECT 1 registro),3,2015-02-12 15:48:19.453000,2015-02-12 15:48:19.453000
SpGetbRemision,Bascula y Transporte,Consultar (SELECT),0,2015-02-12 15:48:18.573000,2015-02-12 15:48:18.573000
SpGetbRemisionkey,Bascula y Transporte,Consultar por llave (SELECT 1 registro),2,2015-02-12 15:48:19.460000,2015-02-12 15:48:19.460000
SpGetbTipoVehiculo,Bascula y Transporte,Consultar (SELECT),0,2015-02-12 15:48:18.587000,2015-02-12 15:48:18.587000
SpGetbTipoVehiculokey,Bascula y Transporte,Consultar por llave (SELECT 1 registro),2,2015-02-12 15:48:19.463000,2015-02-12 15:48:19.463000
SpGetbVehiculo,Bascula y Transporte,Consultar (SELECT),0,2015-02-12 15:48:18.593000,2015-02-12 15:48:18.593000
SpGetbVehiculokey,Bascula y Transporte,Consultar por llave (SELECT 1 registro),3,2015-02-12 15:48:19.470000,2015-02-12 15:48:19.470000
SpGetcCentrosCosto,Contabilidad,Consultar (SELECT),0,2015-02-12 15:48:18.600000,2015-02-12 15:48:18.600000
SpGetcCentrosCostoSigo,Contabilidad,Consultar (SELECT),0,2015-08-05 14:45:37.830000,2015-08-05 14:45:37.830000
SpGetcCentrosCostoSigokey,Contabilidad,Consultar por llave (SELECT 1 registro),3,2015-08-05 14:45:37.830000,2015-08-05 16:21:30.393000
SpGetcCentrosCostokey,Contabilidad,Consultar por llave (SELECT 1 registro),2,2015-02-12 15:48:19.477000,2015-02-12 15:48:19.477000
SpGetcClaseIR,Contabilidad,Consultar (SELECT),0,2015-02-12 15:48:18.607000,2015-02-12 15:48:18.607000
SpGetcClaseIRkey,Contabilidad,Consultar por llave (SELECT 1 registro),2,2015-02-12 15:48:19.480000,2015-02-12 15:48:19.480000
SpGetcClaseParametroContaNomi,Contabilidad,Consultar (SELECT),0,2015-08-06 14:48:15.063000,2015-08-06 14:48:15.063000
SpGetcClaseParametroContaNomikey,Contabilidad,Consultar por llave (SELECT 1 registro),2,2015-08-06 14:48:15.063000,2018-04-13 17:23:00.310000
SpGetcConceptoIR,Contabilidad,Consultar (SELECT),0,2015-02-12 15:48:18.613000,2015-02-12 15:48:18.613000
SpGetcConceptoIRkey,Contabilidad,Consultar por llave (SELECT 1 registro),2,2015-02-12 15:48:19.487000,2015-02-12 15:48:19.487000
SpGetcContacto,Contabilidad,Consultar (SELECT),0,2014-10-29 14:26:05.560000,2014-10-29 14:26:05.560000
SpGetcContactokey,Contabilidad,Consultar por llave (SELECT 1 registro),3,2014-10-29 14:26:06.190000,2014-10-29 14:26:06.190000
SpGetcEstructuraCCosto,Contabilidad,Consultar (SELECT),0,2015-02-12 15:48:18.620000,2015-02-12 15:48:18.620000
SpGetcEstructuraCCostokey,Contabilidad,Consultar por llave (SELECT 1 registro),2,2015-02-12 15:48:19.490000,2015-02-12 15:48:19.490000
SpGetcGrupoCCosto,Contabilidad,Consultar (SELECT),0,2015-02-12 15:48:18.627000,2015-02-12 15:48:18.627000
SpGetcGrupoCCostokey,Contabilidad,Consultar por llave (SELECT 1 registro),2,2015-02-12 15:48:19.497000,2015-02-12 15:48:19.497000
SpGetcGrupoConcepto,Contabilidad,Consultar (SELECT),0,2014-11-06 10:19:40.173000,2014-11-06 10:19:40.173000
SpGetcGrupoConceptoIR,Contabilidad,Consultar (SELECT),0,2015-02-12 15:48:18.633000,2015-02-12 15:48:18.633000
SpGetcGrupoConceptoIRkey,Contabilidad,Consultar por llave (SELECT 1 registro),3,2015-02-12 15:48:19.500000,2015-02-12 15:48:19.500000
SpGetcGrupoConceptokey,Contabilidad,Consultar por llave (SELECT 1 registro),3,2014-11-06 10:19:41.157000,2014-11-06 10:19:41.157000
SpGetcGrupoIR,Contabilidad,Consultar (SELECT),0,2015-02-12 15:48:18.640000,2015-02-12 15:48:18.640000
SpGetcGrupoIRkey,Contabilidad,Consultar por llave (SELECT 1 registro),2,2015-02-12 15:48:19.503000,2015-02-12 15:48:19.503000
SpGetcParametroContaNomi,Contabilidad,Consultar (SELECT),0,2015-08-11 18:43:04.277000,2018-07-04 15:04:49.137000
SpGetcParametroContaNomikey,Contabilidad,Consultar por llave (SELECT 1 registro),2,2015-08-06 14:48:15.063000,2015-08-26 17:57:28.307000
SpGetcPeriodo,Contabilidad,Consultar (SELECT),0,2015-02-12 15:48:18.643000,2015-02-12 15:48:18.643000
SpGetcPeriodokey,Contabilidad,Consultar por llave (SELECT 1 registro),3,2015-02-12 15:48:19.510000,2015-02-12 15:48:19.510000
SpGetcPuc,Contabilidad,Consultar (SELECT),0,2015-02-12 15:48:18.650000,2015-02-12 15:48:18.650000
SpGetcPuckey,Contabilidad,Consultar por llave (SELECT 1 registro),2,2015-02-12 15:48:19.517000,2015-02-12 15:48:19.517000
SpGetcTercero,Contabilidad,Consultar (SELECT),0,2015-02-12 15:48:18.657000,2015-02-12 15:48:18.657000
SpGetcTercerokey,Contabilidad,Consultar por llave (SELECT 1 registro),2,2015-02-12 15:48:19.523000,2015-11-25 14:30:33.337000
SpGetcxcCliente,Cuentas por Cobrar,Consultar (SELECT),0,2015-02-12 15:48:18.663000,2015-02-12 15:48:18.663000
SpGetcxcClienteClaseIR,Cuentas por Cobrar,Consultar (SELECT),0,2015-02-12 15:48:18.670000,2015-02-12 15:48:18.670000
SpGetcxcClienteClaseIRkey,Cuentas por Cobrar,Consultar por llave (SELECT 1 registro),4,2015-02-12 15:48:19.537000,2015-02-12 15:48:19.537000
SpGetcxcClientekey,Cuentas por Cobrar,Consultar por llave (SELECT 1 registro),3,2015-02-12 15:48:19.530000,2015-02-12 15:48:19.530000
SpGetcxpClaseProveedor,Cuentas por Pagar,Consultar (SELECT),0,2015-02-12 15:48:18.677000,2015-02-12 15:48:18.677000
SpGetcxpClaseProveedorkey,Cuentas por Pagar,Consultar por llave (SELECT 1 registro),2,2015-02-12 15:48:19.540000,2015-02-12 15:48:19.540000
SpGetcxpProveedor,Cuentas por Pagar,Consultar (SELECT),0,2015-02-12 15:48:18.683000,2015-02-12 15:48:18.683000
SpGetcxpProveedorBanco,Cuentas por Pagar,Consultar (SELECT),0,2015-02-12 15:48:18.690000,2015-02-12 15:48:18.690000
SpGetcxpProveedorBancokey,Cuentas por Pagar,Consultar por llave (SELECT 1 registro),3,2015-02-12 15:48:19.553000,2015-02-12 15:48:19.553000
SpGetcxpProveedorCalseIR,Cuentas por Pagar,Consultar (SELECT),0,2015-02-12 15:48:18.697000,2015-02-12 15:48:18.697000
SpGetcxpProveedorCalseIRkey,Cuentas por Pagar,Consultar por llave (SELECT 1 registro),4,2015-02-12 15:48:19.557000,2015-02-12 15:48:19.557000
SpGetcxpProveedorkey,Cuentas por Pagar,Consultar por llave (SELECT 1 registro),3,2015-02-12 15:48:19.547000,2015-02-12 15:48:19.547000
SpGetfMercado,Mercado,Consultar (SELECT),0,2015-02-12 15:48:18.703000,2015-02-12 15:48:18.703000
SpGetfMercadokey,Mercado,Consultar por llave (SELECT 1 registro),2,2015-02-12 15:48:19.563000,2015-02-12 15:48:19.563000
SpGetfTipoMercado,Mercado,Consultar (SELECT),0,2015-02-12 15:48:18.710000,2015-02-12 15:48:18.710000
SpGetfTipoMercadokey,Mercado,Consultar por llave (SELECT 1 registro),2,2015-02-12 15:48:19.567000,2015-02-12 15:48:19.567000
SpGetgBanco,Catalogos Generales,Consultar (SELECT),0,2015-02-12 15:48:18.713000,2015-02-12 15:48:18.713000
SpGetgBancokey,Catalogos Generales,Consultar por llave (SELECT 1 registro),2,2015-02-12 15:48:19.570000,2015-02-12 15:48:19.570000
SpGetgCiudad,Catalogos Generales,Consultar (SELECT),0,2015-02-12 15:48:18.720000,2015-04-18 11:14:11.343000
SpGetgCiudadkey,Catalogos Generales,Consultar por llave (SELECT 1 registro),2,2015-02-12 15:48:19.577000,2015-02-12 15:48:19.577000
SpGetgClaseCuenta,Catalogos Generales,Consultar (SELECT),0,2015-08-06 10:36:08.730000,2015-08-06 10:36:08.730000
SpGetgClaseCuentakey,Catalogos Generales,Consultar por llave (SELECT 1 registro),2,2015-08-06 10:36:08.730000,2015-08-06 10:36:08.730000
SpGetgCodigoNacionalOcupacion,Catalogos Generales,Consultar (SELECT),0,2015-02-12 15:48:18.727000,2015-02-12 15:48:18.727000
SpGetgCodigoNacionalOcupacionkey,Catalogos Generales,Consultar por llave (SELECT 1 registro),2,2015-02-12 15:48:19.580000,2015-02-12 15:48:19.580000
SpGetgConfigParametrosGenerales,Catalogos Generales,Consultar (SELECT),0,2018-06-06 12:29:40.510000,2018-06-06 12:29:40.510000
SpGetgConfigParametrosGeneraleskey,Catalogos Generales,Consultar por llave (SELECT 1 registro),2,2018-06-06 12:29:31.433000,2018-06-06 12:29:31.433000
SpGetgDepartamento,Catalogos Generales,Consultar (SELECT),0,2017-02-27 11:14:57.417000,2017-02-27 11:14:57.417000
SpGetgDepartamentokey,Catalogos Generales,Consultar por llave (SELECT 1 registro),2,2017-02-27 11:14:57.413000,2017-02-27 11:14:57.413000
SpGetgDiagnostico,Catalogos Generales,Consultar (SELECT),0,2015-04-27 17:05:52.817000,2016-12-10 10:22:28.557000
SpGetgDiagnosticokey,Catalogos Generales,Consultar por llave (SELECT 1 registro),2,2015-04-27 17:05:45.563000,2015-04-27 17:05:45.563000
SpGetgEmpresa,Catalogos Generales,Consultar (SELECT),0,2015-02-12 15:48:18.733000,2015-02-12 15:48:18.733000
SpGetgEmpresakey,Catalogos Generales,Consultar por llave (SELECT 1 registro),1,2015-02-12 15:48:19.587000,2015-02-12 15:48:19.587000
SpGetgEntidadNacional,Catalogos Generales,Consultar (SELECT),0,2015-02-12 15:48:18.740000,2015-02-12 15:48:18.740000
SpGetgEntidadNacionalkey,Catalogos Generales,Consultar por llave (SELECT 1 registro),2,2015-02-12 15:48:19.590000,2015-02-12 15:48:19.590000
SpGetgFormaPago,Catalogos Generales,Consultar (SELECT),0,2015-02-12 15:48:18.747000,2015-02-12 15:48:18.747000
SpGetgFormaPagokey,Catalogos Generales,Consultar por llave (SELECT 1 registro),2,2015-02-12 15:48:19.593000,2015-08-04 18:45:57.107000
SpGetgFoto,Catalogos Generales,Consultar (SELECT),0,2015-02-12 15:48:18.750000,2015-02-12 15:48:18.750000
SpGetgFotokey,Catalogos Generales,Consultar por llave (SELECT 1 registro),1,2015-02-12 15:48:19.600000,2015-02-12 15:48:19.600000
SpGetgNivelEducativo,Catalogos Generales,Consultar (SELECT),0,2015-02-12 15:48:18.757000,2015-02-12 15:48:18.757000
SpGetgNivelEducativokey,Catalogos Generales,Consultar por llave (SELECT 1 registro),2,2015-02-12 15:48:19.603000,2015-02-12 15:48:19.603000
SpGetgPais,Catalogos Generales,Consultar (SELECT),0,2015-02-12 15:48:18.763000,2015-02-12 15:48:18.763000
SpGetgPaiskey,Catalogos Generales,Consultar por llave (SELECT 1 registro),2,2015-02-12 15:48:19.607000,2015-02-12 15:48:19.607000
SpGetgParametros,Catalogos Generales,Consultar (SELECT),0,2015-02-12 15:48:18.770000,2015-02-12 15:48:18.770000
SpGetgParametrosGenerales,Catalogos Generales,Consultar (SELECT),0,2017-02-07 09:33:58.723000,2017-02-07 09:33:58.723000
SpGetgParametroskey,Catalogos Generales,Consultar por llave (SELECT 1 registro),2,2015-02-12 15:48:19.610000,2015-02-12 15:48:19.610000
SpGetgRegimenTributario,Catalogos Generales,Consultar (SELECT),0,2015-02-12 15:48:18.783000,2015-02-12 15:48:18.783000
SpGetgRegimenTributariokey,Catalogos Generales,Consultar por llave (SELECT 1 registro),2,2015-02-12 15:48:19.617000,2015-02-12 15:48:19.617000
SpGetgRh,Catalogos Generales,Consultar (SELECT),0,2015-02-12 15:48:18.790000,2015-02-12 15:48:18.790000
SpGetgRhkey,Catalogos Generales,Consultar por llave (SELECT 1 registro),2,2015-02-12 15:48:19.620000,2015-02-12 15:48:19.620000
SpGetgTipoCuenta,Catalogos Generales,Consultar (SELECT),0,2015-02-12 15:48:18.797000,2015-02-12 15:48:18.797000
SpGetgTipoCuentaBancaria,Catalogos Generales,Consultar (SELECT),0,2015-02-12 15:48:18.803000,2015-02-12 15:48:18.803000
SpGetgTipoCuentaBancariakey,Catalogos Generales,Consultar por llave (SELECT 1 registro),2,2015-02-12 15:48:19.630000,2015-02-12 15:48:19.630000
SpGetgTipoCuentakey,Catalogos Generales,Consultar por llave (SELECT 1 registro),2,2015-02-12 15:48:19.627000,2015-02-12 15:48:19.627000
SpGetgTipoDocumento,Catalogos Generales,Consultar (SELECT),0,2015-02-12 15:48:18.810000,2015-02-12 15:48:18.810000
SpGetgTipoDocumentokey,Catalogos Generales,Consultar por llave (SELECT 1 registro),2,2015-02-12 15:48:19.633000,2015-02-12 15:48:19.633000
SpGetgTipoEmbargo,Catalogos Generales,Consultar (SELECT),0,2015-04-23 11:31:26.247000,2015-04-23 11:31:26.247000
SpGetgTipoEmbargokey,Catalogos Generales,Consultar por llave (SELECT 1 registro),2,2015-04-23 11:31:09.290000,2015-04-23 11:31:09.290000
SpGetgTipoLiquidacion,Catalogos Generales,Consultar (SELECT),0,2015-04-21 17:44:44.193000,2015-04-21 17:44:44.193000
SpGetgTipoLiquidacionkey,Catalogos Generales,Consultar por llave (SELECT 1 registro),2,2015-04-21 17:44:32.977000,2015-04-21 17:44:32.977000
SpGetgTipoTransaccion,Catalogos Generales,Consultar (SELECT),0,2015-02-12 15:48:18.813000,2022-12-03 06:57:06.073000
SpGetgTipoTransaccionCampo,Catalogos Generales,Consultar (SELECT),0,2015-02-12 15:48:18.820000,2015-02-12 15:48:18.820000
SpGetgTipoTransaccionCampokey,Catalogos Generales,Consultar por llave (SELECT 1 registro),4,2015-02-12 15:48:19.647000,2015-02-12 15:48:19.647000
SpGetgTipoTransaccionConfig,Catalogos Generales,Consultar (SELECT),0,2015-02-12 15:48:18.830000,2015-02-12 15:48:18.830000
SpGetgTipoTransaccionConfigkey,Catalogos Generales,Consultar por llave (SELECT 1 registro),2,2015-02-12 15:48:19.657000,2015-02-12 15:48:19.657000
SpGetgTipoTransaccionDias,Catalogos Generales,Consultar (SELECT),0,2015-02-12 15:48:18.837000,2015-02-12 15:48:18.837000
SpGetgTipoTransaccionDiaskey,Catalogos Generales,Consultar por llave (SELECT 1 registro),2,2015-02-12 15:48:19.660000,2015-02-12 15:48:19.660000
SpGetgTipoTransaccionProducto,Catalogos Generales,Consultar (SELECT),0,2017-06-21 18:06:10.683000,2022-12-03 06:57:06.083000
SpGetgTipoTransaccionProductokey,Catalogos Generales,Consultar por llave (SELECT 1 registro),3,2015-02-12 15:48:19.667000,2015-02-12 15:48:19.667000
SpGetgTipoTransaccionkey,Catalogos Generales,Consultar por llave (SELECT 1 registro),2,2015-02-12 15:48:19.640000,2022-12-03 06:57:06.080000
SpGetgUnidadMedida,Catalogos Generales,Consultar (SELECT),0,2015-02-12 15:48:18.847000,2015-02-12 15:48:18.847000
SpGetgUnidadMedidakey,Catalogos Generales,Consultar por llave (SELECT 1 registro),2,2015-02-12 15:48:19.670000,2015-02-12 15:48:19.670000
SpGetiBodega,Inventario / Items / Bodega,Consultar (SELECT),0,2015-02-12 15:48:18.853000,2015-02-12 15:48:18.853000
SpGetiBodegaTipoTransaccion,Inventario / Items / Bodega,Consultar (SELECT),0,2015-02-12 15:48:18.860000,2022-12-03 06:57:06.090000
SpGetiBodegaTipoTransaccionkey,Inventario / Items / Bodega,Consultar por llave (SELECT 1 registro),3,2015-02-12 15:48:19.680000,2015-02-12 15:48:19.680000
SpGetiBodegakey,Inventario / Items / Bodega,Consultar por llave (SELECT 1 registro),2,2015-02-12 15:48:19.677000,2015-02-12 15:48:19.677000
SpGetiDestino,Inventario / Items / Bodega,Consultar (SELECT),0,2015-02-12 15:48:18.867000,2015-02-12 15:48:18.867000
SpGetiDestinokey,Inventario / Items / Bodega,Consultar por llave (SELECT 1 registro),3,2015-02-12 15:48:19.687000,2015-02-12 15:48:19.687000
SpGetiGrupoImpuestoIR,Inventario / Items / Bodega,Consultar (SELECT),0,2014-12-04 15:06:11.860000,2014-12-04 15:06:11.860000
SpGetiGrupoImpuestoIRkey,Inventario / Items / Bodega,Consultar por llave (SELECT 1 registro),2,2014-12-04 15:06:14.083000,2014-12-04 15:06:14.083000
SpGetiItems,Inventario / Items / Bodega,Consultar (SELECT),0,2015-02-12 15:48:18.873000,2015-02-12 15:48:18.873000
SpGetiItemsBodega,Inventario / Items / Bodega,Consultar (SELECT),0,2017-02-07 14:05:52.483000,2017-02-07 14:05:52.483000
SpGetiItemsBodegakey,Inventario / Items / Bodega,Consultar por llave (SELECT 1 registro),3,2017-02-07 14:05:52.483000,2017-02-07 14:05:52.483000
SpGetiItemsCriterios,Inventario / Items / Bodega,Consultar (SELECT),0,2015-02-12 15:48:18.880000,2015-02-12 15:48:18.880000
SpGetiItemsCriterioskey,Inventario / Items / Bodega,Consultar por llave (SELECT 1 registro),4,2015-02-12 15:48:19.700000,2015-02-12 15:48:19.700000
SpGetiItemskey,Inventario / Items / Bodega,Consultar por llave (SELECT 1 registro),2,2015-02-12 15:48:19.693000,2015-02-12 15:48:19.693000
SpGetiMayorItem,Inventario / Items / Bodega,Consultar (SELECT),0,2015-02-12 15:48:18.887000,2015-02-12 15:48:18.887000
SpGetiMayorItemkey,Inventario / Items / Bodega,Consultar por llave (SELECT 1 registro),2,2015-02-12 15:48:19.703000,2015-02-12 15:48:19.703000
SpGetiNivelDestino,Inventario / Items / Bodega,Consultar (SELECT),0,2015-02-12 15:48:18.893000,2015-02-12 15:48:18.893000
SpGetiNivelDestinokey,Inventario / Items / Bodega,Consultar por llave (SELECT 1 registro),2,2015-02-12 15:48:19.710000,2015-02-12 15:48:19.710000
SpGetiPlanItem,Inventario / Items / Bodega,Consultar (SELECT),0,2015-02-12 15:48:18.900000,2015-02-12 15:48:18.900000
SpGetiPlanItemkey,Inventario / Items / Bodega,Consultar por llave (SELECT 1 registro),2,2015-02-12 15:48:19.713000,2015-02-12 15:48:19.713000
SpGetiTransaccion,Inventario / Items / Bodega,Consultar (SELECT),0,2015-02-12 15:48:18.903000,2015-02-12 15:48:18.903000
SpGetiTransaccionkey,Inventario / Items / Bodega,Consultar por llave (SELECT 1 registro),3,2015-02-12 15:48:19.720000,2015-02-12 15:48:19.720000
SpGetlAnalisis,"Laboratorio (calidad, tanques)",Consultar (SELECT),0,2015-02-12 15:48:18.910000,2015-02-12 15:48:18.910000
SpGetlAnalisisItem,"Laboratorio (calidad, tanques)",Consultar (SELECT),0,2015-02-12 15:48:18.917000,2015-02-12 15:48:20.753000
SpGetlAnalisisItemkey,"Laboratorio (calidad, tanques)",Consultar por llave (SELECT 1 registro),3,2015-02-12 15:48:19.760000,2015-02-12 15:48:19.760000
SpGetlAnalisisTanque,"Laboratorio (calidad, tanques)",Consultar (SELECT),0,2014-12-15 16:54:08.987000,2014-12-15 16:54:08.987000
SpGetlAnalisisTanquekey,"Laboratorio (calidad, tanques)",Consultar por llave (SELECT 1 registro),3,2014-12-15 16:54:10.230000,2014-12-15 16:54:10.230000
SpGetlAnalisiskey,"Laboratorio (calidad, tanques)",Consultar por llave (SELECT 1 registro),2,2015-02-12 15:48:19.757000,2015-02-12 15:48:19.757000
SpGetlAnlisisItem,"Laboratorio (calidad, tanques)",Consultar (SELECT),0,2014-12-06 12:52:09.717000,2014-12-06 12:52:09.717000
SpGetlAnlisisItemkey,"Laboratorio (calidad, tanques)",Consultar por llave (SELECT 1 registro),3,2014-12-06 12:52:12.050000,2014-12-06 12:52:12.050000
SpGetlRegistroAnalisis,"Laboratorio (calidad, tanques)",Consultar (SELECT),0,2015-02-12 15:48:18.960000,2015-02-12 15:48:18.960000
SpGetlRegistroAnalisisTanque,"Laboratorio (calidad, tanques)",Consultar (SELECT),0,2015-02-12 15:48:18.963000,2015-02-12 15:48:18.963000
SpGetlRegistroAnalisisTanquekey,"Laboratorio (calidad, tanques)",Consultar por llave (SELECT 1 registro),4,2015-02-12 15:48:19.797000,2015-02-12 15:48:19.797000
SpGetlRegistroAnalisiskey,"Laboratorio (calidad, tanques)",Consultar por llave (SELECT 1 registro),4,2015-02-12 15:48:19.790000,2015-02-12 15:48:19.790000
SpGetlRegistroBodega,"Laboratorio (calidad, tanques)",Consultar (SELECT),0,2015-02-12 15:48:18.970000,2015-02-12 15:48:18.970000
SpGetlRegistroBodegakey,"Laboratorio (calidad, tanques)",Consultar por llave (SELECT 1 registro),4,2015-02-12 15:48:19.800000,2015-02-12 15:48:19.800000
SpGetlRegistroTanque,"Laboratorio (calidad, tanques)",Consultar (SELECT),0,2014-12-15 15:04:47.027000,2014-12-15 15:04:47.027000
SpGetlRegistroTanquekey,"Laboratorio (calidad, tanques)",Consultar por llave (SELECT 1 registro),4,2014-12-15 15:04:48.527000,2014-12-15 15:04:48.527000
SpGetlTanque,"Laboratorio (calidad, tanques)",Consultar (SELECT),0,2015-02-12 15:48:18.977000,2015-02-12 15:48:18.977000
SpGetlTanquekey,"Laboratorio (calidad, tanques)",Consultar por llave (SELECT 1 registro),2,2015-02-12 15:48:19.807000,2015-02-12 15:48:19.807000
SpGetlogCarnetDespacho,Logistica de Despacho,Consultar (SELECT),0,2015-02-12 15:48:18.923000,2015-02-12 15:48:18.923000
SpGetlogCarnetDespachokey,Logistica de Despacho,Consultar por llave (SELECT 1 registro),2,2015-02-12 15:48:19.767000,2015-02-12 15:48:19.767000
SpGetlogDespacho,Logistica de Despacho,Consultar (SELECT),0,2015-02-12 15:48:18.930000,2015-02-12 15:48:18.930000
SpGetlogDespachokey,Logistica de Despacho,Consultar por llave (SELECT 1 registro),3,2015-02-12 15:48:19.773000,2015-02-12 15:48:19.773000
SpGetlogProgramacionGeneral,Logistica de Despacho,Consultar (SELECT),0,2015-02-12 15:48:18.937000,2015-02-12 15:48:18.937000
SpGetlogProgramacionGeneralkey,Logistica de Despacho,Consultar por llave (SELECT 1 registro),2,2015-02-12 15:48:19.780000,2015-02-12 15:48:19.780000
SpGetlogProgramacionVehiculo,Logistica de Despacho,Consultar (SELECT),0,2015-02-12 15:48:18.943000,2015-02-12 15:48:18.943000
SpGetlogProgramacionVehiculoEstado,Logistica de Despacho,Consultar (SELECT),0,2014-12-10 10:48:27.740000,2014-12-10 10:48:27.740000
SpGetlogProgramacionVehiculoEstadokey,Logistica de Despacho,Consultar por llave (SELECT 1 registro),2,2014-12-10 10:48:29.150000,2014-12-10 10:48:29.150000
SpGetlogProgramacionVehiculokey,Logistica de Despacho,Consultar por llave (SELECT 1 registro),3,2015-02-12 15:48:19.787000,2015-02-12 15:48:19.787000
SpGetnCantroTrabajo,Nomina,Consultar (SELECT),0,2015-04-14 16:43:11.213000,2015-04-14 16:46:05.337000
SpGetnCantroTrabajokey,Nomina,Consultar por llave (SELECT 1 registro),2,2015-04-14 16:43:11.213000,2015-04-14 16:46:05.337000
SpGetnCargo,Nomina,Consultar (SELECT),0,2015-02-12 15:48:18.983000,2015-04-14 16:46:05.337000
SpGetnCargokey,Nomina,Consultar por llave (SELECT 1 registro),2,2015-02-12 15:48:19.813000,2015-04-14 16:46:05.337000
SpGetnCcostoNomina,Nomina,Consultar (SELECT),0,2015-01-21 15:06:51.737000,2015-04-14 16:46:05.340000
SpGetnCcostoNominakey,Nomina,Consultar por llave (SELECT 1 registro),2,2015-01-21 15:06:55.117000,2015-04-14 16:46:05.340000
SpGetnCentroTrabajo,Nomina,Consultar (SELECT),0,2015-04-14 16:43:11.220000,2015-04-14 16:46:05.340000
SpGetnCentroTrabajokey,Nomina,Consultar por llave (SELECT 1 registro),2,2015-04-14 16:43:11.220000,2015-04-14 16:46:05.340000
SpGetnClaseContrato,Nomina,Consultar (SELECT),0,2015-04-14 16:43:11.220000,2015-04-14 16:46:05.340000
SpGetnClaseContratokey,Nomina,Consultar por llave (SELECT 1 registro),2,2015-04-14 16:43:11.220000,2015-04-14 16:46:05.340000
SpGetnConcepto,Nomina,Consultar (SELECT),0,2015-04-14 16:43:11.220000,2017-07-10 14:21:44.993000
SpGetnConceptoRango,Nomina,Consultar (SELECT),0,2015-04-14 16:43:11.223000,2015-04-14 16:46:05.343000
SpGetnConceptoRangokey,Nomina,Consultar por llave (SELECT 1 registro),3,2015-04-14 16:43:11.223000,2015-04-14 16:46:05.347000
SpGetnConceptokey,Nomina,Consultar por llave (SELECT 1 registro),2,2015-04-14 16:43:11.223000,2017-07-10 14:21:45
SpGetnConceptos,Nomina,Consultar (SELECT),0,2015-04-14 16:43:11.223000,2017-07-10 14:21:45.017000
SpGetnConceptosFijos,Nomina,Consultar (SELECT),0,2015-04-14 16:43:11.223000,2017-05-04 13:01:48.497000
SpGetnConceptosFijosDetalle,Nomina,Consultar (SELECT),0,2015-04-14 16:43:11.227000,2015-04-24 16:59:44.840000
SpGetnConceptosFijosDetallekey,Nomina,Consultar por llave (SELECT 1 registro),6,2015-04-14 16:43:11.227000,2015-04-24 16:59:34.200000
SpGetnConceptosFijoskey,Nomina,Consultar por llave (SELECT 1 registro),5,2015-04-14 16:43:11.227000,2015-08-12 08:58:57.383000
SpGetnConceptoskey,Nomina,Consultar por llave (SELECT 1 registro),1,2015-04-14 16:43:11.227000,2015-04-14 16:46:05.350000
SpGetnContratos,Nomina,Consultar (SELECT),0,2015-02-12 15:48:18.990000,2022-12-03 06:57:06.230000
SpGetnContratoskey,Nomina,Consultar por llave (SELECT 1 registro),4,2015-04-14 16:43:11.230000,2015-04-14 16:46:05.353000
SpGetnCuadrilla,Nomina,Consultar (SELECT),0,2015-02-12 15:48:18.997000,2018-04-27 10:33:02.070000
SpGetnCuadrillaFuncionario,Nomina,Consultar (SELECT),0,2015-02-12 15:48:19.003000,2022-12-03 06:57:06.233000
SpGetnCuadrillaFuncionariokey,Nomina,Consultar por llave (SELECT 1 registro),3,2015-02-12 15:48:19.837000,2015-04-14 16:46:05.357000
SpGetnCuadrillakey,Nomina,Consultar por llave (SELECT 1 registro),2,2015-02-12 15:48:19.830000,2015-04-14 16:46:05.357000
SpGetnDepartamento,Nomina,Consultar (SELECT),0,2015-02-12 15:48:19.010000,2015-09-17 14:39:03.973000
SpGetnDepartamentokey,Nomina,Consultar por llave (SELECT 1 registro),2,2015-02-12 15:48:19.840000,2015-04-14 16:46:05.357000
SpGetnDiasHabilesCc,Nomina,Consultar (SELECT),0,2015-05-09 10:32:58.610000,2015-05-09 11:11:22.877000
SpGetnDiasHabilesCckey,Nomina,Consultar por llave (SELECT 1 registro),2,2015-05-09 10:34:03.273000,2015-05-09 10:34:03.273000
SpGetnEmbargos,Nomina,Consultar (SELECT),0,2015-04-14 16:43:11.237000,2022-12-03 06:57:06.240000
SpGetnEmbargoskey,Nomina,Consultar por llave (SELECT 1 registro),4,2015-04-14 16:43:11.237000,2015-04-14 16:46:05.360000
SpGetnEntidadAfc,Nomina,Consultar (SELECT),0,2015-02-12 15:48:19.017000,2015-04-14 16:46:05.360000
SpGetnEntidadAfckey,Nomina,Consultar por llave (SELECT 1 registro),2,2015-02-12 15:48:19.847000,2015-04-14 16:46:05.360000
SpGetnEntidadAfp,Nomina,Consultar (SELECT),0,2015-04-14 16:43:11.240000,2015-04-14 16:46:05.360000
SpGetnEntidadAfpkey,Nomina,Consultar por llave (SELECT 1 registro),2,2015-04-14 16:43:11.240000,2015-04-14 16:46:05.363000
SpGetnEntidadArp,Nomina,Consultar (SELECT),0,2015-02-12 15:48:19.020000,2015-04-14 16:46:05.363000
SpGetnEntidadArpkey,Nomina,Consultar por llave (SELECT 1 registro),2,2015-02-12 15:48:19.850000,2015-04-14 16:46:05.363000
SpGetnEntidadCaja,Nomina,Consultar (SELECT),0,2015-02-12 15:48:19.043000,2015-04-14 16:46:05.363000
SpGetnEntidadCajakey,Nomina,Consultar por llave (SELECT 1 registro),2,2015-02-12 15:48:19.857000,2015-04-14 16:46:05.367000
SpGetnEntidadEps,Nomina,Consultar (SELECT),0,2015-02-12 15:48:19.050000,2015-04-14 16:46:05.367000
SpGetnEntidadEpskey,Nomina,Consultar por llave (SELECT 1 registro),2,2015-02-12 15:48:19.863000,2015-04-14 16:46:05.367000
SpGetnEntidadFondo,Nomina,Consultar (SELECT),0,2015-02-12 15:48:19.057000,2015-04-14 16:46:05.370000
SpGetnEntidadFondoPension,Nomina,Consultar (SELECT),0,2015-02-12 15:48:19.063000,2015-04-14 16:46:05.370000
SpGetnEntidadFondoPensionkey,Nomina,Consultar por llave (SELECT 1 registro),2,2015-02-12 15:48:19.877000,2015-04-14 16:46:05.370000
SpGetnEntidadFondokey,Nomina,Consultar por llave (SELECT 1 registro),2,2015-02-12 15:48:19.870000,2015-04-14 16:46:05.370000
SpGetnEntidadIcbf,Nomina,Consultar (SELECT),0,2015-02-12 15:48:19.070000,2015-04-14 16:46:05.370000
SpGetnEntidadIcbfkey,Nomina,Consultar por llave (SELECT 1 registro),2,2015-02-12 15:48:19.883000,2015-04-14 16:46:05.373000
SpGetnEntidadSena,Nomina,Consultar (SELECT),0,2015-02-12 15:48:19.077000,2015-04-14 16:46:05.373000
SpGetnEntidadSenakey,Nomina,Consultar por llave (SELECT 1 registro),2,2015-02-12 15:48:19.890000,2015-04-14 16:46:05.373000
SpGetnFestivo,Nomina,Consultar (SELECT),0,2015-04-30 13:49:03.230000,2015-04-30 13:49:03.230000
SpGetnFestivokey,Nomina,Consultar por llave (SELECT 1 registro),2,2015-04-30 13:49:17.880000,2015-04-30 13:49:17.880000
SpGetnFuncionario,Nomina,Consultar (SELECT),0,2015-02-12 15:48:19.083000,2022-12-03 06:57:06.243000
SpGetnFuncionariokey,Nomina,Consultar por llave (SELECT 1 registro),2,2015-02-12 15:48:19.897000,2022-12-03 06:57:06.247000
SpGetnGrupoConcepto,Nomina,Consultar (SELECT),0,2015-08-27 15:28:59.343000,2015-08-27 15:28:59.343000
SpGetnGrupoConceptoDetalle,Nomina,Consultar (SELECT),0,2015-08-27 15:28:10.230000,2015-08-27 15:28:10.230000
SpGetnGrupoConceptoDetallekey,Nomina,Consultar por llave (SELECT 1 registro),3,2015-08-27 15:28:00.027000,2018-03-01 09:37:24.510000
SpGetnGrupoConceptokey,Nomina,Consultar por llave (SELECT 1 registro),2,2015-08-27 15:27:36.743000,2018-03-01 09:37:32.433000
SpGetnIncapacidad,Nomina,Consultar (SELECT),0,2015-04-27 16:36:38.977000,2022-12-03 06:57:06.253000
SpGetnIncapacidadkey,Nomina,Consultar por llave (SELECT 1 registro),3,2015-04-27 16:35:00.580000,2015-04-27 16:35:00.580000
SpGetnLiquidacionNomina,Nomina,Consultar (SELECT),0,2015-04-14 16:43:11.270000,2015-07-28 17:57:14.203000
SpGetnLiquidacionNominaDetalle,Nomina,Consultar (SELECT),0,2015-04-14 16:43:11.270000,2015-04-14 16:46:05.377000
SpGetnLiquidacionNominaDetallekey,Nomina,Consultar por llave (SELECT 1 registro),6,2015-04-14 16:43:11.270000,2015-04-14 16:46:05.377000
SpGetnLiquidacionPrima,Nomina,Consultar (SELECT),0,2015-12-07 17:56:29.517000,2015-12-07 17:56:29.517000
SpGetnModoCampo,Nomina,Consultar (SELECT),0,2015-04-14 16:43:11.270000,2015-04-14 16:46:05.380000
SpGetnModoCampokey,Nomina,Consultar por llave (SELECT 1 registro),4,2015-04-14 16:43:11.273000,2015-04-14 16:46:05.380000
SpGetnMotivoRetiro,Nomina,Consultar (SELECT),0,2015-02-12 15:48:19.090000,2015-04-14 16:46:05.380000
SpGetnMotivoRetirokey,Nomina,Consultar por llave (SELECT 1 registro),2,2015-02-12 15:48:19.900000,2015-04-14 16:46:05.380000
SpGetnNovedades,Nomina,Consultar (SELECT),0,2015-04-14 16:43:11.273000,2015-04-14 16:46:05.383000
SpGetnNovedadesDetalle,Nomina,Consultar (SELECT),0,2015-04-14 16:43:11.277000,2015-04-14 16:46:05.383000
SpGetnNovedadesDetallekey,Nomina,Consultar por llave (SELECT 1 registro),4,2015-04-14 16:43:11.277000,2015-04-14 16:46:05.383000
SpGetnNovedadeskey,Nomina,Consultar por llave (SELECT 1 registro),3,2015-04-14 16:43:11.277000,2015-04-14 16:46:05.387000
SpGetnPagosNomina,Nomina,Consultar (SELECT),0,2015-08-04 18:57:53.273000,2015-08-04 18:57:53.273000
SpGetnPagosNominakey,Nomina,Consultar por llave (SELECT 1 registro),4,2015-08-04 18:57:44.257000,2015-08-04 18:57:44.257000
SpGetnParametroSeguridadSocial,Nomina,Consultar (SELECT),0,2015-09-14 14:31:41.870000,2015-09-14 14:40:35.730000
SpGetnParametroSeguridadSocialDetalle,Nomina,Consultar (SELECT),0,2015-09-14 14:31:41.870000,2015-09-14 14:40:35.730000
SpGetnParametroSeguridadSocialDetallekey,Nomina,Consultar por llave (SELECT 1 registro),3,2015-09-14 14:31:41.870000,2015-09-14 14:40:35.730000
SpGetnParametroSeguridadSocialkey,Nomina,Consultar por llave (SELECT 1 registro),2,2015-09-14 14:31:41.870000,2015-09-14 14:40:35.730000
SpGetnParametrosAno,Nomina,Consultar (SELECT),0,2015-02-12 15:48:19.097000,2015-04-14 16:46:05.387000
SpGetnParametrosAnokey,Nomina,Consultar por llave (SELECT 1 registro),2,2015-02-12 15:48:19.910000,2015-04-14 16:46:05.387000
SpGetnParametrosGeneral,Nomina,Consultar (SELECT),0,2015-04-14 16:43:11.280000,2015-04-14 16:46:05.390000
SpGetnParametrosGeneralkey,Nomina,Consultar por llave (SELECT 1 registro),1,2015-04-14 16:43:11.280000,2015-04-14 16:46:05.390000
SpGetnParametrosTipoCotizante,Nomina,Consultar (SELECT),0,2015-08-25 09:43:24.430000,2015-08-25 09:43:24.430000
SpGetnParametrosTipoCotizantekey,Nomina,Consultar por llave (SELECT 1 registro),3,2015-08-25 09:43:24.430000,2015-08-25 09:43:24.430000
SpGetnPeriodo,Nomina,Consultar (SELECT),0,2015-02-12 15:48:19.103000,2015-04-14 16:46:05.390000
SpGetnPeriodoDetalle,Nomina,Consultar (SELECT),0,2015-02-12 15:48:19.110000,2022-12-03 06:57:06.623000
SpGetnPeriodoDetallekey,Nomina,Consultar por llave (SELECT 1 registro),4,2015-02-12 15:48:19.920000,2022-12-03 06:57:06.630000
SpGetnPeriodokey,Nomina,Consultar por llave (SELECT 1 registro),2,2015-02-12 15:48:19.913000,2015-04-14 16:46:05.393000
SpGetnPlanoBanco,Nomina,Consultar (SELECT),0,2015-07-31 13:22:37.720000,2015-07-31 14:42:48.063000
SpGetnPlanoBancoDetalle,Nomina,Consultar (SELECT),0,2015-07-31 13:22:27.733000,2015-07-31 13:22:27.733000
SpGetnPlanoBancoDetallekey,Nomina,Consultar por llave (SELECT 1 registro),3,2015-07-31 13:22:11.380000,2015-07-31 13:22:11.380000
SpGetnPlanoBancokey,Nomina,Consultar por llave (SELECT 1 registro),2,2015-07-31 13:21:52.413000,2015-07-31 13:21:52.413000
SpGetnPrestamo,Nomina,Consultar (SELECT),0,2015-04-14 16:43:11.283000,2022-12-03 06:57:06.257000
SpGetnPrestamokey,Nomina,Consultar por llave (SELECT 1 registro),2,2015-04-14 16:43:11.287000,2015-04-14 16:46:05.393000
SpGetnProrroga,Nomina,Consultar (SELECT),0,2015-02-12 15:48:19.117000,2022-12-03 06:57:06.263000
SpGetnProrrogakey,Nomina,Consultar por llave (SELECT 1 registro),4,2015-02-12 15:48:19.927000,2015-04-14 16:46:05.397000
SpGetnSeguridadSocial,Nomina,Consultar (SELECT),0,2015-09-29 09:27:40.030000,2015-11-09 09:34:25.077000
SpGetnSeguridadSocialPila,Nomina,Consultar (SELECT),0,2017-02-27 11:14:57.377000,2017-02-27 11:14:57.377000
SpGetnSeguridadSocialPilakey,Nomina,Consultar por llave (SELECT 1 registro),4,2017-02-27 11:14:57.380000,2017-02-27 11:14:57.380000
SpGetnSeguridadSocialkey,Nomina,Consultar por llave (SELECT 1 registro),4,2015-09-29 09:27:40.033000,2015-09-29 09:27:40.033000
SpGetnSubTipoCotizante,Nomina,Consultar (SELECT),0,2015-08-11 17:12:38.733000,2015-08-25 09:49:42.600000
SpGetnSubTipoCotizantekey,Nomina,Consultar por llave (SELECT 1 registro),2,2015-08-11 17:12:42.493000,2015-08-11 17:12:42.493000
SpGetnTipoConcepto,Nomina,Consultar (SELECT),0,2016-05-06 16:08:38.670000,2016-05-06 16:08:38.670000
SpGetnTipoConceptoDetalle,Nomina,Consultar (SELECT),0,2016-05-06 16:08:38.670000,2016-05-06 16:08:38.670000
SpGetnTipoConceptoDetallekey,Nomina,Consultar por llave (SELECT 1 registro),3,2016-05-06 16:08:38.670000,2016-05-06 16:08:38.670000
SpGetnTipoConceptokey,Nomina,Consultar por llave (SELECT 1 registro),2,2016-05-06 16:08:38.667000,2016-05-06 16:08:38.667000
SpGetnTipoCotizante,Nomina,Consultar (SELECT),0,2015-02-12 15:48:19.123000,2015-08-25 09:49:50.807000
SpGetnTipoCotizantekey,Nomina,Consultar por llave (SELECT 1 registro),2,2015-02-12 15:48:19.930000,2015-04-14 16:46:05.400000
SpGetnTipoIncapacidad,Nomina,Consultar (SELECT),0,2015-04-27 16:38:30.540000,2015-04-27 16:38:30.540000
SpGetnTipoIncapacidadkey,Nomina,Consultar por llave (SELECT 1 registro),2,2015-04-27 16:38:22.877000,2015-04-27 16:38:22.877000
SpGetnTipoNomina,Nomina,Consultar (SELECT),0,2015-02-12 15:48:19.130000,2015-04-14 16:46:05.400000
SpGetnTipoNominakey,Nomina,Consultar por llave (SELECT 1 registro),2,2015-02-12 15:48:19.937000,2015-04-14 16:46:05.400000
SpGetnTurno,Nomina,Consultar (SELECT),0,2015-06-01 09:49:50.477000,2015-09-05 11:02:12.480000
SpGetnTurnoDepartamento,Nomina,Consultar (SELECT),0,2015-06-01 09:49:36.827000,2015-06-01 09:49:36.827000
SpGetnTurnoDepartamentokey,Nomina,Consultar por llave (SELECT 1 registro),3,2015-06-01 09:49:25.837000,2015-06-01 09:49:25.837000
SpGetnTurnokey,Nomina,Consultar por llave (SELECT 1 registro),2,2015-06-01 09:49:12.843000,2015-06-01 09:49:12.843000
SpGetnVacaciones,Nomina,Consultar (SELECT),0,2015-07-11 11:18:53.180000,2022-12-03 06:57:06.267000
SpGetnVacacionesDetalle,Nomina,Consultar (SELECT),0,2015-07-11 11:18:42.033000,2015-07-11 11:18:42.033000
SpGetnVacacionesDetallekey,Nomina,Consultar por llave (SELECT 1 registro),5,2015-07-11 11:17:17.240000,2015-07-11 11:17:17.240000
SpGetnVacacioneskey,Nomina,Consultar por llave (SELECT 1 registro),5,2015-07-11 11:16:53.473000,2015-07-11 11:16:53.473000
SpGetpCalibracionTanque,"Planta / Proceso de extraccion (fruta, pepa, tanques)",Consultar (SELECT),0,2015-02-12 15:48:19.133000,2015-02-12 15:48:19.133000
SpGetpCalibracionTanquekey,"Planta / Proceso de extraccion (fruta, pepa, tanques)",Consultar por llave (SELECT 1 registro),4,2015-02-12 15:48:19.943000,2015-02-12 15:48:19.943000
SpGetpDensidad,"Planta / Proceso de extraccion (fruta, pepa, tanques)",Consultar (SELECT),0,2015-02-12 15:48:19.140000,2015-02-12 15:48:19.140000
SpGetpDensidadkey,"Planta / Proceso de extraccion (fruta, pepa, tanques)",Consultar por llave (SELECT 1 registro),3,2015-02-12 15:48:19.947000,2015-02-12 15:48:19.947000
SpGetpFrutaEstimadaTmp,"Planta / Proceso de extraccion (fruta, pepa, tanques)",Consultar (SELECT),0,2015-02-12 15:48:19.147000,2015-02-12 15:48:19.147000
SpGetpFrutaEstimadaTmpkey,"Planta / Proceso de extraccion (fruta, pepa, tanques)",Consultar por llave (SELECT 1 registro),2,2015-02-12 15:48:19.950000,2015-02-12 15:48:19.950000
SpGetpJerarquia,"Planta / Proceso de extraccion (fruta, pepa, tanques)",Consultar (SELECT),0,2015-05-10 10:39:47.760000,2015-05-10 10:39:47.760000
SpGetpJerarquiaAnalisis,"Planta / Proceso de extraccion (fruta, pepa, tanques)",Consultar (SELECT),0,2015-05-10 10:39:47.760000,2015-05-12 10:27:46.470000
SpGetpJerarquiaAnalisiskey,"Planta / Proceso de extraccion (fruta, pepa, tanques)",Consultar por llave (SELECT 1 registro),3,2015-05-10 10:39:47.763000,2015-05-12 10:27:37.763000
SpGetpJerarquiakey,"Planta / Proceso de extraccion (fruta, pepa, tanques)",Consultar por llave (SELECT 1 registro),2,2015-05-10 10:39:47.763000,2015-05-10 10:39:47.763000
SpGetpNivel,"Planta / Proceso de extraccion (fruta, pepa, tanques)",Consultar (SELECT),0,2015-05-10 10:39:47.763000,2015-05-10 10:39:47.763000
SpGetpNivelkey,"Planta / Proceso de extraccion (fruta, pepa, tanques)",Consultar por llave (SELECT 1 registro),2,2015-05-10 10:39:47.763000,2015-05-10 10:39:47.763000
SpGetpProductoMovimiento,"Planta / Proceso de extraccion (fruta, pepa, tanques)",Consultar (SELECT),0,2015-02-12 15:48:19.153000,2015-02-12 15:48:19.153000
SpGetpProductoMovimientokey,"Planta / Proceso de extraccion (fruta, pepa, tanques)",Consultar por llave (SELECT 1 registro),4,2015-02-12 15:48:19.957000,2017-02-07 14:25:29.150000
SpGetpTransaccion,"Planta / Proceso de extraccion (fruta, pepa, tanques)",Consultar (SELECT),0,2015-02-12 15:48:19.160000,2015-02-12 15:48:19.160000
SpGetpTransaccionDetalle,"Planta / Proceso de extraccion (fruta, pepa, tanques)",Consultar (SELECT),0,2015-02-12 15:48:19.167000,2015-02-12 15:48:19.167000
SpGetpTransaccionDetallekey,"Planta / Proceso de extraccion (fruta, pepa, tanques)",Consultar por llave (SELECT 1 registro),4,2015-02-12 15:48:19.970000,2015-02-12 15:48:19.970000
SpGetpTransaccionkey,"Planta / Proceso de extraccion (fruta, pepa, tanques)",Consultar por llave (SELECT 1 registro),3,2015-02-12 15:48:19.963000,2015-02-12 15:48:19.963000
SpGetsEstados,Seguridad y Sistema,Consultar (SELECT),0,2015-02-12 15:48:19.173000,2015-02-12 15:48:19.173000
SpGetsEstadoskey,Seguridad y Sistema,Consultar por llave (SELECT 1 registro),1,2015-02-12 15:48:19.973000,2015-02-12 15:48:19.973000
SpGetsLogCorreos,Seguridad y Sistema,Consultar (SELECT),0,2015-02-12 15:48:19.180000,2015-02-12 15:48:19.180000
SpGetsLogCorreoskey,Seguridad y Sistema,Consultar por llave (SELECT 1 registro),1,2015-02-12 15:48:19.980000,2015-02-12 15:48:19.980000
SpGetsLogRegistros,Seguridad y Sistema,Consultar (SELECT),0,2015-02-12 15:48:19.183000,2015-02-12 15:48:19.183000
SpGetsLogRegistroskey,Seguridad y Sistema,Consultar por llave (SELECT 1 registro),3,2015-02-12 15:48:19.983000,2015-02-12 15:48:19.983000
SpGetsMenu,Seguridad y Sistema,Consultar (SELECT),0,2015-02-12 15:48:19.190000,2015-02-12 15:48:19.190000
SpGetsMenukey,Seguridad y Sistema,Consultar por llave (SELECT 1 registro),2,2015-02-12 15:48:19.990000,2015-02-12 15:48:19.990000
SpGetsMenus,Seguridad y Sistema,Consultar (SELECT),0,2020-09-02 04:24:58.707000,2020-09-02 04:24:58.707000
SpGetsMenusOperaciones,Seguridad y Sistema,Consultar (SELECT),0,2020-09-02 04:24:58.740000,2020-09-02 04:24:58.740000
SpGetsMenuskey,Seguridad y Sistema,Consultar por llave (SELECT 1 registro),1,2020-09-02 04:24:58.723000,2020-09-02 04:24:58.723000
SpGetsModulos,Seguridad y Sistema,Consultar (SELECT),0,2015-02-12 15:48:19.197000,2022-12-03 06:57:05.067000
SpGetsModuloskey,Seguridad y Sistema,Consultar por llave (SELECT 1 registro),1,2015-02-12 15:48:19.993000,2022-12-03 06:57:05.070000
SpGetsOperaciones,Seguridad y Sistema,Consultar (SELECT),0,2015-02-12 15:48:19.203000,2015-02-12 15:48:19.203000
SpGetsOperacioneskey,Seguridad y Sistema,Consultar por llave (SELECT 1 registro),1,2015-02-12 15:48:19.997000,2015-02-12 15:48:19.997000
SpGetsPerfilPermisos,Seguridad y Sistema,Consultar (SELECT),0,2015-02-12 15:48:19.213000,2022-12-03 06:57:07.043000
SpGetsPerfilPermisoskey,Seguridad y Sistema,Consultar por llave (SELECT 1 registro),4,2015-02-12 15:48:20.007000,2022-12-03 06:57:07.053000
SpGetsPerfiles,Seguridad y Sistema,Consultar (SELECT),0,2015-02-12 15:48:19.210000,2015-02-12 15:48:19.210000
SpGetsPerfileskey,Seguridad y Sistema,Consultar por llave (SELECT 1 registro),1,2015-02-12 15:48:20,2015-02-12 15:48:20
SpGetsReplicacion,Seguridad y Sistema,Consultar (SELECT),0,2015-02-12 15:48:19.220000,2015-02-12 15:48:19.220000
SpGetsReplicacionkey,Seguridad y Sistema,Consultar por llave (SELECT 1 registro),1,2015-02-12 15:48:20.010000,2015-02-12 15:48:20.010000
SpGetsUsuarioEmpresa,Seguridad y Sistema,Consultar (SELECT),0,2014-10-31 14:40:00.353000,2014-10-31 14:40:00.353000
SpGetsUsuarioEmpresakey,Seguridad y Sistema,Consultar por llave (SELECT 1 registro),2,2014-10-31 14:40:00.907000,2014-10-31 14:40:00.907000
SpGetsUsuarioPerfiles,Seguridad y Sistema,Consultar (SELECT),0,2015-02-12 15:48:19.237000,2018-01-13 10:40:41.277000
SpGetsUsuarioPerfileskey,Seguridad y Sistema,Consultar por llave (SELECT 1 registro),2,2015-02-12 15:48:20.017000,2015-06-17 15:49:45.970000
SpGetsUsuarios,Seguridad y Sistema,Consultar (SELECT),0,2015-02-12 15:48:19.240000,2015-02-12 15:48:19.240000
SpGetsUsuarioskey,Seguridad y Sistema,Consultar por llave (SELECT 1 registro),1,2015-02-12 15:48:20.020000,2015-02-12 15:48:20.020000
SpGetsysEntidadCampo,Metadatos de Sistema (motor dinamico),Consultar (SELECT),0,2015-02-12 15:48:19.253000,2015-02-12 15:48:19.253000
SpGetsysEntidadCampokey,Metadatos de Sistema (motor dinamico),Consultar por llave (SELECT 1 registro),2,2015-02-12 15:48:20.030000,2015-02-12 15:48:20.030000
SpGetsysEntidadMetodos,Metadatos de Sistema (motor dinamico),Consultar (SELECT),0,2015-02-12 15:48:19.260000,2015-02-12 15:48:19.260000
SpGetsysEntidadMetodoskey,Metadatos de Sistema (motor dinamico),Consultar por llave (SELECT 1 registro),2,2015-02-12 15:48:20.037000,2015-02-12 15:48:20.037000
SpGetsysdiagrams,N/A,Sistema (auto-generado SSMS/motor),0,2015-02-12 15:48:19.247000,2015-02-12 15:48:19.247000
SpInsertaLogRegistro,Logistica de Despacho,Crear (INSERT),8,2014-10-15 14:50:51.567000,2014-11-11 11:17:52.253000
SpInsertaaCaracteristica,"Agro (Fincas, Lotes, Transacciones de campo)",Crear (INSERT),7,2016-04-28 10:26:40.737000,2016-04-28 10:27:28.183000
SpInsertaaFinca,"Agro (Fincas, Lotes, Transacciones de campo)",Crear (INSERT),15,2015-02-12 15:48:18.423000,2019-04-04 15:31:05.703000
SpInsertaaGrupoCaracteristica,"Agro (Fincas, Lotes, Transacciones de campo)",Crear (INSERT),5,2016-04-28 10:26:40.743000,2016-04-28 10:27:28.183000
SpInsertaaGrupoLabor,"Agro (Fincas, Lotes, Transacciones de campo)",Crear (INSERT),5,2014-11-06 14:44:33.463000,2014-11-06 14:44:33.463000
SpInsertaaGrupoNovedad,"Agro (Fincas, Lotes, Transacciones de campo)",Crear (INSERT),8,2015-02-12 15:48:18.430000,2016-08-22 09:43:50.903000
SpInsertaaLabor,"Agro (Fincas, Lotes, Transacciones de campo)",Crear (INSERT),16,2014-11-06 14:44:33.530000,2014-11-06 14:44:33.530000
SpInsertaaLaborLotePrecio,"Agro (Fincas, Lotes, Transacciones de campo)",Crear (INSERT),7,2014-11-06 14:44:33.597000,2014-11-06 14:44:33.597000
SpInsertaaLoteCanal,"Agro (Fincas, Lotes, Transacciones de campo)",Crear (INSERT),6,2014-11-24 08:59:52.273000,2015-02-12 15:48:20.770000
SpInsertaaLoteCcostoSigo,"Agro (Fincas, Lotes, Transacciones de campo)",Crear (INSERT),5,2015-11-20 19:29:05.373000,2015-11-20 19:29:05.373000
SpInsertaaLotePesosPeriodo,"Agro (Fincas, Lotes, Transacciones de campo)",Crear (INSERT),11,2015-02-12 15:48:18.437000,2016-01-28 11:20:06.287000
SpInsertaaLotePrecio,"Agro (Fincas, Lotes, Transacciones de campo)",Crear (INSERT),7,2014-11-04 10:40:05.003000,2014-11-04 10:40:05.003000
SpInsertaaLotes,"Agro (Fincas, Lotes, Transacciones de campo)",Crear (INSERT),25,2015-02-12 15:48:18.443000,2018-12-06 07:32:06.487000
SpInsertaaLotesCanal,"Agro (Fincas, Lotes, Transacciones de campo)",Crear (INSERT),6,2015-02-12 15:48:18.450000,2022-12-03 06:57:05.243000
SpInsertaaLotesDetalle,"Agro (Fincas, Lotes, Transacciones de campo)",Crear (INSERT),8,2015-02-12 15:48:18.457000,2022-12-03 06:57:05.270000
SpInsertaaNovedad,"Agro (Fincas, Lotes, Transacciones de campo)",Crear (INSERT),38,2015-02-12 15:48:18.463000,2022-12-09 12:51:58.943000
SpInsertaaNovedadFincaCcosto,"Agro (Fincas, Lotes, Transacciones de campo)",Crear (INSERT),6,2018-04-18 15:02:03.670000,2018-04-18 15:02:03.670000
SpInsertaaNovedadLotePrecio,"Agro (Fincas, Lotes, Transacciones de campo)",Crear (INSERT),13,2015-02-12 15:48:18.470000,2015-07-04 12:54:38.960000
SpInsertaaNovedadPrecio,"Agro (Fincas, Lotes, Transacciones de campo)",Crear (INSERT),15,2017-09-19 08:32:15.063000,2017-10-26 08:17:48.577000
SpInsertaaParametrosDescuento,"Agro (Fincas, Lotes, Transacciones de campo)",Crear (INSERT),20,2018-01-13 10:09:49.287000,2018-04-03 12:04:21.857000
SpInsertaaPeriodo,"Agro (Fincas, Lotes, Transacciones de campo)",Crear (INSERT),7,2015-02-12 15:48:18.477000,2015-02-12 15:48:18.477000
SpInsertaaSanidad,"Agro (Fincas, Lotes, Transacciones de campo)",Crear (INSERT),16,2015-02-12 15:48:18.483000,2017-02-25 10:14:13.920000
SpInsertaaSanidadDetalle,"Agro (Fincas, Lotes, Transacciones de campo)",Crear (INSERT),18,2015-02-12 15:48:18.490000,2017-02-25 11:16:52.710000
SpInsertaaSecciones,"Agro (Fincas, Lotes, Transacciones de campo)",Crear (INSERT),7,2015-02-12 15:48:18.497000,2017-09-12 08:58:43.703000
SpInsertaaTipoCanal,"Agro (Fincas, Lotes, Transacciones de campo)",Crear (INSERT),5,2015-02-12 15:48:18.503000,2015-02-12 15:48:18.503000
SpInsertaaTipoNovedad,"Agro (Fincas, Lotes, Transacciones de campo)",Crear (INSERT),4,2015-02-12 15:48:18.510000,2015-02-12 15:48:18.510000
SpInsertaaTransaccion,"Agro (Fincas, Lotes, Transacciones de campo)",Crear (INSERT),23,2015-02-12 15:48:18.517000,2022-12-03 06:57:06.633000
SpInsertaaTransaccionBascula,"Agro (Fincas, Lotes, Transacciones de campo)",Crear (INSERT),17,2015-02-12 15:48:18.523000,2017-11-10 14:01:32.150000
SpInsertaaTransaccionCosechaFull,"Agro (Fincas, Lotes, Transacciones de campo)",Crear (INSERT),16,2022-12-05 08:56:39.503000,2022-12-05 08:56:39.503000
SpInsertaaTransaccionF,"Agro (Fincas, Lotes, Transacciones de campo)",Crear (INSERT),26,2019-06-11 09:44:27.500000,2023-01-24 08:26:46.203000
SpInsertaaTransaccionItem,"Agro (Fincas, Lotes, Transacciones de campo)",Crear (INSERT),20,2017-01-23 18:09:19.490000,2019-06-11 09:40:42.310000
SpInsertaaTransaccionNovedad,"Agro (Fincas, Lotes, Transacciones de campo)",Crear (INSERT),23,2015-02-12 15:48:18.530000,2022-12-03 06:57:06.647000
SpInsertaaTransaccionNovedadCosechaFull,"Agro (Fincas, Lotes, Transacciones de campo)",Crear (INSERT),22,2022-12-05 09:01:51.167000,2022-12-05 09:01:51.167000
SpInsertaaTransaccionPepa,"Agro (Fincas, Lotes, Transacciones de campo)",Crear (INSERT),22,2018-03-05 17:20:28.253000,2022-12-03 06:57:06.653000
SpInsertaaTransaccionTercero,"Agro (Fincas, Lotes, Transacciones de campo)",Crear (INSERT),21,2015-02-12 15:48:18.537000,2022-12-03 06:57:05.020000
SpInsertaaTransaccionTerceroCosechaFull,"Agro (Fincas, Lotes, Transacciones de campo)",Crear (INSERT),21,2022-12-05 09:02:28.707000,2022-12-05 09:02:28.707000
SpInsertaaVariedad,"Agro (Fincas, Lotes, Transacciones de campo)",Crear (INSERT),6,2015-02-12 15:48:18.540000,2015-02-12 15:48:18.540000
SpInsertabProcedencia,Bascula y Transporte,Crear (INSERT),8,2015-02-12 15:48:18.550000,2015-02-12 15:48:18.550000
SpInsertabProcedenciaCorreos,Bascula y Transporte,Crear (INSERT),4,2015-02-12 15:48:18.553000,2015-02-12 15:48:18.553000
SpInsertabRegistroBascula,Bascula y Transporte,Crear (INSERT),36,2015-02-12 15:48:18.560000,2017-02-08 11:00:07.627000
SpInsertabRegistroPorteria,Bascula y Transporte,Crear (INSERT),16,2015-02-12 15:48:18.570000,2017-02-07 11:32:41.317000
SpInsertabRemision,Bascula y Transporte,Crear (INSERT),9,2015-02-12 15:48:18.577000,2015-02-12 15:48:18.577000
SpInsertabTipoVehiculo,Bascula y Transporte,Crear (INSERT),6,2015-02-12 15:48:18.590000,2015-02-12 15:48:18.590000
SpInsertabVehiculo,Bascula y Transporte,Crear (INSERT),9,2015-02-12 15:48:18.597000,2015-02-12 15:48:18.597000
SpInsertacCentrosCosto,Contabilidad,Crear (INSERT),13,2015-02-12 15:48:18.603000,2015-04-30 10:22:00.050000
SpInsertacCentrosCostoSigo,Contabilidad,Crear (INSERT),9,2015-08-05 14:45:37.830000,2015-08-05 14:45:37.830000
SpInsertacClaseIR,Contabilidad,Crear (INSERT),8,2015-02-12 15:48:18.610000,2015-02-12 15:48:18.610000
SpInsertacClaseParametroContaNomi,Contabilidad,Crear (INSERT),15,2015-08-06 14:48:15.063000,2018-04-13 17:22:53.813000
SpInsertacConceptoIR,Contabilidad,Crear (INSERT),10,2015-02-12 15:48:18.617000,2015-02-12 15:48:18.617000
SpInsertacContacto,Contabilidad,Crear (INSERT),12,2014-10-29 14:26:05.567000,2014-10-29 14:26:05.567000
SpInsertacEstructuraCCosto,Contabilidad,Crear (INSERT),8,2015-02-12 15:48:18.623000,2015-02-12 15:48:18.623000
SpInsertacGrupoCCosto,Contabilidad,Crear (INSERT),5,2015-02-12 15:48:18.630000,2015-02-12 15:48:18.630000
SpInsertacGrupoConcepto,Contabilidad,Crear (INSERT),4,2014-11-06 10:19:40.177000,2014-11-06 10:19:40.177000
SpInsertacGrupoConceptoIR,Contabilidad,Crear (INSERT),4,2015-02-12 15:48:18.633000,2015-02-12 15:48:18.633000
SpInsertacGrupoIR,Contabilidad,Crear (INSERT),6,2015-02-12 15:48:18.640000,2015-02-12 15:48:18.640000
SpInsertacParametroContaNomi,Contabilidad,Crear (INSERT),24,2015-08-06 14:48:15.060000,2015-09-30 20:02:44.063000
SpInsertacPeriodo,Contabilidad,Crear (INSERT),7,2015-02-12 15:48:18.647000,2015-08-06 10:32:43.273000
SpInsertacPuc,Contabilidad,Crear (INSERT),13,2015-02-12 15:48:18.653000,2015-08-06 11:13:14.007000
SpInsertacTercero,Contabilidad,Crear (INSERT),32,2015-02-12 15:48:18.660000,2019-06-28 08:51:04.130000
SpInsertacxcCliente,Cuentas por Cobrar,Crear (INSERT),12,2015-02-12 15:48:18.667000,2015-02-12 15:48:18.667000
SpInsertacxcClienteClaseIR,Cuentas por Cobrar,Crear (INSERT),6,2015-02-12 15:48:18.673000,2015-02-12 15:48:18.673000
SpInsertacxpClaseProveedor,Cuentas por Pagar,Crear (INSERT),4,2015-02-12 15:48:18.680000,2015-02-12 15:48:18.680000
SpInsertacxpProveedor,Cuentas por Pagar,Crear (INSERT),14,2015-02-12 15:48:18.687000,2015-02-12 15:48:18.687000
SpInsertacxpProveedorBanco,Cuentas por Pagar,Crear (INSERT),7,2015-02-12 15:48:18.693000,2015-02-12 15:48:18.693000
SpInsertacxpProveedorCalseIR,Cuentas por Pagar,Crear (INSERT),6,2015-02-12 15:48:18.700000,2015-02-12 15:48:18.700000
SpInsertafMercado,Mercado,Crear (INSERT),6,2015-02-12 15:48:18.707000,2015-02-12 15:48:18.707000
SpInsertafTipoMercado,Mercado,Crear (INSERT),5,2015-02-12 15:48:18.710000,2015-02-12 15:48:18.710000
SpInsertagBanco,Catalogos Generales,Crear (INSERT),4,2015-02-12 15:48:18.717000,2015-02-12 15:48:18.717000
SpInsertagCiudad,Catalogos Generales,Crear (INSERT),6,2015-02-12 15:48:18.723000,2017-02-27 10:49:56.357000
SpInsertagClaseCuenta,Catalogos Generales,Crear (INSERT),4,2015-08-06 10:36:08.730000,2015-08-06 10:36:08.730000
SpInsertagCodigoNacionalOcupacion,Catalogos Generales,Crear (INSERT),4,2015-02-12 15:48:18.730000,2015-02-12 15:48:18.730000
SpInsertagConfigParametrosGenerales,Catalogos Generales,Crear (INSERT),9,2018-06-06 12:28:58.093000,2018-06-06 12:49:34.707000
SpInsertagDepartamento,Catalogos Generales,Crear (INSERT),4,2017-02-27 11:14:57.413000,2017-02-27 11:14:57.413000
SpInsertagDiagnostico,Catalogos Generales,Crear (INSERT),4,2015-04-27 17:05:36.640000,2015-04-27 17:05:36.640000
SpInsertagEmpresa,Catalogos Generales,Crear (INSERT),9,2015-02-12 15:48:18.737000,2015-02-12 15:48:18.737000
SpInsertagEntidadNacional,Catalogos Generales,Crear (INSERT),4,2015-02-12 15:48:18.743000,2015-02-12 15:48:18.743000
SpInsertagFormaPago,Catalogos Generales,Crear (INSERT),5,2015-02-12 15:48:18.750000,2015-08-04 18:45:47.910000
SpInsertagFoto,Catalogos Generales,Crear (INSERT),2,2015-02-12 15:48:18.753000,2017-07-13 17:50:08.050000
SpInsertagNivelEducativo,Catalogos Generales,Crear (INSERT),4,2015-02-12 15:48:18.760000,2015-02-12 15:48:18.760000
SpInsertagPais,Catalogos Generales,Crear (INSERT),4,2015-02-12 15:48:18.767000,2015-02-12 15:48:18.767000
SpInsertagParametros,Catalogos Generales,Crear (INSERT),5,2015-02-12 15:48:18.773000,2015-02-12 15:48:18.773000
SpInsertagParametrosGenerales,Catalogos Generales,Crear (INSERT),52,2017-02-07 09:33:47.963000,2017-02-07 09:33:47.963000
SpInsertagRegimenTributario,Catalogos Generales,Crear (INSERT),4,2015-02-12 15:48:18.787000,2015-02-12 15:48:18.787000
SpInsertagRh,Catalogos Generales,Crear (INSERT),4,2015-02-12 15:48:18.793000,2015-02-12 15:48:18.793000
SpInsertagTipoCuenta,Catalogos Generales,Crear (INSERT),4,2015-02-12 15:48:18.800000,2015-02-12 15:48:18.800000
SpInsertagTipoCuentaBancaria,Catalogos Generales,Crear (INSERT),4,2015-02-12 15:48:18.807000,2015-02-12 15:48:18.807000
SpInsertagTipoDocumento,Catalogos Generales,Crear (INSERT),6,2015-02-12 15:48:18.810000,2019-03-18 16:31:38.220000
SpInsertagTipoEmbargo,Catalogos Generales,Crear (INSERT),5,2015-04-23 11:30:53.170000,2015-04-23 11:30:53.170000
SpInsertagTipoLiquidacion,Catalogos Generales,Crear (INSERT),4,2015-04-21 17:44:14.677000,2015-04-21 17:44:14.677000
SpInsertagTipoTransaccion,Catalogos Generales,Crear (INSERT),16,2015-02-12 15:48:18.817000,2022-12-03 06:57:05.030000
SpInsertagTipoTransaccionCampo,Catalogos Generales,Crear (INSERT),11,2015-02-12 15:48:18.823000,2015-02-12 15:48:18.823000
SpInsertagTipoTransaccionConfig,Catalogos Generales,Crear (INSERT),31,2015-02-12 15:48:18.830000,2017-01-23 17:39:57.140000
SpInsertagTipoTransaccionDias,Catalogos Generales,Crear (INSERT),10,2015-02-12 15:48:18.840000,2015-02-12 15:48:18.840000
SpInsertagTipoTransaccionProducto,Catalogos Generales,Crear (INSERT),4,2015-02-12 15:48:18.843000,2015-02-12 15:48:18.843000
SpInsertagUnidadMedida,Catalogos Generales,Crear (INSERT),6,2015-02-12 15:48:18.850000,2015-02-12 15:48:18.850000
SpInsertaiBodega,Inventario / Items / Bodega,Crear (INSERT),14,2015-02-12 15:48:18.857000,2015-02-12 15:48:18.857000
SpInsertaiBodegaTipoTransaccion,Inventario / Items / Bodega,Crear (INSERT),4,2015-02-12 15:48:18.863000,2015-02-12 15:48:18.863000
SpInsertaiDestino,Inventario / Items / Bodega,Crear (INSERT),10,2015-02-12 15:48:18.870000,2015-02-12 15:48:18.870000
SpInsertaiGrupoImpuestoIR,Inventario / Items / Bodega,Crear (INSERT),5,2014-12-04 15:06:11.870000,2014-12-04 15:06:11.870000
SpInsertaiItems,Inventario / Items / Bodega,Crear (INSERT),12,2015-02-12 15:48:18.877000,2023-01-20 06:30:33.767000
SpInsertaiItemsBodega,Inventario / Items / Bodega,Crear (INSERT),4,2017-02-07 14:05:52.483000,2017-02-07 14:05:52.483000
SpInsertaiItemsCriterios,Inventario / Items / Bodega,Crear (INSERT),6,2015-02-12 15:48:18.883000,2015-02-12 15:48:18.883000
SpInsertaiMayorItem,Inventario / Items / Bodega,Crear (INSERT),7,2015-02-12 15:48:18.890000,2015-02-12 15:48:18.890000
SpInsertaiNivelDestino,Inventario / Items / Bodega,Crear (INSERT),5,2015-02-12 15:48:18.897000,2015-02-12 15:48:18.897000
SpInsertaiPlanItem,Inventario / Items / Bodega,Crear (INSERT),7,2015-02-12 15:48:18.900000,2015-02-12 15:48:18.900000
SpInsertaiTransaccion,Inventario / Items / Bodega,Crear (INSERT),19,2015-02-12 15:48:18.907000,2015-02-12 15:48:18.907000
SpInsertalAnalisis,"Laboratorio (calidad, tanques)",Crear (INSERT),12,2015-02-12 15:48:18.913000,2015-02-12 15:48:18.913000
SpInsertalAnalisisItem,"Laboratorio (calidad, tanques)",Crear (INSERT),4,2015-02-12 15:48:18.920000,2015-02-12 15:48:18.920000
SpInsertalAnalisisTanque,"Laboratorio (calidad, tanques)",Crear (INSERT),4,2014-12-15 16:54:08.990000,2014-12-15 16:54:08.990000
SpInsertalAnlisisItem,"Laboratorio (calidad, tanques)",Crear (INSERT),5,2014-12-06 12:52:09.723000,2014-12-06 12:52:09.723000
SpInsertalRegistroAnalisis,"Laboratorio (calidad, tanques)",Crear (INSERT),8,2015-02-12 15:48:18.960000,2015-02-12 15:48:18.960000
SpInsertalRegistroAnalisisTanque,"Laboratorio (calidad, tanques)",Crear (INSERT),6,2015-02-12 15:48:18.967000,2015-02-12 15:48:18.967000
SpInsertalRegistroBodega,"Laboratorio (calidad, tanques)",Crear (INSERT),6,2015-02-12 15:48:18.973000,2015-02-12 15:48:18.973000
SpInsertalRegistroSellos,"Laboratorio (calidad, tanques)",Crear (INSERT),7,2017-02-08 16:22:36.410000,2017-02-08 16:22:36.410000
SpInsertalRegistroTanque,"Laboratorio (calidad, tanques)",Crear (INSERT),6,2014-12-15 15:04:47.033000,2014-12-15 15:04:47.033000
SpInsertalTanque,"Laboratorio (calidad, tanques)",Crear (INSERT),7,2015-02-12 15:48:18.980000,2015-02-12 15:48:18.980000
SpInsertalogCarnetDespacho,Logistica de Despacho,Crear (INSERT),4,2015-02-12 15:48:18.927000,2015-02-12 15:48:18.927000
SpInsertalogDespacho,Logistica de Despacho,Crear (INSERT),19,2015-02-12 15:48:18.933000,2015-02-12 15:48:18.933000
SpInsertalogProgramacionGeneral,Logistica de Despacho,Crear (INSERT),10,2015-02-12 15:48:18.940000,2015-02-12 15:48:18.940000
SpInsertalogProgramacionVehiculo,Logistica de Despacho,Crear (INSERT),24,2015-02-12 15:48:18.947000,2017-02-07 11:47:34.530000
SpInsertalogProgramacionVehiculoEstado,Logistica de Despacho,Crear (INSERT),5,2014-12-10 10:48:27.747000,2014-12-10 10:48:27.747000
SpInsertanCantroTrabajo,Nomina,Crear (INSERT),6,2015-04-14 16:43:11.290000,2015-04-14 16:46:05.400000
SpInsertanCargo,Nomina,Crear (INSERT),9,2015-02-12 15:48:18.987000,2015-04-14 16:46:05.400000
SpInsertanCcostoNomina,Nomina,Crear (INSERT),5,2015-01-21 15:06:51.747000,2015-04-14 16:46:05.403000
SpInsertanCentroTrabajo,Nomina,Crear (INSERT),6,2015-04-14 16:43:11.293000,2015-04-21 18:29:39.393000
SpInsertanClaseContrato,Nomina,Crear (INSERT),9,2015-04-14 16:43:11.297000,2015-08-11 16:01:12.487000
SpInsertanConcepto,Nomina,Crear (INSERT),39,2015-04-14 16:43:11.297000,2017-07-10 14:21:44.737000
SpInsertanConceptoRango,Nomina,Crear (INSERT),9,2015-04-14 16:43:11.297000,2015-04-23 17:22:52.840000
SpInsertanConceptosFijos,Nomina,Crear (INSERT),29,2015-04-14 16:43:11.300000,2017-06-10 10:17:27.997000
SpInsertanConceptosFijosDetalle,Nomina,Crear (INSERT),7,2015-04-14 16:43:11.300000,2015-04-24 16:59:15.457000
SpInsertanCuadrilla,Nomina,Crear (INSERT),7,2015-02-12 15:48:19,2018-04-27 09:43:20.217000
SpInsertanCuadrillaFuncionario,Nomina,Crear (INSERT),4,2015-02-12 15:48:19.007000,2015-04-14 16:46:05.413000
SpInsertanDepartamento,Nomina,Crear (INSERT),6,2015-02-12 15:48:19.013000,2015-04-14 16:46:05.417000
SpInsertanDiasHabilesCc,Nomina,Crear (INSERT),6,2015-05-09 10:32:19.813000,2015-05-09 10:43:56.610000
SpInsertanEmbargos,Nomina,Crear (INSERT),38,2015-04-14 16:43:11.307000,2016-04-27 18:09:53.077000
SpInsertanEntidadAfc,Nomina,Crear (INSERT),12,2015-02-12 15:48:19.020000,2015-04-14 16:46:05.420000
SpInsertanEntidadAfp,Nomina,Crear (INSERT),11,2015-04-14 16:43:11.310000,2015-04-14 16:46:05.420000
SpInsertanEntidadArp,Nomina,Crear (INSERT),12,2015-02-12 15:48:19.023000,2015-04-14 16:46:05.420000
SpInsertanEntidadCaja,Nomina,Crear (INSERT),16,2015-02-12 15:48:19.047000,2015-04-14 16:46:05.420000
SpInsertanEntidadEps,Nomina,Crear (INSERT),16,2015-02-12 15:48:19.053000,2015-04-14 16:46:05.423000
SpInsertanEntidadFondo,Nomina,Crear (INSERT),13,2015-02-12 15:48:19.060000,2015-06-19 15:34:23.747000
SpInsertanEntidadFondoPension,Nomina,Crear (INSERT),17,2015-02-12 15:48:19.067000,2015-04-14 16:46:05.427000
SpInsertanEntidadIcbf,Nomina,Crear (INSERT),16,2015-02-12 15:48:19.073000,2015-04-14 16:46:05.427000
SpInsertanEntidadSena,Nomina,Crear (INSERT),16,2015-02-12 15:48:19.080000,2015-04-14 16:46:05.427000
SpInsertanFestivo,Nomina,Crear (INSERT),3,2015-04-30 13:49:48.650000,2015-04-30 13:49:48.650000
SpInsertanFuncionario,Nomina,Crear (INSERT),22,2015-02-12 15:48:19.087000,2022-12-03 06:57:05.043000
SpInsertanGrupoConcepto,Nomina,Crear (INSERT),6,2015-08-27 15:27:48.710000,2018-03-01 09:37:38.433000
SpInsertanGrupoConceptoDetalle,Nomina,Crear (INSERT),4,2015-08-27 15:27:23.377000,2018-03-01 09:37:45.160000
SpInsertanIncapacidad,Nomina,Crear (INSERT),22,2015-04-27 16:34:51.560000,2017-01-28 09:50:25.883000
SpInsertanLiquidacionPrimaDetalle,Nomina,Crear (INSERT),20,2018-06-13 18:48:27.270000,2018-06-14 08:13:05.910000
SpInsertanModoCampo,Nomina,Crear (INSERT),5,2015-04-14 16:43:11.320000,2015-04-14 16:46:05.433000
SpInsertanMotivoRetiro,Nomina,Crear (INSERT),8,2015-02-12 15:48:19.093000,2015-04-14 16:46:05.433000
SpInsertanNovedades,Nomina,Crear (INSERT),15,2015-04-14 16:43:11.320000,2018-05-02 09:59:51.690000
SpInsertanNovedadesDetalle,Nomina,Crear (INSERT),19,2015-04-14 16:43:11.323000,2018-05-02 10:01:58.080000
SpInsertanPagosNomina,Nomina,Crear (INSERT),18,2015-08-04 18:57:28.860000,2022-12-03 06:57:06.303000
SpInsertanParametroSeguridadSocial,Nomina,Crear (INSERT),4,2015-09-14 14:31:41.870000,2015-09-14 14:40:35.730000
SpInsertanParametroSeguridadSocialDetalle,Nomina,Crear (INSERT),4,2015-09-14 14:31:41.870000,2015-09-14 14:40:35.730000
SpInsertanParametrosAno,Nomina,Crear (INSERT),33,2015-02-12 15:48:19.100000,2015-04-14 16:46:05.437000
SpInsertanParametrosGeneral,Nomina,Crear (INSERT),71,2015-04-14 16:43:11.327000,2018-03-03 08:13:26.850000
SpInsertanParametrosTipoCotizante,Nomina,Crear (INSERT),11,2015-08-25 09:43:24.430000,2015-08-25 09:43:24.430000
SpInsertanPeriodo,Nomina,Crear (INSERT),11,2015-02-12 15:48:19.107000,2015-04-14 16:46:05.440000
SpInsertanPeriodoDetalle,Nomina,Crear (INSERT),16,2015-02-12 15:48:19.113000,2022-12-03 06:57:06.660000
SpInsertanPlanoBanco,Nomina,Crear (INSERT),6,2015-07-31 13:21:41.940000,2018-06-27 16:14:55.460000
SpInsertanPlanoBancoDetalle,Nomina,Crear (INSERT),13,2015-07-31 13:21:27.030000,2018-06-28 11:34:59.387000
SpInsertanPrestamo,Nomina,Crear (INSERT),26,2015-04-14 16:43:11.330000,2018-02-16 10:52:35.840000
SpInsertanProgramacionFuncionarios,Nomina,Crear (INSERT),9,2015-06-01 09:52:22.273000,2015-06-01 09:52:22.273000
SpInsertanProrroga,Nomina,Crear (INSERT),16,2015-02-12 15:48:19.120000,2022-12-03 06:57:06.317000
SpInsertanRegistroPorteriaManual,Nomina,Crear (INSERT),11,2015-06-24 14:59:36.400000,2017-10-27 11:20:18.330000
SpInsertanSeguridadSocial,Nomina,Crear (INSERT),43,2015-09-29 09:27:40.033000,2016-08-12 09:58:44.590000
SpInsertanSubTipoCotizante,Nomina,Crear (INSERT),9,2015-08-11 17:11:28.343000,2015-08-11 17:11:28.343000
SpInsertanTipoConcepto,Nomina,Crear (INSERT),5,2016-05-06 16:08:38.667000,2016-05-06 16:08:38.667000
SpInsertanTipoConceptoDetalle,Nomina,Crear (INSERT),4,2016-05-06 16:08:38.667000,2016-05-06 16:08:38.667000
SpInsertanTipoCotizante,Nomina,Crear (INSERT),8,2015-02-12 15:48:19.127000,2015-08-11 17:02:04.017000
SpInsertanTipoIncapacidad,Nomina,Crear (INSERT),13,2015-04-27 16:38:14.493000,2018-05-31 11:47:47.617000
SpInsertanTipoNomina,Nomina,Crear (INSERT),9,2015-02-12 15:48:19.130000,2015-04-14 16:46:05.447000
SpInsertanTurno,Nomina,Crear (INSERT),7,2015-06-01 09:51:20.660000,2015-06-01 09:51:20.660000
SpInsertanTurnoDepartamento,Nomina,Crear (INSERT),5,2015-06-01 09:48:56.810000,2015-06-01 09:48:56.810000
SpInsertanVacaciones,Nomina,Crear (INSERT),30,2015-07-11 11:16:28.690000,2022-12-03 06:57:06.663000
SpInsertanVacacionesDetalle,Nomina,Crear (INSERT),17,2015-07-11 11:16:07.797000,2015-07-11 11:16:07.797000
SpInsertapCalibracionTanque,"Planta / Proceso de extraccion (fruta, pepa, tanques)",Crear (INSERT),7,2015-02-12 15:48:19.137000,2015-02-12 15:48:19.137000
SpInsertapDensidad,"Planta / Proceso de extraccion (fruta, pepa, tanques)",Crear (INSERT),6,2015-02-12 15:48:19.143000,2015-02-12 15:48:19.143000
SpInsertapFrutaEstimadaTmp,"Planta / Proceso de extraccion (fruta, pepa, tanques)",Crear (INSERT),4,2015-02-12 15:48:19.150000,2015-02-12 15:48:19.150000
SpInsertapJerarquia,"Planta / Proceso de extraccion (fruta, pepa, tanques)",Crear (INSERT),8,2015-05-10 10:39:47.770000,2015-05-10 10:39:47.770000
SpInsertapJerarquiaAnalisis,"Planta / Proceso de extraccion (fruta, pepa, tanques)",Crear (INSERT),12,2015-05-10 10:39:47.770000,2015-05-12 10:27:27.583000
SpInsertapNivel,"Planta / Proceso de extraccion (fruta, pepa, tanques)",Crear (INSERT),5,2015-05-10 10:39:47.770000,2015-05-10 10:39:47.770000
SpInsertapProductoMovimiento,"Planta / Proceso de extraccion (fruta, pepa, tanques)",Crear (INSERT),15,2015-02-12 15:48:19.157000,2017-02-07 14:24:41.933000
SpInsertapTransaccion,"Planta / Proceso de extraccion (fruta, pepa, tanques)",Crear (INSERT),14,2015-02-12 15:48:19.163000,2017-02-08 11:39:10.347000
SpInsertapTransaccionDetalle,"Planta / Proceso de extraccion (fruta, pepa, tanques)",Crear (INSERT),9,2015-02-12 15:48:19.170000,2015-02-12 15:48:19.170000
SpInsertaperfilPermisos,"Planta / Proceso de extraccion (fruta, pepa, tanques)",Crear (INSERT),7,2014-10-31 16:54:36.180000,2022-12-03 06:57:07.060000
SpInsertasEstados,Seguridad y Sistema,Crear (INSERT),3,2015-02-12 15:48:19.177000,2015-02-12 15:48:19.177000
SpInsertasLogRegistros,Seguridad y Sistema,Crear (INSERT),9,2015-02-12 15:48:19.187000,2015-02-12 15:48:19.187000
SpInsertasMenu,Seguridad y Sistema,Crear (INSERT),6,2015-02-12 15:48:19.193000,2015-02-12 15:48:19.193000
SpInsertasMenus,Seguridad y Sistema,Crear (INSERT),10,2020-09-02 04:24:58.740000,2020-09-02 04:24:58.740000
SpInsertasMenusOperaciones,Seguridad y Sistema,Crear (INSERT),3,2020-09-02 04:24:58.707000,2020-09-02 04:24:58.707000
SpInsertasModulos,Seguridad y Sistema,Crear (INSERT),10,2015-02-12 15:48:19.200000,2022-12-03 06:57:05.070000
SpInsertasOperaciones,Seguridad y Sistema,Crear (INSERT),4,2015-02-12 15:48:19.207000,2015-02-12 15:48:19.207000
SpInsertasPerfilPermisos,Seguridad y Sistema,Crear (INSERT),7,2015-02-12 15:48:19.217000,2022-12-03 06:57:05.080000
SpInsertasPerfiles,Seguridad y Sistema,Crear (INSERT),4,2015-02-12 15:48:19.210000,2015-02-12 15:48:19.210000
SpInsertasReplicacion,Seguridad y Sistema,Crear (INSERT),7,2015-02-12 15:48:19.223000,2015-02-12 15:48:20.767000
SpInsertasUsuarioEmpresa,Seguridad y Sistema,Crear (INSERT),3,2014-10-31 14:40:00.360000,2014-10-31 14:40:00.360000
SpInsertasUsuarioPerfiles,Seguridad y Sistema,Crear (INSERT),5,2015-02-12 15:48:19.240000,2015-06-17 15:49:59.090000
SpInsertasysEntidadCampo,Metadatos de Sistema (motor dinamico),Crear (INSERT),3,2015-02-12 15:48:19.257000,2015-02-12 15:48:19.257000
SpInsertasysEntidadMetodos,Metadatos de Sistema (motor dinamico),Crear (INSERT),8,2015-02-12 15:48:19.263000,2015-02-12 15:48:19.263000
SpRetornaDiaSemanaTransaccion,Otro / Utilitario,Sin clasificar,3,2015-01-10 10:27:26.400000,2015-01-10 10:27:26.400000
SpSeleccionaAnalisisRemision,"Agro (Fincas, Lotes, Transacciones de campo)",Consultar (SELECT),2,2017-02-08 17:11:09.353000,2017-02-25 12:30:11.533000
SpSeleccionaAnalisisTiqueteDES,"Agro (Fincas, Lotes, Transacciones de campo)",Consultar (SELECT),2,2015-04-21 14:16:37.253000,2017-02-09 09:11:30.277000
SpSeleccionaAnalisisTiqueteEMP,"Agro (Fincas, Lotes, Transacciones de campo)",Consultar (SELECT),2,2015-02-05 15:33:42.970000,2017-02-08 14:42:23.547000
SpSeleccionaAnalisistransaccion,"Agro (Fincas, Lotes, Transacciones de campo)",Consultar (SELECT),3,2017-02-07 15:41:28.497000,2017-02-07 15:41:28.497000
SpSeleccionaCabeceraLiquidacionPrima,Contabilidad,Consultar (SELECT),3,2017-06-30 16:13:02.097000,2017-06-30 16:13:02.097000
SpSeleccionaDetalleLiquidacionPrima,Otro / Utilitario,Consultar (SELECT),3,2017-06-30 16:13:02.137000,2017-07-12 08:43:57.427000
SpSeleccionaGrupoCCosto,Catalogos Generales,Consultar (SELECT),1,2018-03-14 14:44:18.123000,2018-03-14 14:44:18.123000
SpSeleccionaInformaciónConcepto,Inventario / Items / Bodega,Consultar (SELECT),2,2017-06-16 14:54:27.473000,2017-07-10 14:21:44.753000
SpSeleccionaInformeProduccionDiarioFinal,Inventario / Items / Bodega,Consultar (SELECT),2,2015-04-15 11:53:32.413000,2016-01-09 09:16:19.870000
SpSeleccionaInformeProduccionDiarioFinalCorte,Inventario / Items / Bodega,Consultar (SELECT),2,2015-04-22 14:11:53.547000,2016-01-05 12:40:12.587000
SpSeleccionaInformeProduccionFinal,Inventario / Items / Bodega,Consultar (SELECT),2,2015-03-12 15:20:45.580000,2015-04-08 15:35:27.410000
SpSeleccionaLiquidacionHoras,"Laboratorio (calidad, tanques)",Consultar (SELECT),3,2015-07-16 16:02:54.503000,2022-12-03 06:57:06.487000
SpSeleccionaMovimientosProduccion,Otro / Utilitario,Consultar (SELECT),3,2015-01-08 09:09:19.150000,2017-02-07 16:26:52.980000
SpSeleccionaPreLiquidacionHora,"Planta / Proceso de extraccion (fruta, pepa, tanques)",Consultar (SELECT),4,2015-09-09 18:16:11.390000,2017-06-10 11:48:24.407000
SpSeleccionaSellosRemision,Seguridad y Sistema,Consultar (SELECT),2,2017-02-08 17:10:35.180000,2017-02-25 12:33:57.043000
SpSeleccionaTercerosModificacionPrima,Otro / Utilitario,Consultar (SELECT),1,2017-07-12 08:43:57.450000,2017-07-12 08:43:57.450000
SpSeleccionaTiqueteEMP,Otro / Utilitario,Consultar (SELECT),2,2015-02-05 15:29:55.230000,2022-12-03 06:57:06.167000
SpSeleccionapTransaccionDetalle,"Planta / Proceso de extraccion (fruta, pepa, tanques)",Consultar (SELECT),3,2017-06-21 18:06:10.773000,2017-06-21 18:06:10.773000
SpValidaSellos,Seguridad y Sistema,Validar,3,2017-02-07 16:37:51.303000,2017-02-07 16:37:51.303000
SpVerificaUmedidaBulto,Otro / Utilitario,Validar,3,2017-07-15 10:24:51.410000,2017-07-15 10:24:51.410000
SpetcParametroContaNomi,Otro / Utilitario,Sin clasificar,0,2015-08-06 14:48:15.063000,2015-08-26 17:57:54.380000
SpseleccioaSitiosInfos,Seguridad y Sistema,Sin clasificar,3,2014-10-16 15:25:53.490000,2022-12-03 06:57:07.007000
VerificaPeridoPagadoNomina,"Planta / Proceso de extraccion (fruta, pepa, tanques)",Validar,5,2015-08-04 19:12:38.117000,2018-02-19 15:37:22.430000
pSeleccionaRangosConcepto,"Planta / Proceso de extraccion (fruta, pepa, tanques)",Sin clasificar,2,2015-04-16 13:16:10.990000,2015-04-16 13:16:10.990000
spAbrirPeriodosAno,"Planta / Proceso de extraccion (fruta, pepa, tanques)",Abrir periodo/proceso,5,2014-11-04 16:40:15.033000,2016-07-13 09:54:39.833000
spAbrirPeriodosAnoAgro,"Planta / Proceso de extraccion (fruta, pepa, tanques)",Abrir periodo/proceso,5,2015-01-26 08:55:25.780000,2015-02-07 09:25:08.940000
spActualizaBasculaDes,Bascula y Transporte,Actualizar (UPDATE),8,2014-12-15 18:19:51.280000,2014-12-15 18:19:51.280000
spActualizaBasculaMp,Bascula y Transporte,Actualizar (UPDATE),7,2014-12-05 16:21:16.707000,2017-02-07 15:19:01.030000
spActualizaBasculaPes,Bascula y Transporte,Actualizar (UPDATE),7,2014-12-06 12:04:14.580000,2022-12-03 06:57:07.147000
spActualizaConsecutivoTransaccion,Contabilidad,Actualizar (UPDATE),3,2014-12-05 09:58:59.647000,2022-12-03 06:57:06.063000
spActualizaEstadoFechaSalidaVehiculos,Otro / Utilitario,Actualizar (UPDATE),4,2014-12-09 16:22:12.590000,2017-02-08 10:45:33.877000
spActualizaEstadoFechaSalidaVehiculosAdmin,Otro / Utilitario,Actualizar (UPDATE),5,2015-12-01 09:56:47.780000,2015-12-01 10:05:02.070000
spActualizaEstadoRegistroBascula,Otro / Utilitario,Actualizar (UPDATE),6,2014-12-15 17:15:38.350000,2017-02-09 15:27:49.520000
spActualizaEstadoRegistroBasculaRemision,Otro / Utilitario,Actualizar (UPDATE),6,2017-02-08 16:43:25.563000,2017-02-08 16:43:25.563000
spActualizaNumeroLogistica,Nomina,Actualizar (UPDATE),5,2014-12-15 10:56:33.450000,2014-12-15 10:56:44.467000
spActualizaReferenciaTrnAgro,Otro / Utilitario,Actualizar (UPDATE),3,2015-01-13 09:15:38.280000,2022-12-03 06:57:05.323000
spActualizaSaldoItemTransaccion,Seguridad y Sistema,Actualizar (UPDATE),4,2017-03-27 18:21:17.590000,2017-06-29 15:10:56.480000
spActualizanContratos,Nomina,Actualizar (UPDATE),78,2015-04-14 16:43:11.147000,2016-06-25 10:21:12.223000
spActualizapTransaccionJerarquia,"Planta / Proceso de extraccion (fruta, pepa, tanques)",Actualizar (UPDATE),12,2015-05-10 10:39:47.757000,2015-05-10 10:40:27.137000
spActualizapTransaccionJerarquiaAnalisis,"Planta / Proceso de extraccion (fruta, pepa, tanques)",Actualizar (UPDATE),15,2015-05-10 10:39:47.757000,2015-05-10 10:40:27.140000
spAnulaDespacho,Otro / Utilitario,Anular/Reversar,3,2015-05-28 14:24:09.397000,2015-05-28 14:24:09.397000
spAnulaLiquidacionDefinitiva,"Laboratorio (calidad, tanques)",Anular/Reversar,8,2015-07-28 17:53:11.197000,2022-12-03 06:57:06.030000
spAnulaLiquidacionPrima,"Laboratorio (calidad, tanques)",Anular/Reversar,7,2015-12-12 08:53:56.230000,2017-07-18 16:57:36.650000
spAnulaModificaDespacho,Otro / Utilitario,Anular/Reversar,16,2015-05-28 14:24:48.690000,2022-12-03 06:57:07.090000
spAnulaModificaTiquete,Otro / Utilitario,Anular/Reversar,27,2015-03-05 08:57:03.970000,2017-02-22 14:57:50
spAnulaPeridoPagadoNomina,"Planta / Proceso de extraccion (fruta, pepa, tanques)",Anular/Reversar,6,2015-08-04 19:32:12.247000,2015-08-19 13:21:57.660000
spAnulaTiqueteBascula,Otro / Utilitario,Anular/Reversar,3,2015-03-05 08:56:29.337000,2022-12-03 06:57:06.210000
spAnulaTiqueteIncompletoBascula,Otro / Utilitario,Anular/Reversar,3,2015-03-31 09:03:40.990000,2015-03-31 09:03:40.990000
spAnulaTransaccionTransaccionesLaboratorio,Otro / Utilitario,Anular/Reversar,5,2015-07-01 11:48:48.200000,2015-07-01 11:48:48.200000
spAnulaTransacionContable,Otro / Utilitario,Anular/Reversar,8,2016-07-28 16:50:29.330000,2016-07-28 17:01:23.760000
spAnulaTrnAgronomico,Otro / Utilitario,Anular/Reversar,5,2015-01-08 18:59:26.637000,2017-04-03 16:49:20.137000
spAnulaTrnAgronomicoPepa,Otro / Utilitario,Anular/Reversar,5,2018-03-05 17:17:24.547000,2018-03-05 17:17:24.547000
spAnulaTrnNovedades,Otro / Utilitario,Anular/Reversar,5,2015-06-24 15:51:04.830000,2015-06-24 15:51:04.830000
spAnulaTrnProduccion,Otro / Utilitario,Anular/Reversar,5,2015-01-09 09:48:28.567000,2015-01-09 09:48:28.567000
spAnulaTrnSanidad,Otro / Utilitario,Anular/Reversar,5,2016-04-28 10:26:40.720000,2016-04-28 10:27:28.170000
spAnulaVacaciones,Otro / Utilitario,Anular/Reversar,7,2015-07-11 11:22:14.700000,2015-07-11 11:22:14.700000
spCalculaSeguridadSocialTrabajador,Seguridad y Sistema,Calcular,4,2015-09-25 11:02:33.440000,2022-12-03 06:57:06.870000
spCalculaSeguridadSocialTrabajador2388,Seguridad y Sistema,Calcular,4,2017-02-28 15:27:25.977000,2022-12-03 06:57:05.893000
spCalculaTipoLiquidacion,Otro / Utilitario,Calcular,10,2015-04-27 17:30:20.933000,2015-05-08 18:07:27.237000
spCalulaIncapacidadEmpleado,Inventario / Items / Bodega,Calcular,9,2015-05-09 11:58:51.197000,2018-07-03 16:33:06.603000
spCalulaIncapacidadEmpleadoDetalle,Inventario / Items / Bodega,Calcular,3,2016-11-19 10:51:05.060000,2016-11-19 11:24:08.823000
spCambiaEstadoRemisionesMp,Otro / Utilitario,Cambiar estado,5,2014-12-02 13:55:31.207000,2014-12-02 14:32:55.633000
spCambiarSueldo,Otro / Utilitario,Modificar puntual,10,2016-01-13 10:14:02.190000,2022-12-03 06:57:06.217000
spCambioEstadoCarnetDespacho,Contabilidad,Cambiar estado,4,2014-12-12 10:15:32.833000,2014-12-12 10:15:32.833000
spCambioEstadoRemision,Otro / Utilitario,Cambiar estado,4,2014-12-02 15:09:04,2014-12-02 15:09:04
spCargarPeriodoVacacionesEmpleado,Otro / Utilitario,Cargar datos (batch/import),3,2015-07-11 11:13:46.847000,2018-06-01 08:52:43.330000
spCompletaTiquete,Otro / Utilitario,Completar proceso,20,2015-03-31 09:12:15.153000,2015-03-31 09:12:15.153000
spConsecutivoCaracteristica,Contabilidad,Generar consecutivo,2,2016-04-28 10:26:40.720000,2016-12-16 11:47:06.363000
spConsecutivoCargo,Contabilidad,Generar consecutivo,2,2015-01-21 11:48:25.250000,2015-12-28 14:24:53.840000
spConsecutivoCcostoNomina,Contabilidad,Generar consecutivo,2,2014-11-11 10:52:22.273000,2014-11-11 10:52:22.273000
spConsecutivoContratoTercero,Contabilidad,Generar consecutivo,3,2015-04-17 12:47:52.007000,2015-04-17 12:47:52.007000
spConsecutivoCuadrilla,Contabilidad,Generar consecutivo,3,2014-11-11 14:45:29.863000,2014-11-11 14:45:29.863000
spConsecutivoDepartamento,Otro / Utilitario,Generar consecutivo,3,2014-11-11 11:12:53.800000,2014-11-11 11:12:53.800000
spConsecutivoEmbargoTercero,Otro / Utilitario,Generar consecutivo,3,2015-04-23 11:34:41.667000,2015-04-23 11:34:41.667000
spConsecutivoEstructuraCC,Otro / Utilitario,Generar consecutivo,2,2015-01-21 09:13:21.623000,2015-09-11 17:55:21.843000
spConsecutivoGrupoCaracteristica,Catalogos Generales,Generar consecutivo,2,2016-04-28 10:26:40.720000,2016-11-26 11:10:31.937000
spConsecutivoGrupoNovedad,Catalogos Generales,Generar consecutivo,2,2014-12-02 09:43:52.330000,2014-12-02 09:43:52.330000
spConsecutivoIncapacidadTercero,Inventario / Items / Bodega,Generar consecutivo,3,2015-04-27 16:32:26.427000,2015-04-27 16:32:26.427000
spConsecutivoMayorItems,Otro / Utilitario,Generar consecutivo,3,2014-12-03 18:13:46.960000,2014-12-03 18:13:46.960000
spConsecutivoMercados,Otro / Utilitario,Generar consecutivo,3,2014-12-10 09:15:05.923000,2014-12-10 09:15:05.923000
spConsecutivoNovedades,Nomina,Generar consecutivo,3,2014-12-02 09:40:33.803000,2022-12-03 06:57:05.110000
spConsecutivoPlanesItems,"Planta / Proceso de extraccion (fruta, pepa, tanques)",Generar consecutivo,2,2014-12-03 18:07:25.380000,2014-12-03 18:07:25.380000
spConsecutivoPrestamo,"Planta / Proceso de extraccion (fruta, pepa, tanques)",Generar consecutivo,2,2015-04-23 10:21:36.383000,2018-04-06 09:27:03.807000
spConsecutivoProrrogaContratoTercero,"Planta / Proceso de extraccion (fruta, pepa, tanques)",Generar consecutivo,5,2015-04-24 18:59:45.440000,2016-05-18 10:43:25.563000
spConsecutivoTipoMercado,Otro / Utilitario,Generar consecutivo,2,2014-12-10 09:09:26.167000,2014-12-10 09:09:26.167000
spConsecutivoTurno,Otro / Utilitario,Generar consecutivo,2,2015-06-01 09:57:40.727000,2015-06-01 09:57:40.727000
spConsecutivoVacaciones,Otro / Utilitario,Generar consecutivo,5,2015-07-11 11:12:21.857000,2015-07-11 11:12:21.857000
spConsultaVehiculosPorteria,Otro / Utilitario,Consultar (SELECT),3,2015-02-06 13:09:13.043000,2015-02-06 13:09:54.427000
spDeleteiiitemsbodega,Inventario / Items / Bodega,Eliminar (DELETE),3,2017-02-07 14:05:52.483000,2017-02-15 08:42:50.143000
spDeletepTransaccionJerarquia,"Planta / Proceso de extraccion (fruta, pepa, tanques)",Eliminar (DELETE),7,2015-05-10 10:39:47.760000,2015-05-10 10:39:47.760000
spDeletepTransaccionJerarquiaAnalisis,"Planta / Proceso de extraccion (fruta, pepa, tanques)",Eliminar (DELETE),8,2015-05-10 10:39:47.760000,2015-05-10 10:39:47.760000
spEditaDetalleNovedades,Otro / Utilitario,Sin clasificar,16,2015-04-25 10:53:35.587000,2015-06-24 15:49:49.013000
spEditaEncabezadoNovedades,Otro / Utilitario,Sin clasificar,10,2015-04-25 10:51:45.923000,2015-04-25 10:51:45.923000
spEjecutaFormulaA,Mercado,Ejecutar proceso,6,2015-05-10 14:24:17.750000,2015-05-10 14:24:17.750000
spEjecutaFormulaProduccion,Mercado,Ejecutar proceso,6,2015-01-08 11:28:25.707000,2017-02-08 11:41:38.640000
spEliminaConceptoLiquidacionContrato,Contabilidad,Eliminar (DELETE),4,2016-02-24 15:44:01.180000,2016-02-24 15:44:01.180000
spEliminaConceptosFijosDetalle,Contabilidad,Eliminar (DELETE),6,2015-04-24 17:02:22.660000,2015-04-24 17:02:22.660000
spEliminaConcesptosdelGrupo,Contabilidad,Eliminar (DELETE),3,2014-11-06 14:29:30.213000,2014-11-06 14:29:30.213000
spEliminaConcesptosdelGrupoNomina,Contabilidad,Eliminar (DELETE),3,2015-08-27 15:33:02.430000,2015-08-27 15:33:02.430000
spEliminaConcesptosdelTipoNomina,Contabilidad,Eliminar (DELETE),3,2016-05-06 16:19:29.933000,2016-05-06 16:19:29.933000
spEliminaFuncionariosCuadrilla,Mercado,Eliminar (DELETE),3,2014-11-19 10:39:21.313000,2014-11-19 10:39:21.313000
spEliminaNominaDetalle,Nomina,Eliminar (DELETE),7,2017-06-16 14:54:27.480000,2017-06-16 14:54:27.480000
spEliminaNovedadesTipo,Nomina,Eliminar (DELETE),3,2014-11-25 11:36:50.360000,2014-11-25 11:36:50.360000
spEliminaParametrosSeguridadSocial,"Planta / Proceso de extraccion (fruta, pepa, tanques)",Eliminar (DELETE),3,2015-09-14 15:03:36.700000,2015-09-14 15:03:36.700000
spEliminaPerfilPermisosSitioMenu,"Planta / Proceso de extraccion (fruta, pepa, tanques)",Eliminar (DELETE),4,2014-11-04 10:11:44.740000,2022-12-03 06:57:07.040000
spEliminaProductoTipo,"Planta / Proceso de extraccion (fruta, pepa, tanques)",Eliminar (DELETE),3,2014-12-04 15:21:13.590000,2014-12-04 15:21:13.590000
spEliminaTmpNovedadDetalle,Temporales / Staging de procesos batch,Eliminar (DELETE),4,2018-01-30 10:06:11.570000,2018-01-30 10:06:11.570000
spEliminarPeriodosAno,Otro / Utilitario,Eliminar (DELETE),3,2014-11-04 16:54:33.673000,2014-11-04 17:00:51.780000
spEliminarPeriodosAnoAgro,Otro / Utilitario,Eliminar (DELETE),3,2015-01-26 08:57:43.583000,2015-02-07 09:25:33.487000
spEliminarTransaccionLabores,Otro / Utilitario,Eliminar (DELETE),4,2015-01-13 14:26:57.247000,2022-12-03 06:57:05.330000
spEviarCorreoProveedorTiquete,Otro / Utilitario,Sin clasificar,2,2014-12-05 16:20:29.083000,2014-12-05 16:20:29.083000
spGeneraPeriodosAno,"Planta / Proceso de extraccion (fruta, pepa, tanques)",Generar (batch/archivo),3,2014-11-04 16:30:34.937000,2023-01-21 12:11:53.057000
spGeneraPeriodosAnoAgro,"Planta / Proceso de extraccion (fruta, pepa, tanques)",Generar (batch/archivo),4,2015-01-26 08:57:12.617000,2015-02-07 09:23:39.700000
spGeneraPlanoContabilizacion,"Planta / Proceso de extraccion (fruta, pepa, tanques)",Generar (batch/archivo),8,2016-07-29 10:25:59.680000,2017-06-15 17:04:48.750000
spGeneraPlanoPagoNominaDefenitiva,"Planta / Proceso de extraccion (fruta, pepa, tanques)",Generar (batch/archivo),4,2015-08-04 18:27:23.087000,2018-07-06 14:24:43.443000
spGeneraPlanoPagoNominaDefenitivaEncabezado,"Planta / Proceso de extraccion (fruta, pepa, tanques)",Generar (batch/archivo),3,2018-06-28 18:13:48.820000,2018-06-29 10:44:20.003000
spGeneraPlanoSeguridadSocial,"Planta / Proceso de extraccion (fruta, pepa, tanques)",Generar (batch/archivo),3,2015-08-28 14:26:33.373000,2016-03-02 16:31:43.233000
spGeneraPlanoSeguridadSocial2388,"Planta / Proceso de extraccion (fruta, pepa, tanques)",Generar (batch/archivo),3,2017-03-02 09:01:29.953000,2018-03-22 11:32:43.037000
spGeneraRemision,Otro / Utilitario,Generar (batch/archivo),4,2014-11-13 15:55:56.207000,2014-11-13 15:55:56.207000
spGetNivelAplicacionCosecha,Nomina,Consultar (SELECT),1,2022-12-03 06:57:05.137000,2022-12-03 06:57:05.137000
spGetProgramacionPeriodo,"Planta / Proceso de extraccion (fruta, pepa, tanques)",Consultar (SELECT),3,2014-12-10 11:20:11.840000,2014-12-10 11:20:11.840000
spGetpTransaccionJerarquia,"Planta / Proceso de extraccion (fruta, pepa, tanques)",Consultar (SELECT),0,2015-05-10 10:39:47.763000,2015-05-10 10:39:47.763000
spGuardaContabilizacion,Contabilidad,Guardar (INSERT/UPDATE),9,2015-09-14 12:12:55.367000,2017-07-13 17:50:08.233000
spImportaInformacionZeus,Inventario / Items / Bodega,Sin clasificar,7,2018-06-19 15:59:52.147000,2018-08-17 08:28:28.017000
spImpresionRemision,Inventario / Items / Bodega,Sin clasificar,2,2015-04-21 09:01:31.940000,2017-02-11 10:13:52.787000
spImprimeTiquetePesaje,Otro / Utilitario,Imprimir/Reporte,2,2015-02-05 16:51:07.483000,2022-12-03 06:57:06.097000
spInformeContabilizacionNomina,Inventario / Items / Bodega,Sin clasificar,3,2016-08-22 17:21:41.057000,2022-12-03 06:57:06.810000
spInformeDescuentosNominaAportes,Inventario / Items / Bodega,Sin clasificar,3,2017-06-08 12:53:03.230000,2017-07-10 14:21:45.750000
spInformeFuncionariosContratos,Inventario / Items / Bodega,Sin clasificar,2,2015-04-21 22:46:23.570000,2022-12-03 06:57:06.273000
spInformeGeneralDestajo,Inventario / Items / Bodega,Sin clasificar,3,2017-07-10 22:53:02.903000,2017-07-11 08:25:49.953000
spInformeGrupoCaracteristica,Inventario / Items / Bodega,Sin clasificar,1,2016-12-16 13:17:40.757000,2016-12-16 13:17:40.757000
spInformePagos,Inventario / Items / Bodega,Sin clasificar,4,2017-06-08 11:52:43.850000,2022-12-03 06:57:06.283000
spInformeSanidadDetallado,Inventario / Items / Bodega,Sin clasificar,3,2016-12-16 13:32:19.080000,2016-12-16 13:32:19.080000
spInformeTransaccionesLaboratorioxTipo,Inventario / Items / Bodega,Sin clasificar,4,2015-05-21 08:14:24.260000,2015-07-29 10:46:56.250000
spInformesNomiFuncionarios,Inventario / Items / Bodega,Sin clasificar,1,2015-04-21 22:13:31.840000,2022-12-03 06:57:06.287000
spInsertaAnalisisTarima,"Agro (Fincas, Lotes, Transacciones de campo)",Crear (INSERT),18,2014-12-05 18:04:00.693000,2015-03-03 16:04:27.880000
spInsertaConceptoLiquidacionContrato,Contabilidad,Crear (INSERT),7,2016-02-24 15:15:40.660000,2017-07-10 14:21:45.100000
spInsertaDespacho,Otro / Utilitario,Crear (INSERT),4,2014-12-16 08:55:44.590000,2017-02-09 10:30:02.290000
spInsertaDetalleVacaciones,Otro / Utilitario,Crear (INSERT),11,2015-07-11 11:21:20.903000,2017-08-12 09:30:35.943000
spInsertaDominicales,Otro / Utilitario,Crear (INSERT),2,2015-04-30 13:50:26.297000,2015-04-30 13:50:26.297000
spInsertaNominaDetalle,Nomina,Crear (INSERT),12,2017-06-16 14:54:27.453000,2022-12-03 06:57:06.657000
spInsertaNovedadDetalle,Nomina,Crear (INSERT),4,2018-01-30 10:06:53.053000,2018-01-30 10:06:53.053000
spInsertaTablaReplicar,Otro / Utilitario,Crear (INSERT),4,2015-01-30 16:00:43.373000,2017-03-03 15:23:45.860000
spInsertaTiqueteAgro,Otro / Utilitario,Crear (INSERT),17,2022-12-05 08:41:18.950000,2022-12-05 08:53:45.987000
spInsertaTmpNovedadDetalle,Temporales / Staging de procesos batch,Crear (INSERT),15,2018-01-30 10:05:03.920000,2018-01-30 10:05:03.920000
spInsertaUsuarios,Otro / Utilitario,Crear (INSERT),7,2014-10-15 11:43:25.550000,2015-08-27 09:06:17.997000
spInsertanContratos,Nomina,Crear (INSERT),78,2015-04-14 16:43:11.300000,2022-12-03 06:57:06.293000
spInsertanSeguridadSocialPila,Nomina,Crear (INSERT),105,2017-03-01 09:35:05.780000,2017-03-01 17:31:10.587000
spInsertapTransaccionJerarquia,"Planta / Proceso de extraccion (fruta, pepa, tanques)",Crear (INSERT),12,2015-05-10 10:39:47.773000,2015-05-10 10:39:47.773000
spInsertapTransaccionJerarquiaAnalisis,"Planta / Proceso de extraccion (fruta, pepa, tanques)",Crear (INSERT),15,2015-05-10 10:39:47.773000,2015-05-10 10:39:47.773000
spLiquidaCausacionNomina,Contabilidad,Liquidar (proceso de negocio),4,2015-11-04 08:49:00.177000,2015-11-04 08:49:03.713000
spLiquidaConceptoTercero,Contabilidad,Liquidar (proceso de negocio),12,2015-06-18 10:57:21.193000,2018-04-03 11:33:45.897000
spLiquidaConceptosBasicosVacaciones,Contabilidad,Liquidar (proceso de negocio),9,2017-06-21 18:06:10.733000,2022-12-03 06:57:06.683000
spLiquidaPrestamo,"Planta / Proceso de extraccion (fruta, pepa, tanques)",Liquidar (proceso de negocio),6,2018-02-16 10:44:28.860000,2018-02-16 10:44:28.860000
spLiquidaSoloVacaciones,Seguridad y Sistema,Liquidar (proceso de negocio),7,2015-07-18 09:58:45.887000,2017-07-10 14:21:45.213000
spLiquidacionCesantias,Contabilidad,Liquidar (proceso de negocio),8,2015-12-28 15:20:24.230000,2022-12-03 06:57:06.340000
spLiquidacionCesantiasDefinitiva,Contabilidad,Liquidar (proceso de negocio),14,2016-01-29 14:37:12.917000,2022-12-03 06:57:07.133000
spLiquidacionContratoDefinitiva,Contabilidad,Liquidar (proceso de negocio),13,2016-02-24 15:15:59.640000,2022-12-03 06:57:06.203000
spLiquidacionContratoTrabajador,Contabilidad,Liquidar (proceso de negocio),6,2015-11-28 09:36:51.227000,2022-12-03 06:57:06.050000
spLiquidacionNominaPeriodo,Contabilidad,Liquidar (proceso de negocio),10,2017-06-21 17:31:39.570000,2018-08-03 10:56:36.577000
spLiquidacionNominaPeriodoDefinitiva,Contabilidad,Liquidar (proceso de negocio),14,2015-07-23 19:33:21.153000,2022-12-03 06:57:07.080000
spLiquidacionPrimas,Contabilidad,Liquidar (proceso de negocio),10,2015-12-03 14:04:06.827000,2022-12-03 06:57:06.353000
spLiquidacionPrimasConceptos,Contabilidad,Liquidar (proceso de negocio),7,2016-12-10 09:10:59.863000,2022-12-03 06:57:06.380000
spLiquidacionPrimasDefinitiva,Contabilidad,Liquidar (proceso de negocio),16,2015-12-07 17:13:13.407000,2022-12-03 06:57:07.140000
spLiquidacionVacacionesCorteTrabajador,Contabilidad,Liquidar (proceso de negocio),2,2016-01-25 16:10:31.737000,2022-12-03 06:57:06.390000
spLiquidacionVacacionesCorteTrabajadorInforme,Contabilidad,Liquidar (proceso de negocio),2,2018-06-05 15:50:29.897000,2022-12-03 06:57:06.403000
spLiquidarSeguridadSocialPeriodo,Otro / Utilitario,Liquidar (proceso de negocio),3,2015-09-29 09:32:50.253000,2022-12-03 06:57:06.990000
spLiquidarSeguridadSocialPeriodo2388,Otro / Utilitario,Liquidar (proceso de negocio),3,2017-03-01 17:43:39.027000,2022-12-03 06:57:06.033000
spLiquidarSeguridadSocialPeriodoSelector2388,Otro / Utilitario,Liquidar (proceso de negocio),4,2017-03-01 11:34:37.730000,2017-03-01 13:46:03.397000
spManejaCanalNovedad,Otro / Utilitario,Sin clasificar,3,2014-12-16 15:29:34.230000,2014-12-16 15:51:52.960000
spModificaBasculaIncompleto,Otro / Utilitario,Sin clasificar,19,2015-03-31 09:24:33.500000,2017-03-11 11:34:35.760000
spModificaDespacho,Otro / Utilitario,Sin clasificar,13,2015-05-28 14:25:24.960000,2015-05-28 14:25:24.960000
spModificaTiquete,Otro / Utilitario,Sin clasificar,23,2015-03-05 08:56:29.333000,2017-02-09 11:39:28.297000
spModificaUsuarios,Otro / Utilitario,Sin clasificar,5,2014-10-31 15:44:32.200000,2015-08-27 09:05:12.423000
spNoRegistrosTablaReplicar,Nomina,Sin clasificar,2,2015-01-30 15:28:50.197000,2015-01-30 15:58:34.560000
spPrecontabilizaNominaTipoPeriodo,"Planta / Proceso de extraccion (fruta, pepa, tanques)",Sin clasificar,8,2016-07-18 08:17:21.837000,2022-12-03 06:57:05.477000
spPreliquidacionDescuentoAgronomico,"Planta / Proceso de extraccion (fruta, pepa, tanques)",Sin clasificar,8,2018-01-18 14:59:51.440000,2022-12-03 06:57:05.500000
spPreliquidacionDescuentoAgronomicoBase,"Planta / Proceso de extraccion (fruta, pepa, tanques)",Sin clasificar,3,2018-02-20 08:19:48.617000,2018-02-20 08:19:53.230000
spPreliquidacionDescuentoAgronomicoDefinitiva,"Planta / Proceso de extraccion (fruta, pepa, tanques)",Sin clasificar,9,2018-03-03 09:35:45.047000,2018-08-02 09:49:11.557000
spRecalculaJornalesCargadores,Otro / Utilitario,Sin clasificar,4,2015-08-10 20:47:36.400000,2022-12-03 06:57:05.520000
spRecalculaSaldosLiquidacion,Otro / Utilitario,Sin clasificar,6,2015-07-28 17:39:29.620000,2022-12-03 06:57:05.547000
spReliquidacionPrecioLaboresFecha,Contabilidad,Liquidar (proceso de negocio),5,2018-05-31 16:18:55.637000,2022-12-03 06:57:05.313000
spReplicaPrecioLaboresAños,Otro / Utilitario,Sin clasificar,5,2023-01-25 12:52:32.800000,2023-01-25 12:52:32.800000
spRestableceUsuarios,Otro / Utilitario,Sin clasificar,3,2014-11-04 07:58:37.280000,2024-05-17 23:51:24.747000
spRetornaAnalisisDiscreto,Otro / Utilitario,Sin clasificar,4,2015-05-10 14:11:24.180000,2015-05-10 14:11:24.180000
spRetornaAnalisisRegistradoFecha,Otro / Utilitario,Sin clasificar,5,2015-05-10 14:36:21.963000,2015-05-10 16:00:00.973000
spRetornaAuxiliaresPuc,Otro / Utilitario,Sin clasificar,1,2015-08-11 18:39:37.660000,2018-07-04 15:06:13.017000
spRetornaBaseVariableVacaciones,Otro / Utilitario,Sin clasificar,4,2017-08-12 10:31:37.770000,2017-08-12 10:55:08.040000
spRetornaCaracteristicaGrupo,Otro / Utilitario,Sin clasificar,2,2016-04-28 10:26:40.743000,2016-04-28 10:27:28.183000
spRetornaCodigoEmpresaUsuario,Otro / Utilitario,Sin clasificar,2,2014-10-17 11:34:24.327000,2016-01-28 12:35:20.240000
spRetornaCodigoTercero,Otro / Utilitario,Sin clasificar,3,2014-10-30 18:14:14.750000,2015-04-21 10:53:15.723000
spRetornaConceptosLaboresxCentroCosto,Otro / Utilitario,Sin clasificar,2,2015-08-11 18:39:11.713000,2017-07-10 14:21:45.300000
spRetornaConductorBascula,Otro / Utilitario,Sin clasificar,3,2014-12-09 17:02:27.340000,2014-12-09 17:02:47.663000
spRetornaConductorRecientePorteria,Otro / Utilitario,Sin clasificar,3,2014-11-12 15:54:16.587000,2014-11-12 15:54:16.587000
spRetornaConductorRecienteProgramacion,Otro / Utilitario,Sin clasificar,3,2014-12-10 16:06:13.290000,2014-12-10 16:06:13.290000
spRetornaConsecutivoAutomatico,Otro / Utilitario,Sin clasificar,3,2014-11-05 13:43:00.040000,2018-03-03 09:29:07.083000
spRetornaConsecutivoAutomaticoSinEmpresa,Otro / Utilitario,Sin clasificar,2,2014-11-07 14:40:07.783000,2014-11-07 14:40:07.783000
spRetornaConsecutivoIdLabor,Otro / Utilitario,Sin clasificar,2,2014-11-05 11:57:25.797000,2014-11-05 13:41:51.550000
spRetornaConsecutivoIdTercero,Otro / Utilitario,Sin clasificar,2,2014-10-31 12:05:16.157000,2017-03-06 15:10:06.080000
spRetornaConsecutivoItems,Otro / Utilitario,Sin clasificar,2,2014-12-04 10:37:45.233000,2014-12-04 10:37:45.233000
spRetornaConsecutivoTransaccion,Otro / Utilitario,Sin clasificar,3,2014-11-19 14:47:38.160000,2022-12-03 06:57:06.103000
spRetornaConteoRemisionMp,Otro / Utilitario,Sin clasificar,1,2014-11-13 15:42:00.410000,2014-11-13 15:42:21.990000
spRetornaContratosTercero,Otro / Utilitario,Sin clasificar,2,2015-04-24 18:57:03.193000,2018-07-05 10:55:12.313000
spRetornaDatosContrato,Otro / Utilitario,Sin clasificar,3,2015-04-20 18:16:10.177000,2022-12-03 06:57:06.417000
spRetornaDatosContratoSeguridadSocial,Otro / Utilitario,Sin clasificar,3,2017-02-27 12:42:49.210000,2022-12-03 06:57:06.433000
spRetornaDatosDePagosxPeriodo,Otro / Utilitario,Sin clasificar,4,2015-08-06 17:39:50.620000,2022-12-03 06:57:06.983000
spRetornaDatosEmbargos,Otro / Utilitario,Sin clasificar,4,2015-04-23 11:37:55.353000,2022-12-03 06:57:06.437000
spRetornaDatosLabores,Otro / Utilitario,Sin clasificar,2,2015-04-27 11:49:45.893000,2022-12-26 17:52:34.140000
spRetornaDatosPagosNomina,Otro / Utilitario,Sin clasificar,5,2015-08-04 19:31:42.700000,2015-08-19 13:16:19.320000
spRetornaDatosParametroGenerales,Otro / Utilitario,Sin clasificar,2,2015-08-11 18:40:20.050000,2016-10-07 09:23:13.413000
spRetornaDatosReporte,Otro / Utilitario,Sin clasificar,1,2022-12-09 13:18:29.543000,2022-12-09 13:19:02.460000
spRetornaDatosTercero,Otro / Utilitario,Sin clasificar,2,2015-03-03 11:31:29.503000,2023-01-19 14:43:08.880000
spRetornaDatosTerceroId,Otro / Utilitario,Sin clasificar,2,2022-12-03 06:57:05.160000,2022-12-03 06:57:05.160000
spRetornaDatosTercerosVacaciones,Otro / Utilitario,Sin clasificar,2,2015-07-11 11:11:59.890000,2017-08-12 10:22:21.233000
spRetornaDetalleSNominaLog,Otro / Utilitario,Sin clasificar,2,2016-03-10 17:39:24.927000,2016-03-11 11:35:55.730000
spRetornaDiasVacaciones,Otro / Utilitario,Sin clasificar,2,2015-07-11 11:14:16.120000,2016-11-28 17:48:07.880000
spRetornaDocumentosPeriodosNomina,Otro / Utilitario,Sin clasificar,3,2016-04-29 17:10:38.270000,2017-07-10 14:21:45.760000
spRetornaDsReferenciaTransaccion,Otro / Utilitario,Sin clasificar,3,2017-01-23 18:18:27.210000,2022-12-03 06:57:06.107000
spRetornaDsTipoTransaccion,Otro / Utilitario,Sin clasificar,3,2015-01-10 10:48:44.423000,2022-12-03 06:57:06.113000
spRetornaEncabezadoSNominaLog,Otro / Utilitario,Sin clasificar,3,2016-03-10 17:39:10.420000,2016-03-10 17:48:01.803000
spRetornaEncabezadoTransaccionLabores,Otro / Utilitario,Sin clasificar,3,2015-01-05 16:15:20.383000,2015-01-05 16:15:20.383000
spRetornaEncabezadoTransaccionLaboresDetalle,Otro / Utilitario,Sin clasificar,3,2015-01-07 20:20:57.443000,2023-02-03 08:24:00.520000
spRetornaEncabezadoTransaccionLaboresDetalleCargue,Otro / Utilitario,Sin clasificar,3,2015-05-30 11:24:37.220000,2019-03-19 10:55:22.280000
spRetornaEncabezadoTransaccionLaboresDetalleReferencia,Otro / Utilitario,Sin clasificar,2,2015-01-13 08:30:40.350000,2015-01-30 17:29:40.370000
spRetornaEncabezadoTransaccionLaboresItems,Otro / Utilitario,Sin clasificar,3,2017-02-25 09:05:01.590000,2017-06-16 09:35:08.967000
spRetornaEncabezadoTransaccionLaboresReferencia,Otro / Utilitario,Sin clasificar,2,2015-01-13 08:29:59.760000,2015-01-13 08:29:59.760000
spRetornaEncabezadoTransaccionLaboresTercero,Otro / Utilitario,Sin clasificar,3,2015-01-07 20:21:42.780000,2022-12-15 11:48:50.423000
spRetornaEncabezadoTransaccionLaboresTerceroCargue,Otro / Utilitario,Sin clasificar,3,2015-05-30 11:24:40.077000,2022-12-03 06:57:05.560000
spRetornaEncabezadoTransaccionLaboresTerceroReferencia,Otro / Utilitario,Sin clasificar,2,2015-01-13 08:30:24.083000,2022-12-03 06:57:05.563000
spRetornaEncabezadoTransaccionLaboresTerceroTransporte,Otro / Utilitario,Sin clasificar,3,2015-06-01 17:55:16.120000,2022-12-03 06:57:05.567000
spRetornaEncabezadoTransaccionLaboresTiquete,Otro / Utilitario,Sin clasificar,3,2015-01-08 15:25:14.827000,2022-12-09 15:17:09.183000
spRetornaEncabezadoTransaccionLaboresTiqueteReferencia,Otro / Utilitario,Sin clasificar,2,2015-01-13 08:30:09.170000,2015-01-13 08:30:09.170000
spRetornaEncabezadoTransaccionSanidad,Otro / Utilitario,Sin clasificar,3,2016-04-28 10:26:40.747000,2016-04-28 10:27:28.187000
spRetornaEstadoCarnet,Otro / Utilitario,Sin clasificar,3,2014-12-12 10:10:36.910000,2014-12-12 10:10:36.910000
spRetornaFrutaPromedio,Otro / Utilitario,Sin clasificar,2,2015-01-08 11:23:40.293000,2015-01-08 11:50:01.967000
spRetornaFuncionarioCcosto,Otro / Utilitario,Sin clasificar,2,2015-11-09 15:35:07.907000,2022-12-03 06:57:06.447000
spRetornaLineaLote,Otro / Utilitario,Sin clasificar,2,2014-11-20 14:33:43.697000,2022-12-03 06:57:05.273000
spRetornaMesPeriodoNomina,Otro / Utilitario,Sin clasificar,4,2015-04-23 11:36:53,2022-12-03 06:57:06.693000
spRetornaModoBorradoTransaccion,Otro / Utilitario,Sin clasificar,3,2015-01-08 18:35:03.243000,2022-12-03 06:57:06.117000
spRetornaNitEmpresa,Otro / Utilitario,Sin clasificar,2,2022-12-03 06:57:05.167000,2022-12-03 06:57:05.167000
spRetornaNivelPadrePro,Otro / Utilitario,Sin clasificar,3,2015-05-12 09:33:03.183000,2015-05-12 09:33:03.183000
spRetornaNombreArchivoPlano,Otro / Utilitario,Sin clasificar,4,2015-08-08 10:19:49.333000,2022-12-03 06:57:06.697000
spRetornaNombreArchivoPlanoConta,Otro / Utilitario,Sin clasificar,4,2015-09-16 11:07:19.837000,2022-12-03 06:57:06.703000
spRetornaNombreEmpresa,Otro / Utilitario,Sin clasificar,2,2014-10-17 11:37:54.077000,2014-10-17 11:39:39.430000
spRetornaNombreUsuario,Otro / Utilitario,Sin clasificar,2,2014-10-16 15:20:10.343000,2017-06-27 16:46:42.340000
spRetornaNumeroDespachoCarnet,Otro / Utilitario,Sin clasificar,3,2014-12-15 10:02:55.433000,2014-12-15 10:02:55.433000
spRetornaPapepeletaCatalogo,Otro / Utilitario,Sin clasificar,2,2014-12-04 14:14:18.167000,2014-12-04 14:15:41.140000
spRetornaPeriodoCerrado,Otro / Utilitario,Sin clasificar,4,2015-01-05 16:43:50.403000,2022-12-03 06:57:06.710000
spRetornaPeriodoCerradoAgro,Otro / Utilitario,Sin clasificar,4,2015-01-26 08:58:12.483000,2015-01-26 08:58:12.483000
spRetornaPeriodoCerradoConta,Otro / Utilitario,Sin clasificar,4,2015-10-29 09:00:43.083000,2015-10-29 09:00:43.083000
spRetornaPeriodoCerradoNomina,Otro / Utilitario,Sin clasificar,6,2015-06-05 17:00:59.950000,2022-12-03 06:57:06.713000
spRetornaPeriodovacacionesTrabajador,Otro / Utilitario,Sin clasificar,2,2015-07-18 08:55:47.437000,2022-12-03 06:57:06.450000
spRetornaPrimerLunes,Otro / Utilitario,Sin clasificar,2,2015-04-30 13:51:02.337000,2015-04-30 13:51:02.337000
spRetornaReferenciaTipoTransaccion,Otro / Utilitario,Sin clasificar,3,2015-01-05 15:40:23.647000,2022-12-03 06:57:06.120000
spRetornaSignoConcepto,Otro / Utilitario,Sin clasificar,3,2015-07-11 11:15:31.340000,2017-07-10 14:21:45.323000
spRetornaTablasInfos,Otro / Utilitario,Sin clasificar,0,2018-06-06 12:47:25.910000,2018-06-06 12:47:25.910000
spRetornaTercerosContratosActivos,Otro / Utilitario,Sin clasificar,1,2015-07-11 11:11:40.183000,2022-12-03 06:57:06.453000
spRetornaTransaccionSanidadDetalle,Otro / Utilitario,Sin clasificar,3,2016-04-28 10:26:40.747000,2017-02-25 10:06:56.973000
spRetornaUmedidaAnalisisP,Otro / Utilitario,Sin clasificar,3,2015-05-10 12:46:23.103000,2015-05-10 12:46:23.103000
spRetornaUmedidaCatalogo,Otro / Utilitario,Sin clasificar,3,2015-01-10 11:51:33.237000,2015-01-10 11:51:33.237000
spRetornaUmedidaCatalogoConsumo,Otro / Utilitario,Sin clasificar,3,2017-07-15 09:58:39.593000,2017-07-15 09:58:39.593000
spRetornaVacacionePendientePeriodo,Otro / Utilitario,Sin clasificar,4,2015-07-11 11:21:52.027000,2018-05-31 15:04:50.933000
spRetornaVehiculoRemision,Otro / Utilitario,Sin clasificar,2,2014-12-03 10:02:17.707000,2017-02-07 13:53:13.933000
spRetornovalorParametrosGeneral,Otro / Utilitario,Sin clasificar,2,2022-12-05 07:36:27.097000,2022-12-05 07:36:27.097000
spRevisaJornalesTerceroNovedad,Otro / Utilitario,Sin clasificar,4,2018-01-24 07:47:24.960000,2022-12-03 06:57:05.573000
spSeguridadVerificaUsuario,Seguridad y Sistema,Sin clasificar,4,2014-10-15 11:43:25.573000,2022-12-03 10:23:36.523000
spSelccionaTercernoNovedad,Seguridad y Sistema,Sin clasificar,1,2015-01-29 14:30:36.870000,2024-05-27 10:10:28.617000
spSelecccionaPrestamosTercero,Seguridad y Sistema,Sin clasificar,2,2016-02-27 10:26:12.863000,2018-07-05 16:09:02.240000
spSeleccioDocumentosCausacionNomina,Seguridad y Sistema,Sin clasificar,1,2016-07-28 15:41:33.890000,2016-07-28 15:44:34.947000
spSeleccionContratosVencer,Seguridad y Sistema,Sin clasificar,1,2015-09-24 14:55:33.420000,2018-06-05 15:34:01.457000
spSeleccionContratosVencerInforme,Seguridad y Sistema,Sin clasificar,1,2018-06-05 15:34:39.723000,2018-06-05 15:34:39.723000
spSeleccionDatosContratoTrabajador,Seguridad y Sistema,Sin clasificar,2,2018-06-05 15:21:06.520000,2022-12-03 06:57:06.573000
spSeleccionEmpresaUsuarioPermisos,Seguridad y Sistema,Sin clasificar,1,2014-10-17 16:59:23.380000,2017-06-27 16:42:53.470000
spSeleccionFuncionariosSinCuadrilla,Seguridad y Sistema,Sin clasificar,1,2018-02-16 11:42:14.167000,2022-12-03 06:57:06.533000
spSeleccionInformeFrutaFincaFecha,Seguridad y Sistema,Sin clasificar,3,2018-03-06 16:04:33.400000,2022-12-03 06:57:05.990000
spSeleccionInformeProduccionFrutaFincaFecha,Seguridad y Sistema,Sin clasificar,3,2017-11-17 12:24:50.077000,2022-12-03 06:57:06.187000
spSeleccionInformeProduccionFrutaLoteAnual,Seguridad y Sistema,Sin clasificar,2,2016-03-15 16:32:03.587000,2023-02-14 10:18:55.123000
spSeleccionInformeProduccionFrutaLoteAnualCorte,Seguridad y Sistema,Sin clasificar,3,2018-07-17 14:49:59.347000,2023-02-14 10:18:12.523000
spSeleccionInformeProduccionFrutaLoteFecha,Seguridad y Sistema,Sin clasificar,3,2015-07-29 14:28:30.810000,2023-02-16 12:16:59.873000
spSeleccionMenuPrincipal,Seguridad y Sistema,Sin clasificar,4,2015-02-02 08:57:08.167000,2022-12-03 06:57:07.027000
spSeleccionNovedadesNominaDetalle,Seguridad y Sistema,Sin clasificar,3,2018-03-07 08:53:02.513000,2022-12-03 06:57:06.177000
spSeleccionRevisionLaboresFecha,Seguridad y Sistema,Sin clasificar,3,2018-02-02 14:36:49.690000,2022-12-03 06:57:06
spSeleccionRevisionLaboresFechaDetalle,Seguridad y Sistema,Sin clasificar,3,2018-02-02 14:38:35.663000,2022-12-24 10:28:47.407000
spSeleccionRevisionLaboresFechaResumen,Seguridad y Sistema,Sin clasificar,3,2018-02-02 14:39:20.027000,2022-12-03 06:57:06.013000
spSeleccionRevisionLaboresFechaResumenContratista,Seguridad y Sistema,Sin clasificar,3,2018-03-02 14:02:07.297000,2022-12-03 06:57:06.020000
spSeleccionTipoTransacionFormaModulo,Seguridad y Sistema,Sin clasificar,3,2022-12-03 06:57:05.183000,2022-12-03 06:57:05.183000
spSeleccionVacacionesTercero,Seguridad y Sistema,Sin clasificar,2,2018-07-04 16:27:59.547000,2018-07-05 15:51:47.653000
spSeleccionaAbiertosNomina,"Agro (Fincas, Lotes, Transacciones de campo)",Consultar (SELECT),3,2015-04-24 16:54:32.670000,2022-12-03 06:57:06.717000
spSeleccionaAbiertosNominaAño,"Agro (Fincas, Lotes, Transacciones de campo)",Consultar (SELECT),2,2015-04-23 10:22:13.887000,2022-12-03 06:57:06.723000
spSeleccionaAcumuladosAño,"Agro (Fincas, Lotes, Transacciones de campo)",Consultar (SELECT),3,2015-08-31 17:23:59.633000,2022-12-03 06:57:06.840000
spSeleccionaAcumuladosAñoEmpleado,"Agro (Fincas, Lotes, Transacciones de campo)",Consultar (SELECT),3,2017-06-03 10:46:04.557000,2022-12-03 06:57:06.880000
spSeleccionaAcumuladosAñosEmpleado,"Agro (Fincas, Lotes, Transacciones de campo)",Consultar (SELECT),2,2018-05-29 16:04:35.960000,2022-12-03 06:57:06.887000
spSeleccionaAcumuladosPrestaciones,"Agro (Fincas, Lotes, Transacciones de campo)",Consultar (SELECT),5,2015-12-03 14:21:36.740000,2017-07-10 14:21:45.373000
spSeleccionaAcumuladosTercero,"Agro (Fincas, Lotes, Transacciones de campo)",Consultar (SELECT),2,2018-07-24 18:16:05.503000,2018-07-24 18:21:49.800000
spSeleccionaAcumuladosTodoAño,"Agro (Fincas, Lotes, Transacciones de campo)",Consultar (SELECT),2,2015-10-20 11:41:51.987000,2022-12-03 06:57:06.843000
spSeleccionaAnalisisJerarquiaPro,"Agro (Fincas, Lotes, Transacciones de campo)",Consultar (SELECT),2,2015-05-10 12:41:13.233000,2015-05-12 10:26:52.537000
spSeleccionaAnalisisProducto,"Agro (Fincas, Lotes, Transacciones de campo)",Consultar (SELECT),2,2014-12-15 16:33:11.587000,2017-02-07 16:34:14.960000
spSeleccionaAnalisisResultado,"Agro (Fincas, Lotes, Transacciones de campo)",Consultar (SELECT),3,2015-05-10 14:12:10.120000,2015-05-10 14:12:10.120000
spSeleccionaAnalisisResultadoJerarquia,"Agro (Fincas, Lotes, Transacciones de campo)",Consultar (SELECT),3,2015-05-10 14:12:59.193000,2015-05-12 15:47:02.813000
spSeleccionaAnosCperiodos,"Agro (Fincas, Lotes, Transacciones de campo)",Consultar (SELECT),1,2014-11-04 16:31:49.897000,2019-06-05 17:18:51.323000
spSeleccionaAnosCperiodosAgro,"Agro (Fincas, Lotes, Transacciones de campo)",Consultar (SELECT),0,2015-01-26 08:56:05.723000,2015-01-26 08:56:17.930000
spSeleccionaAusentismoTercero,"Agro (Fincas, Lotes, Transacciones de campo)",Consultar (SELECT),2,2018-07-04 11:39:20.173000,2018-07-26 11:16:29.287000
spSeleccionaAusentismos,"Agro (Fincas, Lotes, Transacciones de campo)",Consultar (SELECT),3,2016-03-15 14:57:25.093000,2018-07-06 10:08:39.370000
spSeleccionaAuxiliaresBodega,"Agro (Fincas, Lotes, Transacciones de campo)",Consultar (SELECT),2,2014-12-09 17:59:54.580000,2014-12-09 17:59:54.580000
spSeleccionaAños,"Agro (Fincas, Lotes, Transacciones de campo)",Consultar (SELECT),1,2014-12-02 10:08:18.437000,2014-12-02 10:08:18.437000
spSeleccionaAñosAbiertos,"Agro (Fincas, Lotes, Transacciones de campo)",Consultar (SELECT),1,2014-11-04 17:58:18.653000,2014-11-04 18:11:40.040000
spSeleccionaAñosAbiertosAgro,"Agro (Fincas, Lotes, Transacciones de campo)",Consultar (SELECT),1,2015-01-26 09:00:45.827000,2015-01-26 09:00:45.827000
spSeleccionaAñosAbiertosNomina,"Agro (Fincas, Lotes, Transacciones de campo)",Consultar (SELECT),1,2015-04-16 13:36:46.460000,2022-12-03 06:57:06.727000
spSeleccionaAñosCerradoNomina,"Agro (Fincas, Lotes, Transacciones de campo)",Consultar (SELECT),1,2015-09-14 13:13:30.243000,2022-12-03 06:57:06.730000
spSeleccionaBalancePerdidasTipo,Bascula y Transporte,Consultar (SELECT),3,2015-05-12 16:20:15.467000,2015-05-21 08:19:19.383000
spSeleccionaBasculaDetalle,Bascula y Transporte,Consultar (SELECT),3,2015-02-06 12:34:56.283000,2015-09-02 16:55:31.457000
spSeleccionaBasculaRemision,Bascula y Transporte,Consultar (SELECT),2,2014-12-05 16:01:38.767000,2014-12-06 09:13:32.370000
spSeleccionaBodegaProducto,Bascula y Transporte,Consultar (SELECT),2,2015-03-05 08:56:29.330000,2017-02-07 16:25:09.083000
spSeleccionaBodegaTipoTransaccion,Bascula y Transporte,Consultar (SELECT),3,2014-12-05 16:57:51.513000,2017-02-07 13:54:40.033000
spSeleccionaBregistroBasculaFecha,Bascula y Transporte,Consultar (SELECT),3,2015-02-06 10:44:12.057000,2015-02-06 10:44:12.057000
spSeleccionaBregistroBasculaNumero,Bascula y Transporte,Consultar (SELECT),2,2015-03-31 08:53:06.340000,2015-03-31 08:53:06.340000
spSeleccionaBregistroBasculaTiquete,Bascula y Transporte,Consultar (SELECT),2,2015-03-05 08:57:03.963000,2017-02-18 12:07:04.787000
spSeleccionaCalidadMpDiario,Contabilidad,Consultar (SELECT),2,2015-03-12 14:45:25.077000,2015-04-07 17:02:58.920000
spSeleccionaCampoTipoEntidad,Contabilidad,Consultar (SELECT),4,2014-11-19 15:17:17.010000,2014-12-16 17:29:32.693000
spSeleccionaCamposEntidadesII,Contabilidad,Consultar (SELECT),2,2014-12-16 17:12:14.693000,2015-07-06 10:41:40.730000
spSeleccionaCamposVistaPlanoBancos,Contabilidad,Consultar (SELECT),0,2015-07-29 20:08:51.903000,2018-06-27 18:05:37.047000
spSeleccionaCargueFrutaTercero,Contabilidad,Consultar (SELECT),4,2018-01-24 08:32:28.793000,2022-12-03 06:57:05.577000
spSeleccionaCargueFrutaTerceroSeccion,Contabilidad,Consultar (SELECT),5,2018-01-30 14:05:16.660000,2022-12-03 06:57:05.583000
spSeleccionaCcosto,Contabilidad,Consultar (SELECT),2,2015-09-12 10:38:10.113000,2015-09-12 10:38:10.113000
spSeleccionaCcostoInforme,Contabilidad,Consultar (SELECT),1,2017-02-11 07:41:16.690000,2017-02-11 07:41:16.690000
spSeleccionaCcostoSiigo,Contabilidad,Consultar (SELECT),2,2016-08-22 09:23:02.530000,2016-08-29 16:25:14.817000
spSeleccionaCentroCostoNivel,Contabilidad,Consultar (SELECT),2,2015-01-21 10:31:58.983000,2015-01-21 14:48:35.833000
spSeleccionaCentroCostoSiigoNivel,Contabilidad,Consultar (SELECT),2,2015-08-05 14:45:37.830000,2015-08-05 14:45:37.830000
spSeleccionaCerradoNominaAño,Contabilidad,Consultar (SELECT),2,2015-09-14 12:52:14.837000,2022-12-03 06:57:06.733000
spSeleccionaCicloCorteAñoMes,Contabilidad,Consultar (SELECT),3,2016-12-20 14:40:05.983000,2023-04-10 11:02:43.030000
spSeleccionaClaseContabilizacion,Contabilidad,Consultar (SELECT),1,2016-01-23 10:17:42.100000,2016-02-09 11:00:29.640000
spSeleccionaClasificacionDespachos,Contabilidad,Consultar (SELECT),2,2015-04-15 11:58:32.687000,2015-04-15 13:03:10.513000
spSeleccionaClasificacionFruta,Contabilidad,Consultar (SELECT),2,2015-03-12 14:41:45.890000,2015-04-08 08:34:56.457000
spSeleccionaConceptoLiquidacionContrato,Contabilidad,Consultar (SELECT),1,2016-02-24 15:15:22.937000,2017-07-10 14:21:45.393000
spSeleccionaConceptosClase,Contabilidad,Consultar (SELECT),2,2015-01-13 09:44:56.463000,2015-01-13 09:44:56.463000
spSeleccionaConceptosIRyClase,Contabilidad,Consultar (SELECT),1,2014-11-06 10:57:41.473000,2014-11-13 08:27:23.620000
spSeleccionaConceptosNoParametrizadosCon,Contabilidad,Consultar (SELECT),1,2015-09-12 10:14:01.070000,2017-07-10 14:21:45.413000
spSeleccionaConceptosNomina,Contabilidad,Consultar (SELECT),1,2015-06-04 14:52:21.833000,2017-07-10 14:21:45.403000
spSeleccionaConceptoxCcosto,Contabilidad,Consultar (SELECT),2,2015-06-10 11:39:44.720000,2017-07-10 14:21:45.427000
spSeleccionaConductores,Contabilidad,Consultar (SELECT),1,2017-02-07 10:25:34.093000,2022-12-03 06:57:06.457000
spSeleccionaConductoresPropiosEstado,Contabilidad,Consultar (SELECT),3,2014-12-05 16:41:26.640000,2014-12-05 16:41:26.640000
spSeleccionaContabilizaNominaTipoPeriodo,Contabilidad,Consultar (SELECT),4,2017-05-27 08:09:01.863000,2022-12-03 06:57:06.813000
spSeleccionaContratistaProveedor,Contabilidad,Consultar (SELECT),1,2015-08-14 09:50:22.833000,2022-12-03 06:57:06.463000
spSeleccionaContratoExistenteNominaDetalle,Contabilidad,Consultar (SELECT),6,2017-06-16 14:54:27.480000,2017-07-10 14:21:45.780000
spSeleccionaContratoTercero,Contabilidad,Consultar (SELECT),3,2018-01-15 15:33:07.653000,2022-12-03 06:57:06.467000
spSeleccionaContratosDestajos,Contabilidad,Consultar (SELECT),1,2016-08-20 11:16:02.600000,2022-12-03 06:57:05.950000
spSeleccionaControlAnalisis,Contabilidad,Consultar (SELECT),3,2015-05-10 13:03:19.420000,2015-05-10 13:03:19.420000
spSeleccionaCriteriosItem,Contabilidad,Consultar (SELECT),2,2014-12-05 08:33:04.647000,2014-12-05 08:33:04.647000
spSeleccionaDepartamentoxCC,Otro / Utilitario,Consultar (SELECT),2,2015-04-18 09:02:04.510000,2017-10-27 09:51:14.147000
spSeleccionaDescuentosLiquidacionNominaDefinitiva,Otro / Utilitario,Consultar (SELECT),3,2016-04-05 13:49:57.167000,2022-12-03 06:57:05.670000
spSeleccionaDescuentosNomina,Otro / Utilitario,Consultar (SELECT),4,2015-08-19 08:10:42.050000,2022-12-03 06:57:06.893000
spSeleccionaDestinoNivel,Otro / Utilitario,Consultar (SELECT),2,2014-10-28 09:15:44.910000,2014-10-28 09:16:25.743000
spSeleccionaDetallePlanoBanco,Otro / Utilitario,Consultar (SELECT),3,2015-08-04 10:44:45.927000,2018-06-27 16:21:50.430000
spSeleccionaDiferenciasCosecha,Otro / Utilitario,Consultar (SELECT),3,2017-03-18 11:55:02.660000,2023-01-29 09:25:35.443000
spSeleccionaDocumentosNominaxPeriodo,Otro / Utilitario,Consultar (SELECT),3,2015-07-29 19:55:05.960000,2022-12-03 06:57:06.900000
spSeleccionaDocumentosTipo,Otro / Utilitario,Consultar (SELECT),3,2016-08-13 09:23:35.220000,2016-09-28 17:02:05.630000
spSeleccionaEmbargosTercero,Otro / Utilitario,Consultar (SELECT),2,2018-07-05 10:20:23.400000,2018-07-05 15:56:04.680000
spSeleccionaEmpleados,Otro / Utilitario,Consultar (SELECT),0,2014-11-01 10:40:58.317000,2014-11-01 10:40:58.317000
spSeleccionaEntidades,Otro / Utilitario,Consultar (SELECT),0,2014-10-28 15:04:45.843000,2014-10-28 15:04:45.843000
spSeleccionaEntidadesGenerales,Otro / Utilitario,Consultar (SELECT),0,2014-10-24 09:19:30.453000,2014-10-28 14:07:33.753000
spSeleccionaEstadosRemision,Otro / Utilitario,Consultar (SELECT),1,2015-01-17 09:22:45.963000,2015-03-03 15:58:43.037000
spSeleccionaExtractoraExterna,Otro / Utilitario,Consultar (SELECT),1,2016-02-04 04:24:54.827000,2016-02-04 04:24:54.827000
spSeleccionaFincaLotes,Mercado,Consultar (SELECT),2,2014-11-07 14:50:04.407000,2014-11-07 14:50:24.793000
spSeleccionaFincaProveedor,Mercado,Consultar (SELECT),2,2014-12-05 09:22:52.980000,2014-12-05 09:22:52.980000
spSeleccionaFuncionariosCuadrilla,Mercado,Consultar (SELECT),2,2014-11-11 16:08:24.140000,2022-12-03 06:57:06.477000
spSeleccionaFuncionariosSinProgramacionCuadrilla,Mercado,Consultar (SELECT),4,2015-06-01 09:52:11.180000,2022-12-03 06:57:06.480000
spSeleccionaHojaVidaLoteLabores,Otro / Utilitario,Consultar (SELECT),3,2016-12-20 15:47:26.987000,2022-12-03 06:57:05.780000
spSeleccionaHojadeVidaFincaFecha,Otro / Utilitario,Consultar (SELECT),2,2015-09-01 14:15:33.547000,2022-12-03 06:57:05.590000
spSeleccionaIBCTrabajador,Inventario / Items / Bodega,Consultar (SELECT),3,2015-10-02 13:54:27.760000,2022-12-03 06:57:06.830000
spSeleccionaIBCTrabajadorSSNO,Inventario / Items / Bodega,Consultar (SELECT),3,2016-06-17 16:51:12.910000,2022-12-03 06:57:06.920000
spSeleccionaIncapacidadesAño,Inventario / Items / Bodega,Consultar (SELECT),3,2015-05-09 13:45:15.737000,2015-09-26 11:48:05.740000
spSeleccionaIncompletosBascula,Inventario / Items / Bodega,Consultar (SELECT),1,2015-03-31 08:45:56.683000,2015-03-31 08:47:49.867000
spSeleccionaIndicadorAgronomico,Inventario / Items / Bodega,Consultar (SELECT),3,2016-11-16 15:12:22.910000,2022-12-03 06:57:05.303000
spSeleccionaInformacionContratoTercero,Inventario / Items / Bodega,Consultar (SELECT),2,2018-07-05 11:02:23.930000,2018-07-23 17:38:41.287000
spSeleccionaInformeGeneralLaboresAgronomicos,Inventario / Items / Bodega,Consultar (SELECT),3,2015-05-16 12:35:24.597000,2022-12-03 06:57:05.747000
spSeleccionaInformeGeneralLaboresTercero,Inventario / Items / Bodega,Consultar (SELECT),3,2015-05-23 11:16:08.943000,2022-12-03 06:57:05.597000
spSeleccionaInformePagosPeriodo,Inventario / Items / Bodega,Consultar (SELECT),4,2015-07-29 18:12:06.680000,2022-12-03 06:57:06.737000
spSeleccionaInformeTiquetesAgronomico,Inventario / Items / Bodega,Consultar (SELECT),4,2017-06-21 18:06:10.750000,2022-12-03 06:57:05.603000
spSeleccionaItemsFretornaDatos,Inventario / Items / Bodega,Consultar (SELECT),1,2015-01-06 11:50:43.560000,2022-12-03 06:57:06.127000
spSeleccionaJerarquiaNivelPro,Otro / Utilitario,Consultar (SELECT),2,2015-05-12 09:26:54.690000,2015-05-12 09:26:54.690000
spSeleccionaJerarquiaTransaccion,Otro / Utilitario,Consultar (SELECT),3,2015-05-10 13:33:00.577000,2015-10-30 11:35:19.080000
spSeleccionaLaboresCcostoFecha,"Laboratorio (calidad, tanques)",Consultar (SELECT),3,2015-07-02 14:47:29.123000,2022-12-03 06:57:05.753000
spSeleccionaLaboresEmpresa,"Laboratorio (calidad, tanques)",Consultar (SELECT),1,2015-06-17 15:32:16.137000,2017-07-10 14:21:45.853000
spSeleccionaLaboresFertilizacionInforme,"Laboratorio (calidad, tanques)",Consultar (SELECT),3,2017-05-06 10:49:26.437000,2022-12-03 06:57:05.607000
spSeleccionaLaboresLoteFecha,"Laboratorio (calidad, tanques)",Consultar (SELECT),3,2015-08-28 16:20:36.103000,2022-12-03 06:57:05.953000
spSeleccionaLaboresLoteFechaFertilizacion,"Laboratorio (calidad, tanques)",Consultar (SELECT),3,2017-03-28 11:25:47.803000,2022-12-03 06:57:05.960000
spSeleccionaLaboresLoteFechaMes,"Laboratorio (calidad, tanques)",Consultar (SELECT),3,2015-11-28 14:39:53.650000,2022-12-03 06:57:05.760000
spSeleccionaLaboresLoteFechaMesConcepto,"Laboratorio (calidad, tanques)",Consultar (SELECT),3,2015-11-28 14:43:16.483000,2022-12-03 06:57:05.770000
spSeleccionaLaboresNoPagadasNominas,"Laboratorio (calidad, tanques)",Consultar (SELECT),3,2015-09-12 09:34:12.657000,2022-12-03 06:57:05.613000
spSeleccionaLaboresTerceroFecha,"Laboratorio (calidad, tanques)",Consultar (SELECT),4,2015-06-16 15:53:26.107000,2022-12-24 10:17:04.147000
spSeleccionaLaboresTerceroFechaLiquidacion,"Laboratorio (calidad, tanques)",Consultar (SELECT),1,2015-06-18 08:40:53.977000,2022-12-03 06:57:05.970000
spSeleccionaLiquidaPrestamo,"Laboratorio (calidad, tanques)",Consultar (SELECT),2,2018-02-16 10:44:35.430000,2018-02-16 10:44:35.430000
spSeleccionaLiquidacionCesantias,"Laboratorio (calidad, tanques)",Consultar (SELECT),2,2016-01-29 14:43:01.590000,2016-01-29 14:43:01.590000
spSeleccionaLiquidacionContratistaPeriodo,"Laboratorio (calidad, tanques)",Consultar (SELECT),3,2015-08-13 15:27:50.953000,2022-12-03 06:57:05.977000
spSeleccionaLiquidacionContratistaPeriodoTercero,"Laboratorio (calidad, tanques)",Consultar (SELECT),3,2018-02-26 16:37:43.240000,2018-02-28 11:08:22.513000
spSeleccionaLiquidacionContratistaTerceroNovedad,"Laboratorio (calidad, tanques)",Consultar (SELECT),3,2018-03-01 07:47:29.997000,2022-12-03 06:57:05.983000
spSeleccionaLiquidacionContratoDefinitiva,"Laboratorio (calidad, tanques)",Consultar (SELECT),2,2016-02-25 09:37:51.710000,2022-12-03 06:57:06.743000
spSeleccionaLiquidacionNominaDefinitiva,"Laboratorio (calidad, tanques)",Consultar (SELECT),4,2015-07-29 09:08:12.253000,2022-12-03 06:57:05.687000
spSeleccionaLiquidacionNominaDefinitivaDesEmpleado,"Laboratorio (calidad, tanques)",Consultar (SELECT),6,2016-02-09 10:48:53.213000,2022-12-03 06:57:06.930000
spSeleccionaLiquidacionNominaDefinitivaDesprendible,"Laboratorio (calidad, tanques)",Consultar (SELECT),6,2015-10-09 15:33:13.153000,2022-12-03 06:57:05.697000
spSeleccionaLiquidacionNominaDefinitivaTrabajador,"Laboratorio (calidad, tanques)",Consultar (SELECT),4,2015-10-02 18:57:11.630000,2022-12-03 06:57:05.707000
spSeleccionaLiquidacionPrimas,"Laboratorio (calidad, tanques)",Consultar (SELECT),3,2017-07-14 11:34:25.883000,2017-07-14 17:22:17.023000
spSeleccionaListaPrecios,"Laboratorio (calidad, tanques)",Consultar (SELECT),1,2014-11-11 10:07:49.770000,2015-01-26 16:03:27.970000
spSeleccionaLogDespachoTiquete,Logistica de Despacho,Consultar (SELECT),2,2015-05-28 14:17:42.853000,2015-05-28 14:17:42.853000
spSeleccionaLogFechaParametro,Logistica de Despacho,Consultar (SELECT),3,2014-10-31 15:42:48.547000,2014-11-05 15:14:46.140000
spSeleccionaLoteCanal,"Laboratorio (calidad, tanques)",Consultar (SELECT),2,2014-11-24 09:31:14.753000,2022-12-03 06:57:05.247000
spSeleccionaLoteCanalInforme,"Laboratorio (calidad, tanques)",Consultar (SELECT),1,2016-01-23 09:24:46.127000,2022-12-03 06:57:05.250000
spSeleccionaLoteDetalle,"Laboratorio (calidad, tanques)",Consultar (SELECT),2,2014-11-05 09:13:25.993000,2022-12-03 06:57:05.273000
spSeleccionaLotesPorFinca,"Laboratorio (calidad, tanques)",Consultar (SELECT),1,2015-06-04 09:14:38.990000,2015-06-04 09:14:38.990000
spSeleccionaLotesPorFincaSeccion,"Laboratorio (calidad, tanques)",Consultar (SELECT),3,2015-06-04 09:15:48.450000,2022-12-03 06:57:05.280000
spSeleccionaLugarEntregaCliente,"Laboratorio (calidad, tanques)",Consultar (SELECT),2,2015-05-28 14:18:23.530000,2015-05-28 14:18:23.530000
spSeleccionaMayoresPlanItems,Otro / Utilitario,Consultar (SELECT),2,2014-12-04 09:09:26.927000,2014-12-04 09:09:26.927000
spSeleccionaMenu,Otro / Utilitario,Consultar (SELECT),0,2020-09-02 04:22:32.427000,2020-09-02 04:22:32.427000
spSeleccionaMenuModulos,Otro / Utilitario,Consultar (SELECT),1,2014-10-30 15:37:05.620000,2014-10-30 17:19:05.180000
spSeleccionaMenuSitio,Otro / Utilitario,Consultar (SELECT),1,2014-10-31 15:28:39.160000,2022-12-03 06:57:05.120000
spSeleccionaMesAbiertos,Otro / Utilitario,Consultar (SELECT),2,2014-11-04 18:00:45.087000,2015-03-03 15:05:52.560000
spSeleccionaMesAbiertosAgro,Otro / Utilitario,Consultar (SELECT),2,2015-01-26 09:01:52.490000,2015-01-26 09:01:52.490000
spSeleccionaMesAbiertosNomina,Otro / Utilitario,Consultar (SELECT),2,2015-04-24 16:54:00.930000,2022-12-03 06:57:06.753000
spSeleccionaModulosActivos,Otro / Utilitario,Consultar (SELECT),0,2014-10-30 14:48:41.250000,2022-12-03 06:57:07.013000
spSeleccionaMovimientosProducto,Otro / Utilitario,Consultar (SELECT),3,2015-01-06 09:27:48.500000,2017-02-07 11:01:01.290000
spSeleccionaMovimientosResultadoProducto,Otro / Utilitario,Consultar (SELECT),3,2015-01-08 11:18:44.013000,2017-02-07 16:25:45.763000
spSeleccionaMovimientosResultadoProductoMostrar,Otro / Utilitario,Consultar (SELECT),3,2015-03-25 09:55:26.840000,2017-02-07 15:28:50.573000
spSeleccionaNoDiasTipoNomina,Nomina,Consultar (SELECT),3,2015-02-04 14:22:52.573000,2015-02-04 14:22:52.573000
spSeleccionaNoPalmasLote,Nomina,Consultar (SELECT),3,2017-01-23 18:06:20.870000,2017-01-23 18:06:20.870000
spSeleccionaNoPeriodosAñoNomina,Nomina,Consultar (SELECT),3,2015-04-23 11:18:34.780000,2022-12-03 06:57:06.763000
spSeleccionaNodoHijoPro,Nomina,Consultar (SELECT),2,2015-05-12 09:37:41.747000,2015-05-12 09:37:41.747000
spSeleccionaNodoRaizPro,Nomina,Consultar (SELECT),1,2015-05-10 12:35:05.637000,2015-05-10 12:35:05.637000
spSeleccionaNominaAño,Nomina,Consultar (SELECT),2,2015-12-07 11:14:58.593000,2022-12-03 06:57:06.757000
spSeleccionaNominaDetalle,Nomina,Consultar (SELECT),7,2017-06-16 14:54:27.480000,2017-07-10 14:21:44.787000
spSeleccionaNominaxPeriodo,Nomina,Consultar (SELECT),3,2015-11-28 09:09:26.500000,2022-12-03 06:57:05.623000
spSeleccionaNovedadCosecha,Nomina,Consultar (SELECT),2,2017-10-27 15:46:43.660000,2017-10-27 15:46:43.660000
spSeleccionaNovedadLoteRangoSiembra,Nomina,Consultar (SELECT),3,2015-05-30 11:24:26.573000,2016-01-23 11:21:05.253000
spSeleccionaNovedadPrecios,Nomina,Consultar (SELECT),2,2015-01-26 15:13:50.527000,2015-09-25 16:04:44.193000
spSeleccionaNovedadTerceroFechaTiuete,Nomina,Consultar (SELECT),3,2017-11-17 11:02:41.460000,2022-12-03 06:57:05.773000
spSeleccionaNovedadesNominas,Nomina,Consultar (SELECT),3,2016-10-29 10:30:09.503000,2017-07-10 14:21:45.520000
spSeleccionaNovedadesPeriodicasAbiertas,Nomina,Consultar (SELECT),1,2015-07-08 15:50:40.993000,2022-12-03 06:57:06.563000
spSeleccionaNovedadesTerceroFecha,Nomina,Consultar (SELECT),3,2015-07-08 17:47:05.340000,2022-12-03 06:57:06.570000
spSeleccionaNovedadesxTipo,Nomina,Consultar (SELECT),2,2014-11-26 14:20:17.683000,2022-12-03 06:57:06.130000
spSeleccionaNumeroDocumentoExistenteNominaDetalle,Nomina,Consultar (SELECT),4,2017-06-16 14:54:27.467000,2017-07-10 14:21:45.797000
spSeleccionaNumeroLiquidacionPeriodo,Nomina,Consultar (SELECT),3,2015-10-09 15:10:17.347000,2022-12-03 06:57:06.937000
spSeleccionaOperacionActivos,Otro / Utilitario,Consultar (SELECT),0,2014-10-30 16:27:28.270000,2014-10-30 16:27:28.270000
spSeleccionaOperacionesMenu,Otro / Utilitario,Consultar (SELECT),1,2020-09-02 04:24:58.753000,2020-09-02 04:24:58.753000
spSeleccionaOperadoresLogistico,Otro / Utilitario,Consultar (SELECT),1,2014-12-02 14:24:41.680000,2022-12-03 06:57:06.497000
spSeleccionaPagoCheques,"Planta / Proceso de extraccion (fruta, pepa, tanques)",Consultar (SELECT),4,2017-05-10 16:17:31.317000,2017-08-05 10:28:19.820000
spSeleccionaPagosPrestamo,"Planta / Proceso de extraccion (fruta, pepa, tanques)",Consultar (SELECT),2,2018-07-24 08:48:21.853000,2022-12-03 06:57:06.943000
spSeleccionaPalmasLote,"Planta / Proceso de extraccion (fruta, pepa, tanques)",Consultar (SELECT),3,2015-05-30 14:09:32.863000,2015-10-05 08:44:59.530000
spSeleccionaParametrizacionCon,"Planta / Proceso de extraccion (fruta, pepa, tanques)",Consultar (SELECT),1,2015-09-10 15:45:21.857000,2017-07-10 14:21:45.533000
spSeleccionaParametrizacionNovedad,"Planta / Proceso de extraccion (fruta, pepa, tanques)",Consultar (SELECT),2,2014-11-07 14:08:52.217000,2014-11-07 14:11:14.583000
spSeleccionaPerfiilesActivos,"Planta / Proceso de extraccion (fruta, pepa, tanques)",Consultar (SELECT),0,2014-10-30 14:50:28.747000,2014-10-30 15:06:11.987000
spSeleccionaPerfilPermisosCab,"Planta / Proceso de extraccion (fruta, pepa, tanques)",Consultar (SELECT),1,2014-10-31 16:35:01.810000,2022-12-03 06:57:07.070000
spSeleccionaPeriodoDetalle,"Planta / Proceso de extraccion (fruta, pepa, tanques)",Consultar (SELECT),2,2015-02-12 15:48:03.623000,2023-06-27 10:50:59.653000
spSeleccionaPeriodosContabilizacion,"Planta / Proceso de extraccion (fruta, pepa, tanques)",Consultar (SELECT),3,2016-01-23 10:06:43.610000,2022-12-03 06:57:06.767000
spSeleccionaPeriodosNomina,"Planta / Proceso de extraccion (fruta, pepa, tanques)",Consultar (SELECT),2,2015-09-29 15:56:18.510000,2022-12-03 06:57:06.770000
spSeleccionaPeriodosPlanFertilizacion,"Planta / Proceso de extraccion (fruta, pepa, tanques)",Consultar (SELECT),1,2017-03-15 08:53:28.390000,2022-12-10 09:35:47.737000
spSeleccionaPermisosPerfilEmpresa,"Planta / Proceso de extraccion (fruta, pepa, tanques)",Consultar (SELECT),2,2020-09-02 04:24:58.770000,2020-09-02 04:24:58.770000
spSeleccionaPesoJerarquiaRacimosPeriodo,"Planta / Proceso de extraccion (fruta, pepa, tanques)",Consultar (SELECT),4,2022-12-05 07:30:38.733000,2022-12-05 07:30:38.733000
spSeleccionaPesoLoteRacimosPeriodo,"Planta / Proceso de extraccion (fruta, pepa, tanques)",Consultar (SELECT),5,2015-01-27 15:41:27.590000,2023-01-16 10:19:56.800000
spSeleccionaPesoPromedioLotePeriodo,"Planta / Proceso de extraccion (fruta, pepa, tanques)",Consultar (SELECT),6,2015-01-26 15:11:48.850000,2015-07-25 10:13:29.243000
spSeleccionaPesoPromedioLotePeriodoAutomatico,"Planta / Proceso de extraccion (fruta, pepa, tanques)",Consultar (SELECT),3,2015-07-25 10:38:40.413000,2023-01-27 10:02:11.983000
spSeleccionaPlanFertilizacionSaldo,"Planta / Proceso de extraccion (fruta, pepa, tanques)",Consultar (SELECT),1,2017-02-08 09:46:30.377000,2022-12-10 09:37:27.147000
spSeleccionaPorteriaEstado,"Planta / Proceso de extraccion (fruta, pepa, tanques)",Consultar (SELECT),2,2017-02-08 14:44:27.373000,2017-02-08 14:44:27.373000
spSeleccionaPreLiquidacionCesantias,"Planta / Proceso de extraccion (fruta, pepa, tanques)",Consultar (SELECT),1,2015-12-28 15:04:46.917000,2015-12-28 15:04:46.917000
spSeleccionaPreLiquidacionDescuentoAgronomino,"Planta / Proceso de extraccion (fruta, pepa, tanques)",Consultar (SELECT),1,2018-01-19 10:30:58.337000,2018-04-03 14:36:12.430000
spSeleccionaPreLiquidacionPepa,"Planta / Proceso de extraccion (fruta, pepa, tanques)",Consultar (SELECT),1,2018-02-16 17:22:40.080000,2018-02-16 17:31:55.197000
spSeleccionaPreLiquidacionPepaBase,"Planta / Proceso de extraccion (fruta, pepa, tanques)",Consultar (SELECT),3,2018-02-20 08:20:34.907000,2022-12-03 06:57:06.027000
spSeleccionaPreLiquidacionPrimas,"Planta / Proceso de extraccion (fruta, pepa, tanques)",Consultar (SELECT),1,2015-12-07 09:56:28.823000,2015-12-07 10:55:41.903000
spSeleccionaPrecioLabores,"Planta / Proceso de extraccion (fruta, pepa, tanques)",Consultar (SELECT),2,2015-07-28 15:48:01.090000,2017-03-11 10:45:21.210000
spSeleccionaPrecioNovedadAño,"Planta / Proceso de extraccion (fruta, pepa, tanques)",Consultar (SELECT),4,2015-07-04 11:44:48.380000,2018-05-21 16:09:02.133000
spSeleccionaPrecioNovedadAñoLoteFinca,"Planta / Proceso de extraccion (fruta, pepa, tanques)",Consultar (SELECT),7,2017-11-01 08:53:09.577000,2017-11-01 08:53:09.577000
spSeleccionaPrecioNovedadAñoTercero,"Planta / Proceso de extraccion (fruta, pepa, tanques)",Consultar (SELECT),6,2015-07-15 18:33:56.770000,2023-01-20 06:53:53.313000
spSeleccionaPrecioNovedadAñoTerceroFincaLote,"Planta / Proceso de extraccion (fruta, pepa, tanques)",Consultar (SELECT),9,2017-11-01 10:15:13.903000,2022-12-03 06:57:05.053000
spSeleccionaPrecioNovedadAñoTerceroJerarquia,"Planta / Proceso de extraccion (fruta, pepa, tanques)",Consultar (SELECT),6,2022-12-09 12:51:05.750000,2023-01-20 07:15:34.257000
spSeleccionaPrecontabilizaNominaTipoPeriodo,"Planta / Proceso de extraccion (fruta, pepa, tanques)",Consultar (SELECT),4,2016-07-25 13:31:37.510000,2022-12-03 06:57:06.820000
spSeleccionaPreliquidacionNomina,"Planta / Proceso de extraccion (fruta, pepa, tanques)",Consultar (SELECT),1,2015-06-05 15:15:34.267000,2022-12-03 06:57:05.730000
spSeleccionaPreliquidacionNominaResumen,"Planta / Proceso de extraccion (fruta, pepa, tanques)",Consultar (SELECT),1,2018-02-01 17:41:11.117000,2022-12-03 06:57:06.777000
spSeleccionaPrestacionesSociales,"Planta / Proceso de extraccion (fruta, pepa, tanques)",Consultar (SELECT),2,2018-07-26 09:33:47.857000,2018-07-26 09:49:57.083000
spSeleccionaPrestamosEmpleado,"Planta / Proceso de extraccion (fruta, pepa, tanques)",Consultar (SELECT),2,2018-07-05 09:03:19.350000,2018-07-05 15:56:27.010000
spSeleccionaProSinEjecucion,"Planta / Proceso de extraccion (fruta, pepa, tanques)",Consultar (SELECT),1,2015-01-10 10:14:30.060000,2015-01-14 11:42:52.540000
spSeleccionaProduccionAnualN,"Planta / Proceso de extraccion (fruta, pepa, tanques)",Consultar (SELECT),2,2015-03-12 15:13:41.590000,2015-04-08 15:39:03.907000
spSeleccionaProduccionDiario,"Planta / Proceso de extraccion (fruta, pepa, tanques)",Consultar (SELECT),2,2015-03-12 14:15:17.970000,2015-03-31 16:18:25.703000
spSeleccionaProductoTransaccion,"Planta / Proceso de extraccion (fruta, pepa, tanques)",Consultar (SELECT),2,2014-12-04 15:46:33.690000,2017-05-30 11:35:49.837000
spSeleccionaProductosActivos,"Planta / Proceso de extraccion (fruta, pepa, tanques)",Consultar (SELECT),1,2015-04-22 11:56:05.760000,2015-04-22 11:56:05.760000
spSeleccionaProgramacionCargaCab,"Planta / Proceso de extraccion (fruta, pepa, tanques)",Consultar (SELECT),3,2014-12-10 10:58:46.990000,2015-03-05 09:13:35.240000
spSeleccionaProgramacionCargaProgramacionGrl,"Planta / Proceso de extraccion (fruta, pepa, tanques)",Consultar (SELECT),3,2014-12-10 15:00:25.663000,2017-02-07 11:34:40.580000
spSeleccionaProgramacionDespachoPorteria,"Planta / Proceso de extraccion (fruta, pepa, tanques)",Consultar (SELECT),2,2014-12-12 09:43:18.743000,2017-02-08 10:54:10.630000
spSeleccionaProgramacionFechaFiltro,"Planta / Proceso de extraccion (fruta, pepa, tanques)",Consultar (SELECT),4,2015-07-16 15:09:22.943000,2022-12-03 06:57:06.507000
spSeleccionaProgramacionFuncionariosCuadrilla,"Planta / Proceso de extraccion (fruta, pepa, tanques)",Consultar (SELECT),5,2015-07-16 11:05:07.147000,2022-12-03 06:57:06.510000
spSeleccionaProgramacionFuncionariosDias,"Planta / Proceso de extraccion (fruta, pepa, tanques)",Consultar (SELECT),6,2015-07-16 11:17:48.150000,2015-07-16 11:17:48.150000
spSeleccionaProgramacionesFecha,"Planta / Proceso de extraccion (fruta, pepa, tanques)",Consultar (SELECT),3,2015-03-05 09:27:09.853000,2015-03-05 09:33:55.030000
spSeleccionaPucTipo,"Planta / Proceso de extraccion (fruta, pepa, tanques)",Consultar (SELECT),2,2014-10-27 17:26:46.673000,2014-10-27 17:26:46.673000
spSeleccionaRealacionNovedadNominaPeriodo,Otro / Utilitario,Consultar (SELECT),3,2015-09-26 12:22:49.357000,2022-12-03 06:57:06.783000
spSeleccionaRegistroNovedades,Otro / Utilitario,Consultar (SELECT),3,2015-04-25 12:14:02.597000,2018-03-05 09:57:04.903000
spSeleccionaRelacionControlCorte,Otro / Utilitario,Consultar (SELECT),3,2018-01-31 12:26:13.310000,2022-12-03 06:57:05.633000
spSeleccionaRelacionNovedadesDescuento,Otro / Utilitario,Consultar (SELECT),3,2015-09-29 15:40:42.747000,2018-05-29 16:02:25.683000
spSeleccionaRemisionSinImprimir,Otro / Utilitario,Consultar (SELECT),1,2014-12-16 08:27:28.873000,2017-02-09 10:30:34.540000
spSeleccionaRemisionesTiquete,Otro / Utilitario,Consultar (SELECT),5,2017-02-07 17:39:40.917000,2022-12-03 06:57:06.213000
spSeleccionaRemolquesPropios,Otro / Utilitario,Consultar (SELECT),1,2017-02-07 10:26:33.400000,2017-02-07 10:26:33.400000
spSeleccionaRendimientoLabores,Otro / Utilitario,Consultar (SELECT),3,2023-02-22 09:17:27.067000,2023-02-22 09:17:27.067000
spSeleccionaRendimientosTrabajadorMesAño,Otro / Utilitario,Consultar (SELECT),4,2023-02-22 09:13:26.533000,2023-02-22 09:13:26.533000
spSeleccionaResumenLaboresTerceroFecha,Otro / Utilitario,Consultar (SELECT),3,2015-08-31 17:19:29.243000,2022-12-03 06:57:05.640000
spSeleccionaResumenLaboresTerceroFechaPagada,Otro / Utilitario,Consultar (SELECT),3,2016-04-11 08:21:57.083000,2022-12-03 06:57:05.653000
spSeleccionaResumenLiquidacionDefinitiva,Otro / Utilitario,Consultar (SELECT),4,2015-07-29 11:22:38.053000,2022-12-03 06:57:06.947000
spSeleccionaResumenLiquidacionDefinitivaEtidades,Otro / Utilitario,Consultar (SELECT),4,2015-08-06 19:26:50.367000,2022-12-03 06:57:06.953000
spSeleccionaResumenLiquidacionDefinitivaMes,Otro / Utilitario,Consultar (SELECT),3,2015-10-02 19:30:46.490000,2022-12-03 06:57:06.960000
spSeleccionaResumenNominaxGrupoConcepto,Otro / Utilitario,Consultar (SELECT),2,2015-09-04 19:57:02.920000,2022-12-03 06:57:06.963000
spSeleccionaResumenPrenomina,Otro / Utilitario,Consultar (SELECT),1,2015-07-27 19:39:03.420000,2017-07-10 14:21:45.633000
spSeleccionaRevisionFrutaFecha,Otro / Utilitario,Consultar (SELECT),3,2018-02-20 09:50:13.900000,2022-12-03 06:57:05.667000
spSeleccionaSecionFinca,Seguridad y Sistema,Consultar (SELECT),2,2014-11-07 15:21:29.573000,2015-12-08 09:03:05.430000
spSeleccionaSeguridadSocialEntidades,Seguridad y Sistema,Consultar (SELECT),3,2015-10-28 07:33:03.267000,2016-04-15 09:45:13.937000
spSeleccionaSeguridadSocialIBCPeriodo,Seguridad y Sistema,Consultar (SELECT),3,2016-04-20 14:21:41.823000,2022-12-03 06:57:06.973000
spSeleccionaSeguridadSocialPeriodo,Seguridad y Sistema,Consultar (SELECT),3,2015-08-29 12:00:10.940000,2017-03-06 10:38:18.077000
spSeleccionaSeguridadSocialTercero,Seguridad y Sistema,Consultar (SELECT),2,2018-07-26 10:00:43.360000,2018-07-26 11:20:36.417000
spSeleccionaSesionesFinca,Seguridad y Sistema,Consultar (SELECT),2,2014-11-05 14:07:35.743000,2015-01-28 16:22:15.800000
spSeleccionaTanquesProducto,Otro / Utilitario,Consultar (SELECT),2,2014-12-15 17:00:26.320000,2014-12-15 17:00:26.320000
spSeleccionaTerceroDevengos,Otro / Utilitario,Consultar (SELECT),2,2018-07-24 11:16:47.263000,2022-12-03 06:57:06.797000
spSeleccionaTerceroExistenteNominaDetalle,Otro / Utilitario,Consultar (SELECT),5,2017-06-16 14:54:27.467000,2017-07-10 14:21:45.807000
spSeleccionaTercerosLiquidadosNC,Otro / Utilitario,Consultar (SELECT),3,2016-08-04 17:29:57.740000,2017-07-10 14:21:45.817000
spSeleccionaTercerosPagoCheques,Otro / Utilitario,Consultar (SELECT),4,2017-05-13 10:14:24.340000,2017-05-13 10:27:51.350000
spSeleccionaTercerosRtirados,Otro / Utilitario,Consultar (SELECT),1,2016-02-23 09:51:10.060000,2022-12-03 06:57:06.513000
spSeleccionaTipoDocumentoExistenteNominaDetalle,Otro / Utilitario,Consultar (SELECT),3,2017-06-16 14:54:27.460000,2022-12-03 06:57:06.140000
spSeleccionaTipoTiquete,Otro / Utilitario,Consultar (SELECT),1,2017-02-07 15:58:48.023000,2022-12-03 06:57:06.147000
spSeleccionaTipoTransaccionLab,Otro / Utilitario,Consultar (SELECT),1,2015-05-12 16:51:01.730000,2022-12-03 06:57:06.153000
spSeleccionaTiquetesBasculaExtractora,Otro / Utilitario,Consultar (SELECT),3,2014-12-10 10:30:48.470000,2018-01-31 17:03:11.060000
spSeleccionaTiquetesNoRegistrados,Otro / Utilitario,Consultar (SELECT),3,2016-10-15 08:35:15.323000,2018-01-18 09:33:29.053000
spSeleccionaTiquetesRegistrados,Otro / Utilitario,Consultar (SELECT),3,2015-07-30 10:46:56.733000,2023-01-29 09:38:15.330000
spSeleccionaTmpNovedadDetalle,Temporales / Staging de procesos batch,Consultar (SELECT),3,2018-01-30 10:07:32.197000,2018-01-30 10:07:32.197000
spSeleccionaTraFerSaldo,Otro / Utilitario,Consultar (SELECT),1,2017-01-23 18:24:57.630000,2017-07-14 16:04:17.390000
spSeleccionaTrabajadoresActivosNomina,Otro / Utilitario,Consultar (SELECT),1,2015-06-04 09:09:02.933000,2022-12-03 06:57:06.520000
spSeleccionaTransaccionAnalisisCab,Otro / Utilitario,Consultar (SELECT),2,2015-05-10 13:07:51.257000,2015-10-30 11:30:37.967000
spSeleccionaTransaccionCompletaLabores,Otro / Utilitario,Consultar (SELECT),2,2015-01-05 11:38:48.110000,2015-07-10 13:22:49.710000
spSeleccionaTransaccionCompletaNovedades,Otro / Utilitario,Consultar (SELECT),2,2015-04-25 10:47:02.820000,2018-05-02 09:51:09.163000
spSeleccionaTransaccionCompletaSanidad,Otro / Utilitario,Consultar (SELECT),2,2014-12-16 15:43:19.523000,2016-04-28 10:27:28.190000
spSeleccionaTransaccionCompletapTransaccion,Otro / Utilitario,Consultar (SELECT),2,2015-01-08 15:35:10.943000,2017-03-04 10:24:58.710000
spSeleccionaTransaccionCompletapTransaccionLab,Otro / Utilitario,Consultar (SELECT),2,2015-05-10 14:34:36.750000,2015-05-10 14:34:36.750000
spSeleccionaTransaccionFertilizante,Otro / Utilitario,Consultar (SELECT),2,2023-02-02 13:38:12.327000,2023-02-03 07:55:12.700000
spSeleccionaTransaccionTiqueteAgronomico,Otro / Utilitario,Consultar (SELECT),2,2015-05-30 11:24:29.963000,2015-07-10 11:53:06.380000
spSeleccionaTurnoDepartamentos,Otro / Utilitario,Consultar (SELECT),2,2015-06-01 10:15:29.703000,2015-06-01 10:15:29.703000
spSeleccionaUsuariosActivos,Otro / Utilitario,Consultar (SELECT),0,2014-10-30 14:50:19.433000,2014-10-30 15:06:28.770000
spSeleccionaUsuariosPerfil,Otro / Utilitario,Consultar (SELECT),2,2020-09-02 04:26:53.160000,2020-09-02 04:26:53.160000
spSeleccionaVacacionesCortar,Otro / Utilitario,Consultar (SELECT),5,2016-09-14 09:39:17.383000,2016-09-14 09:39:17.383000
spSeleccionaVacacionesxEmpleado,Otro / Utilitario,Consultar (SELECT),5,2015-07-18 10:23:27.303000,2022-12-03 06:57:06.527000
spSeleccionaVacacionesxPeriodo,Otro / Utilitario,Consultar (SELECT),3,2015-10-30 10:37:49.580000,2017-07-10 14:21:46.267000
spSeleccionaVehicluosPropiosTipo,Otro / Utilitario,Consultar (SELECT),3,2014-11-12 11:40:13.300000,2014-11-12 11:40:13.300000
spSeleccionaVehiculosAnalisis,Otro / Utilitario,Consultar (SELECT),1,2014-12-15 15:18:08.277000,2017-02-25 12:23:49.750000
spSeleccionaVehiculosAnalisisModificacion,Otro / Utilitario,Consultar (SELECT),1,2017-02-08 17:09:53.433000,2017-02-25 12:36:24.413000
spSeleccionaVehiculosAnalisisRemision,Otro / Utilitario,Consultar (SELECT),2,2014-12-15 16:27:08.530000,2017-02-25 12:26:24.533000
spSeleccionaVehiculosAnalisisRemisionModificacion,Otro / Utilitario,Consultar (SELECT),2,2017-02-08 17:11:45.427000,2017-02-25 12:24:10.630000
spSeleccionaVehiculosDesCargaPlanta,Otro / Utilitario,Consultar (SELECT),1,2014-11-08 11:11:04.870000,2014-11-08 11:11:04.870000
spSeleccionaVehiculosDesCargaPlantaDeapachos,Otro / Utilitario,Consultar (SELECT),1,2017-02-07 10:18:10.817000,2017-02-07 10:18:55.967000
spSeleccionaVehiculosEnPlanta,Otro / Utilitario,Consultar (SELECT),1,2014-12-03 08:57:08.773000,2017-02-08 10:49:37.943000
spSeleccionaVehiculosEnPlantaAdmin,Otro / Utilitario,Consultar (SELECT),1,2015-12-01 10:53:27.340000,2015-12-01 11:00:03.137000
spSeleccionaVehiculosPesajeSalida,Otro / Utilitario,Consultar (SELECT),2,2014-12-06 11:48:44.250000,2014-12-06 11:53:21.377000
spSeleccionaVehiculosPropios,Otro / Utilitario,Consultar (SELECT),1,2017-02-07 10:27:00.507000,2017-02-07 10:27:00.507000
spSeleccionaVehiculosPropiosTipo,Otro / Utilitario,Consultar (SELECT),2,2014-12-05 16:59:08.157000,2014-12-06 08:44:26.213000
spSeleccionaclaseCliente,Contabilidad,Consultar (SELECT),4,2015-01-13 10:05:35.183000,2015-01-13 11:20:15.900000
spSeleccionaclaseProveedor,Contabilidad,Consultar (SELECT),4,2015-01-13 16:04:39.717000,2015-01-13 16:04:39.717000
spSeleccionanNovedadesDetalle,Nomina,Consultar (SELECT),3,2015-04-25 10:49:51.567000,2022-12-03 06:57:06.493000
spSeleccionarPeriodosSeguridadSocial,Otro / Utilitario,Consultar (SELECT),2,2015-10-26 19:47:40.527000,2017-04-06 09:28:36.503000
spSeleccionePesoPeriodoLote,Seguridad y Sistema,Sin clasificar,2,2015-06-17 12:59:26.243000,2015-06-17 13:01:23.040000
spSelecciontaEntradaMateriaPrimaLabor,Seguridad y Sistema,Sin clasificar,2,2014-11-26 14:12:57.267000,2014-11-26 14:13:08.860000
spSelecionPreliquidacionPepaFincaSeccionLote,Seguridad y Sistema,Sin clasificar,1,2018-02-16 15:48:25.380000,2018-04-03 14:18:11.940000
spSelecionaInformacionCertificadoIngresoRetenciones,Seguridad y Sistema,Sin clasificar,2,2016-05-06 17:04:02.963000,2017-07-10 14:21:45.690000
spSelecionaInformacionCertificadoIngresoRetencionesTrabajador,Seguridad y Sistema,Sin clasificar,3,2016-10-22 10:22:38.710000,2016-10-22 12:15:54.867000
spSelecionaRemisionMp,Seguridad y Sistema,Sin clasificar,2,2015-04-08 11:42:47.907000,2015-04-08 11:42:47.907000
spSincronizaInformacionSiesa,Seguridad y Sistema,Sin clasificar,0,2019-02-11 14:23:58.063000,2019-06-11 10:27:40.840000
spSysObtenerParametros,Metadatos de Sistema (motor dinamico),Sin clasificar,2,2014-10-24 14:58:32.260000,2014-10-24 14:58:32.260000
spValidaAusentismoTerceroFecha,"Agro (Fincas, Lotes, Transacciones de campo)",Validar,5,2016-02-27 09:25:18.683000,2016-03-02 11:27:29.777000
spValidaCantidadValorConcepto,Contabilidad,Validar,3,2015-05-09 09:28:34.253000,2017-07-10 14:21:45.710000
spValidaContratosActivosTercero,Contabilidad,Validar,3,2015-04-20 18:42:37.173000,2015-04-20 18:42:37.173000
spValidaEjecutarTransaccion,Otro / Utilitario,Validar,4,2016-06-25 11:34:09.750000,2022-12-03 06:57:05.663000
spValidaFuncionarioActivo,Mercado,Validar,3,2016-04-20 15:18:47.323000,2022-12-03 06:57:06.553000
spValidaMenuModulos,Otro / Utilitario,Validar,2,2014-10-30 17:22:17.017000,2014-10-30 17:30:31.713000
spValidaParametrosGeneralEmpresa,"Planta / Proceso de extraccion (fruta, pepa, tanques)",Validar,2,2015-09-12 08:48:38.090000,2015-09-12 08:58:52.707000
spValidaSitiosOperacion,Seguridad y Sistema,Validar,3,2022-12-03 06:57:05.190000,2022-12-03 06:57:05.190000
spValidarClaseContrato,Otro / Utilitario,Validar,3,2015-08-11 18:14:37.317000,2015-08-11 18:14:37.317000
spValidarNumeroPalmas,Otro / Utilitario,Validar,6,2016-04-28 10:26:40.753000,2022-12-03 06:57:05.287000
spVelidaRegistroProductoFecha,Otro / Utilitario,Sin clasificar,4,2015-01-08 09:01:39.740000,2015-01-08 15:17:19.100000
spVerificaAccesoOperaciones,"Agro (Fincas, Lotes, Transacciones de campo)",Validar,6,2014-10-23 15:24:11.180000,2022-12-03 06:57:05.083000
spVerificaAccesoPagina,"Agro (Fincas, Lotes, Transacciones de campo)",Validar,5,2014-11-04 08:13:15.607000,2022-12-03 06:57:05.090000
spVerificaAnalisisItems,"Agro (Fincas, Lotes, Transacciones de campo)",Validar,4,2014-12-09 14:46:51.970000,2014-12-09 15:00:53.933000
spVerificaAnalisisSellos,"Agro (Fincas, Lotes, Transacciones de campo)",Validar,3,2017-02-07 14:43:34.497000,2017-02-07 14:43:34.497000
spVerificaBodegaTipoTransaccion,Bascula y Transporte,Validar,4,2014-12-10 08:58:19.663000,2014-12-10 08:58:35.110000
spVerificaCargaExcelNovedades,Contabilidad,Validar,8,2018-01-30 10:03:47.457000,2022-12-03 06:57:06.557000
spVerificaCarnetPrimerPeso,Contabilidad,Validar,3,2014-12-15 09:57:12.300000,2014-12-15 09:57:12.300000
spVerificaCarnetSegundoPeso,Contabilidad,Validar,3,2014-12-15 17:29:47.120000,2015-04-15 08:43:54.293000
spVerificaChequeFormaPago,Contabilidad,Validar,3,2015-08-04 19:01:22.470000,2016-11-03 10:30:29.360000
spVerificaClaseConceptosContabilizacion,Contabilidad,Validar,3,2015-10-23 11:09:29.140000,2016-10-07 10:56:44.100000
spVerificaClaseContrato,Contabilidad,Validar,3,2015-06-09 18:18:22.903000,2015-06-09 18:18:22.903000
spVerificaClaseSeguridadSocial,Contabilidad,Validar,3,2015-10-29 10:42:24.460000,2016-10-07 09:21:12.257000
spVerificaClienteClaseIR,Contabilidad,Validar,5,2015-01-13 08:08:50.530000,2015-01-13 11:19:44.253000
spVerificaConceptosFijosDetalle,Contabilidad,Validar,7,2015-04-24 17:01:05.140000,2015-04-24 17:01:05.140000
spVerificaConceptosSeguridadSocial,Contabilidad,Validar,4,2015-09-14 14:55:42.210000,2015-09-14 14:55:42.210000
spVerificaConceptoyGrupoIR,Contabilidad,Validar,4,2014-11-06 11:24:04.050000,2014-11-06 14:04:46.800000
spVerificaEdicionBorradoAlmacen,Otro / Utilitario,Validar,4,2015-01-05 15:54:29.213000,2015-01-05 17:05:13.100000
spVerificaEdicionBorradoTransaccionesLabores,Otro / Utilitario,Validar,4,2015-01-05 17:05:34.147000,2022-12-03 06:57:06.807000
spVerificaEncabezadoPlanoBanco,Otro / Utilitario,Validar,3,2018-06-28 17:58:17.487000,2018-07-06 14:26:13.700000
spVerificaEstadoRemision,Otro / Utilitario,Validar,4,2014-12-02 14:40:07.740000,2014-12-02 14:40:56.090000
spVerificaFechaVacaciones,Mercado,Validar,4,2015-07-11 11:22:35.430000,2016-11-12 09:00:25.060000
spVerificaFormulaL,Mercado,Validar,5,2015-05-10 12:57:47.927000,2015-05-10 12:57:47.927000
spVerificaFormulaP,Mercado,Validar,5,2015-01-06 13:52:49.220000,2015-03-28 13:20:01.057000
spVerificaFuncionarioCuadrilla,Mercado,Validar,4,2014-11-11 16:17:23.437000,2014-11-11 16:17:23.437000
spVerificaGrupoConceptoNomina,Catalogos Generales,Validar,4,2015-08-27 15:31:35.760000,2018-03-01 09:46:14.260000
spVerificaItemBodega,Inventario / Items / Bodega,Validar,4,2017-02-08 17:08:49.023000,2017-02-08 17:08:49.023000
spVerificaNovedadTipo,Nomina,Validar,4,2014-11-25 11:19:24.590000,2014-11-25 11:19:24.590000
spVerificaOrdenSalida,Otro / Utilitario,Validar,3,2017-02-09 09:24:15.390000,2017-02-09 09:24:15.390000
spVerificaProductoTipoTransaccion,"Planta / Proceso de extraccion (fruta, pepa, tanques)",Validar,4,2014-12-04 15:16:34.700000,2014-12-04 15:16:38.010000
spVerificaProgramacionDespachoPorteria,"Planta / Proceso de extraccion (fruta, pepa, tanques)",Validar,2,2014-12-12 09:15:50.313000,2015-03-10 15:25:53.393000
spVerificaProgramacionExistentes,"Planta / Proceso de extraccion (fruta, pepa, tanques)",Validar,6,2015-07-16 11:05:07.147000,2015-07-16 11:05:07.147000
spVerificaProgramacionPlanta,"Planta / Proceso de extraccion (fruta, pepa, tanques)",Validar,2,2017-02-07 17:48:21.007000,2017-02-07 17:48:21.007000
spVerificaProveedorClaseIR,"Planta / Proceso de extraccion (fruta, pepa, tanques)",Validar,5,2015-01-13 08:37:17.977000,2015-01-13 16:07:37.273000
spVerificaRegistroPrecios,Otro / Utilitario,Validar,3,2015-01-26 15:53:48.083000,2015-09-25 15:55:28.497000
spVerificaRemisionComercializadora,Otro / Utilitario,Validar,3,2014-12-16 08:57:13.037000,2014-12-16 08:57:13.037000
spVerificaRemisionComercializadoraImpre,Otro / Utilitario,Validar,4,2017-02-09 09:23:37.983000,2017-02-09 09:23:37.983000
spVerificaRemisionPrimerPeso,Otro / Utilitario,Validar,3,2014-12-03 09:59:37.723000,2014-12-03 09:59:37.723000
spVerificaRemisionSegundoPeso,Otro / Utilitario,Validar,3,2014-12-05 15:34:56.973000,2014-12-06 08:53:52.480000
spVerificaRemisionTarima,Otro / Utilitario,Validar,4,2014-12-05 15:55:18.117000,2017-02-07 13:51:48.110000
spVerificaSaldoItem,Seguridad y Sistema,Validar,5,2017-01-23 18:30:06.007000,2017-07-04 14:56:49.850000
spVerificaTipoConceptoNomina,Otro / Utilitario,Validar,4,2016-05-06 16:20:29.070000,2016-05-06 16:20:29.070000
spVerificaTransaccionFecha,Otro / Utilitario,Validar,4,2015-05-10 13:06:58.880000,2019-06-11 09:41:59.667000
spVerificaUltimaFechaProrroga,Otro / Utilitario,Validar,5,2015-04-24 19:00:24.630000,2015-04-24 19:00:24.630000
spVerificaVehiculoEnPlanta,Otro / Utilitario,Validar,4,2014-11-08 11:20:05.743000,2014-11-08 11:20:05.743000
sp_adiciones_siesa,Integracion,Integracion con SIESA (ERP contable externo),2,2019-08-06 12:01:06.180000,2023-09-06 10:48:11.457000
sp_alterdiagram,N/A,Sistema (auto-generado SSMS/motor),4,2014-10-15 11:44:23.440000,2014-10-15 11:44:23.440000
sp_consulta,N/A,Sistema (auto-generado SSMS/motor),1,2025-01-30 15:26:12.570000,2025-02-03 10:56:33.003000
sp_consumo_siesa,Integracion,Integracion con SIESA (ERP contable externo),2,2019-08-06 11:59:38.867000,2022-12-03 06:57:05.107000
sp_creatediagram,N/A,Sistema (auto-generado SSMS/motor),4,2014-10-15 11:44:23.430000,2014-10-15 11:44:23.430000
sp_dropdiagram,N/A,Sistema (auto-generado SSMS/motor),2,2014-10-15 11:44:23.440000,2014-10-15 11:44:23.440000
sp_helpdiagramdefinition,N/A,Sistema (auto-generado SSMS/motor),2,2014-10-15 11:44:23.430000,2014-10-15 11:44:23.430000
sp_helpdiagrams,N/A,Sistema (auto-generado SSMS/motor),2,2014-10-15 11:44:23.420000,2014-10-15 11:44:23.420000
sp_renamediagram,N/A,Sistema (auto-generado SSMS/motor),3,2014-10-15 11:44:23.433000,2014-10-15 11:44:23.433000
sp_upgraddiagrams,N/A,Sistema (auto-generado SSMS/motor),0,2014-10-15 11:44:23.413000,2014-10-15 11:44:23.413000
spconsecutivoPeriodoAño,"Planta / Proceso de extraccion (fruta, pepa, tanques)",Generar consecutivo,3,2015-04-24 16:44:34.520000,2022-12-03 06:57:06.613000
spcontabilizaNominaTipoPeriodo,Nomina,Contabilizar,10,2016-07-26 15:21:17.447000,2022-12-03 06:57:07.110000
spfechaFinalxDiaHabil,Mercado,Sin clasificar,5,2015-07-11 11:14:44.547000,2016-01-30 12:27:54.540000
spliquidaEmbargosNomina,Otro / Utilitario,Liquidar (proceso de negocio),9,2015-05-08 17:55:52.377000,2018-08-02 14:52:57.397000
spsSeleccionaSellosDespachos,Seguridad y Sistema,Sin clasificar,2,2017-02-09 14:46:27.893000,2017-02-09 15:09:30.010000
spseleccionaEmtradaDPTCorte,Otro / Utilitario,Consultar (SELECT),2,2015-04-22 14:02:44.047000,2015-05-28 09:58:46.313000
spseleccionaEntradaMPCorte,Otro / Utilitario,Consultar (SELECT),2,2015-04-22 14:16:04.430000,2016-01-06 12:59:21.113000
spseleccionaSalidasDPTCorte,Seguridad y Sistema,Consultar (SELECT),2,2015-04-22 14:15:30.607000,2017-02-09 17:52:40.677000
spvalidaManejaCaracteristicas,Otro / Utilitario,Validar,3,2016-04-28 10:26:40.750000,2016-04-28 10:27:28.190000
spvalidaManejaPalmas,Otro / Utilitario,Validar,3,2015-05-30 14:09:12.860000,2016-04-28 10:27:28.190000
spverificaUmedidaFertilizacion,Otro / Utilitario,Validar,3,2017-03-29 09:28:56.893000,2017-03-29 09:28:56.893000
spverificaVacacionesLiquidadas,Otro / Utilitario,Validar,7,2015-08-27 15:54:16.437000,2015-08-27 15:54:16.437000
spverificaVehiculoPropio,Otro / Utilitario,Validar,3,2017-02-07 17:47:02.303000,2017-02-07 17:47:02.303000
