tabla,modulo,filas,orden,columna,tipo,nullable,es_pk,es_identity
__RefactorLog,Otras / Integraciones,4,1,OperationKey,uniqueidentifier,False,1,False
aCaracteristica,"Agro (Fincas, Lotes, Transacciones de campo)",100,1,empresa,int,False,1,False
aCaracteristica,"Agro (Fincas, Lotes, Transacciones de campo)",100,2,codigo,int,False,1,False
aCaracteristica,"Agro (Fincas, Lotes, Transacciones de campo)",100,3,descripcion,varchar(500),False,0,False
aCaracteristica,"Agro (Fincas, Lotes, Transacciones de campo)",100,4,manejaCaractistica,bit,False,0,False
aCaracteristica,"Agro (Fincas, Lotes, Transacciones de campo)",100,5,grupoCaracteristica,int,True,0,False
aCaracteristica,"Agro (Fincas, Lotes, Transacciones de campo)",100,6,activo,bit,False,0,False
aFinca,"Agro (Fincas, Lotes, Transacciones de campo)",4,1,empresa,int,False,1,False
aFinca,"Agro (Fincas, Lotes, Transacciones de campo)",4,2,codigo,varchar(50),False,1,False
aFinca,"Agro (Fincas, Lotes, Transacciones de campo)",4,3,descripcion,varchar(950),False,0,False
aFinca,"Agro (Fincas, Lotes, Transacciones de campo)",4,4,proveedor,int,True,0,False
aFinca,"Agro (Fincas, Lotes, Transacciones de campo)",4,5,ciudad,char(5),True,0,False
aFinca,"Agro (Fincas, Lotes, Transacciones de campo)",4,6,activo,bit,False,0,False
aFinca,"Agro (Fincas, Lotes, Transacciones de campo)",4,7,interna,bit,False,0,False
aFinca,"Agro (Fincas, Lotes, Transacciones de campo)",4,8,zonaGeografica,varchar(550),True,0,False
aFinca,"Agro (Fincas, Lotes, Transacciones de campo)",4,9,hectareas,float,False,0,False
aFinca,"Agro (Fincas, Lotes, Transacciones de campo)",4,10,fechaRegistro,date,False,0,False
aFinca,"Agro (Fincas, Lotes, Transacciones de campo)",4,11,usuarioRegistro,varchar(50),False,0,False
aFinca,"Agro (Fincas, Lotes, Transacciones de campo)",4,12,codigoEquivalencia,varchar(50),True,0,False
aFinca,"Agro (Fincas, Lotes, Transacciones de campo)",4,13,ubicacionGeografica,varchar(550),True,0,False
aFinca,"Agro (Fincas, Lotes, Transacciones de campo)",4,14,diatanciaPlanta,float,True,0,False
aFinca,"Agro (Fincas, Lotes, Transacciones de campo)",4,15,certificada,bit,True,0,False
aFinca,"Agro (Fincas, Lotes, Transacciones de campo)",4,16,agrupadoPor,varchar(50),True,0,False
aFinca,"Agro (Fincas, Lotes, Transacciones de campo)",4,17,certificadoMayor,varchar(50),True,0,False
aFinca,"Agro (Fincas, Lotes, Transacciones de campo)",4,18,socio,bit,True,0,False
aFinca,"Agro (Fincas, Lotes, Transacciones de campo)",4,19,centroOperacion,varchar(50),True,0,False
aGrupoCaracteristica,"Agro (Fincas, Lotes, Transacciones de campo)",6,1,empresa,int,False,1,False
aGrupoCaracteristica,"Agro (Fincas, Lotes, Transacciones de campo)",6,2,codigo,int,False,1,False
aGrupoCaracteristica,"Agro (Fincas, Lotes, Transacciones de campo)",6,3,descripcion,varchar(500),False,0,False
aGrupoCaracteristica,"Agro (Fincas, Lotes, Transacciones de campo)",6,4,activo,bit,False,0,False
aGrupoNovedad,"Agro (Fincas, Lotes, Transacciones de campo)",6,1,empresa,int,False,1,False
aGrupoNovedad,"Agro (Fincas, Lotes, Transacciones de campo)",6,2,codigo,varchar(50),False,1,False
aGrupoNovedad,"Agro (Fincas, Lotes, Transacciones de campo)",6,3,descripcion,varchar(50),False,0,False
aGrupoNovedad,"Agro (Fincas, Lotes, Transacciones de campo)",6,4,activo,bit,False,0,False
aGrupoNovedad,"Agro (Fincas, Lotes, Transacciones de campo)",6,5,ccosto,varchar(50),True,0,False
aGrupoNovedad,"Agro (Fincas, Lotes, Transacciones de campo)",6,6,manejaCcostoSiigo,bit,True,0,False
aGrupoNovedad,"Agro (Fincas, Lotes, Transacciones de campo)",6,7,ccostoSiigo,varchar(50),True,0,False
aLogReliquidacion,"Agro (Fincas, Lotes, Transacciones de campo)",3,1,empresa,int,False,1,False
aLogReliquidacion,"Agro (Fincas, Lotes, Transacciones de campo)",3,2,fechaInicial,date,False,1,False
aLogReliquidacion,"Agro (Fincas, Lotes, Transacciones de campo)",3,3,fechaFinal,date,False,1,False
aLogReliquidacion,"Agro (Fincas, Lotes, Transacciones de campo)",3,4,usuario,varchar(50),False,1,False
aLogReliquidacion,"Agro (Fincas, Lotes, Transacciones de campo)",3,5,fechaRegistro,datetime,False,1,False
aLoteCcostoSigo,"Agro (Fincas, Lotes, Transacciones de campo)",0,1,empresa,int,False,1,False
aLoteCcostoSigo,"Agro (Fincas, Lotes, Transacciones de campo)",0,2,lote,varchar(50),False,1,False
aLoteCcostoSigo,"Agro (Fincas, Lotes, Transacciones de campo)",0,3,mCcostoSigo,varchar(50),False,0,False
aLoteCcostoSigo,"Agro (Fincas, Lotes, Transacciones de campo)",0,4,aCcostoSigo,varchar(50),False,0,False
aLotePesosPeriodo,"Agro (Fincas, Lotes, Transacciones de campo)",10918,1,empresa,int,False,1,False
aLotePesosPeriodo,"Agro (Fincas, Lotes, Transacciones de campo)",10918,2,año,int,False,1,False
aLotePesosPeriodo,"Agro (Fincas, Lotes, Transacciones de campo)",10918,3,mes,int,False,1,False
aLotePesosPeriodo,"Agro (Fincas, Lotes, Transacciones de campo)",10918,4,finca,varchar(50),False,1,False
aLotePesosPeriodo,"Agro (Fincas, Lotes, Transacciones de campo)",10918,5,seccion,varchar(50),True,0,False
aLotePesosPeriodo,"Agro (Fincas, Lotes, Transacciones de campo)",10918,6,lote,varchar(50),False,1,False
aLotePesosPeriodo,"Agro (Fincas, Lotes, Transacciones de campo)",10918,7,pesoRacimo,"decimal(18,3)",False,0,False
aLotePesosPeriodo,"Agro (Fincas, Lotes, Transacciones de campo)",10918,8,automatico,bit,False,0,False
aLotePesosPeriodo,"Agro (Fincas, Lotes, Transacciones de campo)",10918,9,fechaInicial,date,True,0,False
aLotePesosPeriodo,"Agro (Fincas, Lotes, Transacciones de campo)",10918,10,fechaFinal,date,True,0,False
aLotes,"Agro (Fincas, Lotes, Transacciones de campo)",105,1,empresa,int,False,1,False
aLotes,"Agro (Fincas, Lotes, Transacciones de campo)",105,2,codigo,varchar(50),False,1,False
aLotes,"Agro (Fincas, Lotes, Transacciones de campo)",105,3,manejaSeccion,bit,False,0,False
aLotes,"Agro (Fincas, Lotes, Transacciones de campo)",105,4,seccion,varchar(50),True,0,False
aLotes,"Agro (Fincas, Lotes, Transacciones de campo)",105,5,finca,varchar(50),False,1,False
aLotes,"Agro (Fincas, Lotes, Transacciones de campo)",105,6,descripcion,varchar(550),False,0,False
aLotes,"Agro (Fincas, Lotes, Transacciones de campo)",105,7,añoSiembra,int,False,0,False
aLotes,"Agro (Fincas, Lotes, Transacciones de campo)",105,8,mesSiembra,int,False,0,False
aLotes,"Agro (Fincas, Lotes, Transacciones de campo)",105,9,palmasBrutas,int,False,0,False
aLotes,"Agro (Fincas, Lotes, Transacciones de campo)",105,10,palmasProduccion,int,False,0,False
aLotes,"Agro (Fincas, Lotes, Transacciones de campo)",105,11,hBrutas,"decimal(18,2)",False,0,False
aLotes,"Agro (Fincas, Lotes, Transacciones de campo)",105,12,hNetas,"decimal(18,2)",False,0,False
aLotes,"Agro (Fincas, Lotes, Transacciones de campo)",105,13,dSiembra,"decimal(18,2)",False,0,False
aLotes,"Agro (Fincas, Lotes, Transacciones de campo)",105,14,variedad,char(5),False,0,False
aLotes,"Agro (Fincas, Lotes, Transacciones de campo)",105,15,densidad,"decimal(18,2)",False,0,False
aLotes,"Agro (Fincas, Lotes, Transacciones de campo)",105,16,NoLineas,int,False,0,False
aLotes,"Agro (Fincas, Lotes, Transacciones de campo)",105,17,fechaRegistro,datetime,False,0,False
aLotes,"Agro (Fincas, Lotes, Transacciones de campo)",105,18,usuario,varchar(50),False,0,False
aLotes,"Agro (Fincas, Lotes, Transacciones de campo)",105,19,foto,varchar(1550),True,0,False
aLotes,"Agro (Fincas, Lotes, Transacciones de campo)",105,20,activo,bit,False,0,False
aLotes,"Agro (Fincas, Lotes, Transacciones de campo)",105,21,desarrollo,bit,False,0,False
aLotes,"Agro (Fincas, Lotes, Transacciones de campo)",105,22,numero,int,True,0,False
aLotes,"Agro (Fincas, Lotes, Transacciones de campo)",105,23,letra,varchar(50),True,0,False
aLotes,"Agro (Fincas, Lotes, Transacciones de campo)",105,25,ccosto,varchar(50),True,0,False
aLotesCanal,"Agro (Fincas, Lotes, Transacciones de campo)",109,1,empresa,int,False,1,False
aLotesCanal,"Agro (Fincas, Lotes, Transacciones de campo)",109,2,lote,varchar(50),False,1,False
aLotesCanal,"Agro (Fincas, Lotes, Transacciones de campo)",109,3,registro,int,False,1,False
aLotesCanal,"Agro (Fincas, Lotes, Transacciones de campo)",109,4,tipoCanal,varchar(10),False,1,False
aLotesCanal,"Agro (Fincas, Lotes, Transacciones de campo)",109,5,metros,float,False,0,False
aLotesDetalle,"Agro (Fincas, Lotes, Transacciones de campo)",6121,1,empresa,int,False,1,False
aLotesDetalle,"Agro (Fincas, Lotes, Transacciones de campo)",6121,2,lote,varchar(50),False,1,False
aLotesDetalle,"Agro (Fincas, Lotes, Transacciones de campo)",6121,3,linea,int,False,1,False
aLotesDetalle,"Agro (Fincas, Lotes, Transacciones de campo)",6121,4,finca,varchar(50),False,1,False
aLotesDetalle,"Agro (Fincas, Lotes, Transacciones de campo)",6121,5,noPalma,int,False,0,False
aLotesDetalle,"Agro (Fincas, Lotes, Transacciones de campo)",6121,6,izquierda,bit,False,0,False
aLotesDetalle,"Agro (Fincas, Lotes, Transacciones de campo)",6121,7,palmaErradicada,int,True,0,False
aMovimientoLotes,"Agro (Fincas, Lotes, Transacciones de campo)",0,1,tipo,varchar(50),False,1,False
aMovimientoLotes,"Agro (Fincas, Lotes, Transacciones de campo)",0,2,numero,varchar(50),False,1,False
aMovimientoLotes,"Agro (Fincas, Lotes, Transacciones de campo)",0,3,registroT,int,False,1,False
aMovimientoLotes,"Agro (Fincas, Lotes, Transacciones de campo)",0,4,empresa,int,False,1,False
aMovimientoLotes,"Agro (Fincas, Lotes, Transacciones de campo)",0,5,codigo,varchar(50),False,1,False
aMovimientoLotes,"Agro (Fincas, Lotes, Transacciones de campo)",0,6,registro,int,False,1,False
aMovimientoLotes,"Agro (Fincas, Lotes, Transacciones de campo)",0,7,seccion,varchar(50),True,0,False
aMovimientoLotes,"Agro (Fincas, Lotes, Transacciones de campo)",0,8,finca,varchar(50),True,0,False
aMovimientoLotes,"Agro (Fincas, Lotes, Transacciones de campo)",0,9,añoSiembra,int,True,0,False
aMovimientoLotes,"Agro (Fincas, Lotes, Transacciones de campo)",0,10,mesSiembra,int,True,0,False
aMovimientoLotes,"Agro (Fincas, Lotes, Transacciones de campo)",0,11,palmasBrutas,int,True,0,False
aMovimientoLotes,"Agro (Fincas, Lotes, Transacciones de campo)",0,12,palmasProduccion,int,True,0,False
aMovimientoLotes,"Agro (Fincas, Lotes, Transacciones de campo)",0,13,hBrutas,"decimal(18,2)",True,0,False
aMovimientoLotes,"Agro (Fincas, Lotes, Transacciones de campo)",0,14,hNetas,"decimal(18,2)",True,0,False
aMovimientoLotes,"Agro (Fincas, Lotes, Transacciones de campo)",0,15,dSiembra,"decimal(18,2)",True,0,False
aMovimientoLotes,"Agro (Fincas, Lotes, Transacciones de campo)",0,16,variedad,char(5),True,0,False
aMovimientoLotes,"Agro (Fincas, Lotes, Transacciones de campo)",0,17,densidad,"decimal(18,2)",True,0,False
aMovimientoLotes,"Agro (Fincas, Lotes, Transacciones de campo)",0,18,NoLineas,int,True,0,False
aMovimientoLotes,"Agro (Fincas, Lotes, Transacciones de campo)",0,19,fechaRegistro,datetime,True,0,False
aMovimientoLotes,"Agro (Fincas, Lotes, Transacciones de campo)",0,20,usuario,varchar(50),True,0,False
aMovimientoLotes,"Agro (Fincas, Lotes, Transacciones de campo)",0,21,desarrollo,bit,True,0,False
aNovedad,"Agro (Fincas, Lotes, Transacciones de campo)",144,1,empresa,int,False,1,False
aNovedad,"Agro (Fincas, Lotes, Transacciones de campo)",144,2,codigo,varchar(50),False,1,False
aNovedad,"Agro (Fincas, Lotes, Transacciones de campo)",144,3,descripcion,varchar(200),False,0,False
aNovedad,"Agro (Fincas, Lotes, Transacciones de campo)",144,4,desCorta,varchar(50),False,0,False
aNovedad,"Agro (Fincas, Lotes, Transacciones de campo)",144,5,grupo,varchar(50),False,0,False
aNovedad,"Agro (Fincas, Lotes, Transacciones de campo)",144,6,uMedida,varchar(50),False,0,False
aNovedad,"Agro (Fincas, Lotes, Transacciones de campo)",144,7,ciclos,int,False,0,False
aNovedad,"Agro (Fincas, Lotes, Transacciones de campo)",144,8,tarea,int,False,0,False
aNovedad,"Agro (Fincas, Lotes, Transacciones de campo)",144,9,naturaleza,int,False,0,False
aNovedad,"Agro (Fincas, Lotes, Transacciones de campo)",144,10,impuesto,bit,False,0,False
aNovedad,"Agro (Fincas, Lotes, Transacciones de campo)",144,11,equivalencia,varchar(50),True,0,False
aNovedad,"Agro (Fincas, Lotes, Transacciones de campo)",144,12,concepto,varchar(50),False,1,False
aNovedad,"Agro (Fincas, Lotes, Transacciones de campo)",144,13,grupoIR,char(5),True,0,False
aNovedad,"Agro (Fincas, Lotes, Transacciones de campo)",144,14,manejaLote,bit,False,0,False
aNovedad,"Agro (Fincas, Lotes, Transacciones de campo)",144,15,manejaSaldo,bit,False,0,False
aNovedad,"Agro (Fincas, Lotes, Transacciones de campo)",144,16,manejaCanal,bit,False,0,False
aNovedad,"Agro (Fincas, Lotes, Transacciones de campo)",144,17,manejaLinea,bit,False,0,False
aNovedad,"Agro (Fincas, Lotes, Transacciones de campo)",144,18,manejaPalma,bit,False,0,False
aNovedad,"Agro (Fincas, Lotes, Transacciones de campo)",144,19,tipoCanal,varchar(10),True,0,False
aNovedad,"Agro (Fincas, Lotes, Transacciones de campo)",144,20,manejaRacimo,bit,False,0,False
aNovedad,"Agro (Fincas, Lotes, Transacciones de campo)",144,21,manejaJornal,bit,False,0,False
aNovedad,"Agro (Fincas, Lotes, Transacciones de campo)",144,22,porHaNeta,bit,False,0,False
aNovedad,"Agro (Fincas, Lotes, Transacciones de campo)",144,23,porHaBruta,bit,False,0,False
aNovedad,"Agro (Fincas, Lotes, Transacciones de campo)",144,24,porHaProduccion,bit,False,0,False
aNovedad,"Agro (Fincas, Lotes, Transacciones de campo)",144,25,manejaBascula,bit,False,0,False
aNovedad,"Agro (Fincas, Lotes, Transacciones de campo)",144,26,manejaFecha,bit,False,0,False
aNovedad,"Agro (Fincas, Lotes, Transacciones de campo)",144,27,manejaRango,bit,False,0,False
aNovedad,"Agro (Fincas, Lotes, Transacciones de campo)",144,28,añoDesde,int,True,0,False
aNovedad,"Agro (Fincas, Lotes, Transacciones de campo)",144,29,añoHasta,int,True,0,False
aNovedad,"Agro (Fincas, Lotes, Transacciones de campo)",144,30,activo,bit,False,0,False
aNovedad,"Agro (Fincas, Lotes, Transacciones de campo)",144,31,fechaRegistro,datetime,False,0,False
aNovedad,"Agro (Fincas, Lotes, Transacciones de campo)",144,32,usuario,varchar(50),False,0,False
aNovedad,"Agro (Fincas, Lotes, Transacciones de campo)",144,33,claseLabor,int,True,0,False
aNovedad,"Agro (Fincas, Lotes, Transacciones de campo)",144,34,manejaDecimal,bit,False,0,False
aNovedad,"Agro (Fincas, Lotes, Transacciones de campo)",144,35,noPrestacional,bit,False,0,False
aNovedad,"Agro (Fincas, Lotes, Transacciones de campo)",144,36,manejaCaracteristica,bit,False,0,False
aNovedad,"Agro (Fincas, Lotes, Transacciones de campo)",144,37,muestraInforme,bit,True,0,False
aNovedad,"Agro (Fincas, Lotes, Transacciones de campo)",144,38,muestraInformeContratista,bit,True,0,False
aNovedad,"Agro (Fincas, Lotes, Transacciones de campo)",144,39,calculaJornal,bit,True,0,False
aNovedadFincaCcosto,"Agro (Fincas, Lotes, Transacciones de campo)",0,1,empresa,int,False,1,False
aNovedadFincaCcosto,"Agro (Fincas, Lotes, Transacciones de campo)",0,2,novedad,varchar(50),False,1,False
aNovedadFincaCcosto,"Agro (Fincas, Lotes, Transacciones de campo)",0,3,finca,varchar(50),False,1,False
aNovedadFincaCcosto,"Agro (Fincas, Lotes, Transacciones de campo)",0,4,mayorCcostoC,varchar(50),False,0,False
aNovedadFincaCcosto,"Agro (Fincas, Lotes, Transacciones de campo)",0,5,ccostoContable,varchar(50),False,0,False
aNovedadLotePrecio,"Agro (Fincas, Lotes, Transacciones de campo)",774,1,empresa,int,False,1,False
aNovedadLotePrecio,"Agro (Fincas, Lotes, Transacciones de campo)",774,2,año,varchar(50),False,1,False
aNovedadLotePrecio,"Agro (Fincas, Lotes, Transacciones de campo)",774,3,novedad,varchar(50),False,1,False
aNovedadLotePrecio,"Agro (Fincas, Lotes, Transacciones de campo)",774,4,registro,int,False,1,False
aNovedadLotePrecio,"Agro (Fincas, Lotes, Transacciones de campo)",774,5,precioDestajo,money,False,0,False
aNovedadLotePrecio,"Agro (Fincas, Lotes, Transacciones de campo)",774,6,precioContratistas,money,False,0,False
aNovedadLotePrecio,"Agro (Fincas, Lotes, Transacciones de campo)",774,7,precioOtros,money,False,0,False
aNovedadLotePrecio,"Agro (Fincas, Lotes, Transacciones de campo)",774,8,porcentaje,"decimal(18,3)",False,0,False
aNovedadLotePrecio,"Agro (Fincas, Lotes, Transacciones de campo)",774,9,fechaRegistro,datetime,False,0,False
aNovedadLotePrecio,"Agro (Fincas, Lotes, Transacciones de campo)",774,10,usuario,varchar(50),False,0,False
aNovedadLotePrecio,"Agro (Fincas, Lotes, Transacciones de campo)",774,11,modificado,bit,False,0,False
aNovedadLotePrecio,"Agro (Fincas, Lotes, Transacciones de campo)",774,12,baseSueldo,bit,True,0,False
aNovedadPrecio,"Agro (Fincas, Lotes, Transacciones de campo)",0,1,empresa,int,False,1,False
aNovedadPrecio,"Agro (Fincas, Lotes, Transacciones de campo)",0,2,año,varchar(50),False,1,False
aNovedadPrecio,"Agro (Fincas, Lotes, Transacciones de campo)",0,3,novedad,varchar(50),False,1,False
aNovedadPrecio,"Agro (Fincas, Lotes, Transacciones de campo)",0,4,finca,varchar(50),False,1,False
aNovedadPrecio,"Agro (Fincas, Lotes, Transacciones de campo)",0,5,lote,varchar(50),False,1,False
aNovedadPrecio,"Agro (Fincas, Lotes, Transacciones de campo)",0,6,seccion,varchar(50),False,1,False
aNovedadPrecio,"Agro (Fincas, Lotes, Transacciones de campo)",0,7,precioDestajo,money,False,0,False
aNovedadPrecio,"Agro (Fincas, Lotes, Transacciones de campo)",0,8,precioContratistas,money,False,0,False
aNovedadPrecio,"Agro (Fincas, Lotes, Transacciones de campo)",0,9,precioOtros,money,False,0,False
aNovedadPrecio,"Agro (Fincas, Lotes, Transacciones de campo)",0,10,porcentaje,float,False,0,False
aNovedadPrecio,"Agro (Fincas, Lotes, Transacciones de campo)",0,11,fechaRegistro,datetime,False,0,False
aNovedadPrecio,"Agro (Fincas, Lotes, Transacciones de campo)",0,12,usuario,varchar(50),False,0,False
aNovedadPrecio,"Agro (Fincas, Lotes, Transacciones de campo)",0,13,modificado,bit,False,0,False
aNovedadPrecio,"Agro (Fincas, Lotes, Transacciones de campo)",0,14,baseSueldo,bit,True,0,False
aParametrosDescuento,"Agro (Fincas, Lotes, Transacciones de campo)",0,1,empresa,int,False,1,False
aParametrosDescuento,"Agro (Fincas, Lotes, Transacciones de campo)",0,2,finca,varchar(50),False,1,False
aParametrosDescuento,"Agro (Fincas, Lotes, Transacciones de campo)",0,3,novedadBase,varchar(50),False,1,False
aParametrosDescuento,"Agro (Fincas, Lotes, Transacciones de campo)",0,4,novedadAplicar,varchar(50),True,0,False
aParametrosDescuento,"Agro (Fincas, Lotes, Transacciones de campo)",0,5,mPorcentaje,bit,True,0,False
aParametrosDescuento,"Agro (Fincas, Lotes, Transacciones de campo)",0,6,porcentaje,float,True,0,False
aParametrosDescuento,"Agro (Fincas, Lotes, Transacciones de campo)",0,7,mCantidad,bit,True,0,False
aParametrosDescuento,"Agro (Fincas, Lotes, Transacciones de campo)",0,8,cantidad,float,True,0,False
aParametrosDescuento,"Agro (Fincas, Lotes, Transacciones de campo)",0,9,mValor,bit,True,0,False
aParametrosDescuento,"Agro (Fincas, Lotes, Transacciones de campo)",0,10,valor,float,True,0,False
aParametrosDescuento,"Agro (Fincas, Lotes, Transacciones de campo)",0,11,fechaInicio,date,True,0,False
aParametrosDescuento,"Agro (Fincas, Lotes, Transacciones de campo)",0,12,retencion,float,True,0,False
aParametrosDescuento,"Agro (Fincas, Lotes, Transacciones de campo)",0,13,activo,bit,True,0,False
aParametrosDescuento,"Agro (Fincas, Lotes, Transacciones de campo)",0,14,mSeccion,bit,True,0,False
aParametrosDescuento,"Agro (Fincas, Lotes, Transacciones de campo)",0,15,seccion,varchar(50),False,1,False
aParametrosDescuento,"Agro (Fincas, Lotes, Transacciones de campo)",0,16,mLote,bit,True,0,False
aParametrosDescuento,"Agro (Fincas, Lotes, Transacciones de campo)",0,17,lote,varchar(50),False,1,False
aParametrosDescuento,"Agro (Fincas, Lotes, Transacciones de campo)",0,18,mNovedadFestiva,bit,False,0,False
aParametrosDescuento,"Agro (Fincas, Lotes, Transacciones de campo)",0,19,novedadFestiva,varchar(50),True,0,False
aPeriodo,"Agro (Fincas, Lotes, Transacciones de campo)",221,1,empresa,int,False,1,False
aPeriodo,"Agro (Fincas, Lotes, Transacciones de campo)",221,2,año,int,False,1,False
aPeriodo,"Agro (Fincas, Lotes, Transacciones de campo)",221,3,mes,int,False,1,False
aPeriodo,"Agro (Fincas, Lotes, Transacciones de campo)",221,4,descripcion,varchar(550),False,0,False
aPeriodo,"Agro (Fincas, Lotes, Transacciones de campo)",221,5,periodo,varchar(6),False,0,False
aPeriodo,"Agro (Fincas, Lotes, Transacciones de campo)",221,6,cerrado,bit,False,0,False
aSanidad,"Agro (Fincas, Lotes, Transacciones de campo)",2,1,empresa,int,False,1,False
aSanidad,"Agro (Fincas, Lotes, Transacciones de campo)",2,2,tipo,varchar(50),False,1,False
aSanidad,"Agro (Fincas, Lotes, Transacciones de campo)",2,3,numero,varchar(50),False,1,False
aSanidad,"Agro (Fincas, Lotes, Transacciones de campo)",2,4,fecha,date,False,0,False
aSanidad,"Agro (Fincas, Lotes, Transacciones de campo)",2,5,lote,varchar(50),False,0,False
aSanidad,"Agro (Fincas, Lotes, Transacciones de campo)",2,6,finca,varchar(50),False,0,False
aSanidad,"Agro (Fincas, Lotes, Transacciones de campo)",2,7,seccion,char(3),True,0,False
aSanidad,"Agro (Fincas, Lotes, Transacciones de campo)",2,8,remision,varchar(50),True,0,False
aSanidad,"Agro (Fincas, Lotes, Transacciones de campo)",2,9,nota,varchar(950),False,0,False
aSanidad,"Agro (Fincas, Lotes, Transacciones de campo)",2,10,referencia,varchar(50),True,0,False
aSanidad,"Agro (Fincas, Lotes, Transacciones de campo)",2,11,usuario,varchar(50),False,0,False
aSanidad,"Agro (Fincas, Lotes, Transacciones de campo)",2,12,fechaRegistro,datetime,False,0,False
aSanidad,"Agro (Fincas, Lotes, Transacciones de campo)",2,13,anulado,bit,True,0,False
aSanidad,"Agro (Fincas, Lotes, Transacciones de campo)",2,14,usuarioAnulado,varchar(50),True,0,False
aSanidad,"Agro (Fincas, Lotes, Transacciones de campo)",2,15,fechaAnulado,datetime,True,0,False
aSanidad,"Agro (Fincas, Lotes, Transacciones de campo)",2,16,ejecutado,bit,False,0,False
aSanidad,"Agro (Fincas, Lotes, Transacciones de campo)",2,17,aprobado,bit,False,0,False
aSanidad,"Agro (Fincas, Lotes, Transacciones de campo)",2,18,usuarioAprobado,varchar(50),True,0,False
aSanidad,"Agro (Fincas, Lotes, Transacciones de campo)",2,19,fechaAprobado,datetime,True,0,False
aSanidadDetalle,"Agro (Fincas, Lotes, Transacciones de campo)",2,1,empresa,int,False,1,False
aSanidadDetalle,"Agro (Fincas, Lotes, Transacciones de campo)",2,2,tipo,varchar(50),False,1,False
aSanidadDetalle,"Agro (Fincas, Lotes, Transacciones de campo)",2,3,numero,varchar(50),False,1,False
aSanidadDetalle,"Agro (Fincas, Lotes, Transacciones de campo)",2,4,registro,int,False,1,False
aSanidadDetalle,"Agro (Fincas, Lotes, Transacciones de campo)",2,5,fecha,date,False,0,False
aSanidadDetalle,"Agro (Fincas, Lotes, Transacciones de campo)",2,6,linea,int,True,0,False
aSanidadDetalle,"Agro (Fincas, Lotes, Transacciones de campo)",2,7,palma,int,True,0,False
aSanidadDetalle,"Agro (Fincas, Lotes, Transacciones de campo)",2,8,item,varchar(50),False,0,False
aSanidadDetalle,"Agro (Fincas, Lotes, Transacciones de campo)",2,9,cantidad,"decimal(18,3)",True,0,False
aSanidadDetalle,"Agro (Fincas, Lotes, Transacciones de campo)",2,10,uMedida,varchar(50),True,0,False
aSanidadDetalle,"Agro (Fincas, Lotes, Transacciones de campo)",2,11,detalle,varchar(550),False,0,False
aSanidadDetalle,"Agro (Fincas, Lotes, Transacciones de campo)",2,12,ejecutado,bit,True,0,False
aSanidadDetalle,"Agro (Fincas, Lotes, Transacciones de campo)",2,13,fechaEjecutado,datetime,True,0,False
aSanidadDetalle,"Agro (Fincas, Lotes, Transacciones de campo)",2,14,usuarioEjecturado,datetime,True,0,False
aSanidadDetalle,"Agro (Fincas, Lotes, Transacciones de campo)",2,15,referenciaDetalle,varchar(50),True,0,False
aSanidadDetalle,"Agro (Fincas, Lotes, Transacciones de campo)",2,16,grupoCaracteristica,int,True,0,False
aSanidadDetalle,"Agro (Fincas, Lotes, Transacciones de campo)",2,17,caracteristica,int,True,0,False
aSanidadDetalle,"Agro (Fincas, Lotes, Transacciones de campo)",2,18,naturaleza,int,False,0,False
aSecciones,"Agro (Fincas, Lotes, Transacciones de campo)",0,1,empresa,int,False,1,False
aSecciones,"Agro (Fincas, Lotes, Transacciones de campo)",0,2,finca,varchar(50),False,1,False
aSecciones,"Agro (Fincas, Lotes, Transacciones de campo)",0,3,codigo,varchar(50),False,1,False
aSecciones,"Agro (Fincas, Lotes, Transacciones de campo)",0,4,descripcion,varchar(550),False,0,False
aSecciones,"Agro (Fincas, Lotes, Transacciones de campo)",0,5,hBrutas,float,True,0,False
aSecciones,"Agro (Fincas, Lotes, Transacciones de campo)",0,6,activo,bit,False,0,False
aTipoCanal,"Agro (Fincas, Lotes, Transacciones de campo)",5,1,empresa,int,False,1,False
aTipoCanal,"Agro (Fincas, Lotes, Transacciones de campo)",5,2,codigo,varchar(10),False,1,False
aTipoCanal,"Agro (Fincas, Lotes, Transacciones de campo)",5,3,descripcion,varchar(550),False,0,False
aTipoCanal,"Agro (Fincas, Lotes, Transacciones de campo)",5,4,activo,bit,False,0,False
aTipoNovedad,"Agro (Fincas, Lotes, Transacciones de campo)",14,1,empresa,int,False,1,False
aTipoNovedad,"Agro (Fincas, Lotes, Transacciones de campo)",14,2,tipo,varchar(50),False,1,False
aTipoNovedad,"Agro (Fincas, Lotes, Transacciones de campo)",14,3,novedad,int,False,1,False
aTransaccion,"Agro (Fincas, Lotes, Transacciones de campo)",6435,1,empresa,int,False,1,False
aTransaccion,"Agro (Fincas, Lotes, Transacciones de campo)",6435,2,año,int,False,0,False
aTransaccion,"Agro (Fincas, Lotes, Transacciones de campo)",6435,3,mes,int,False,0,False
aTransaccion,"Agro (Fincas, Lotes, Transacciones de campo)",6435,4,tipo,varchar(50),False,1,False
aTransaccion,"Agro (Fincas, Lotes, Transacciones de campo)",6435,5,numero,varchar(50),False,1,False
aTransaccion,"Agro (Fincas, Lotes, Transacciones de campo)",6435,6,fecha,date,False,0,False
aTransaccion,"Agro (Fincas, Lotes, Transacciones de campo)",6435,7,referencia,varchar(50),True,0,False
aTransaccion,"Agro (Fincas, Lotes, Transacciones de campo)",6435,8,finca,varchar(50),True,0,False
aTransaccion,"Agro (Fincas, Lotes, Transacciones de campo)",6435,9,jornal,int,True,0,False
aTransaccion,"Agro (Fincas, Lotes, Transacciones de campo)",6435,10,racimos,int,True,0,False
aTransaccion,"Agro (Fincas, Lotes, Transacciones de campo)",6435,11,cantidad,int,True,0,False
aTransaccion,"Agro (Fincas, Lotes, Transacciones de campo)",6435,12,precio,money,True,0,False
aTransaccion,"Agro (Fincas, Lotes, Transacciones de campo)",6435,13,valorTotal,money,True,0,False
aTransaccion,"Agro (Fincas, Lotes, Transacciones de campo)",6435,14,fechaFinal,date,True,0,False
aTransaccion,"Agro (Fincas, Lotes, Transacciones de campo)",6435,15,remision,varchar(50),True,0,False
aTransaccion,"Agro (Fincas, Lotes, Transacciones de campo)",6435,16,observacion,varchar(2550),False,0,False
aTransaccion,"Agro (Fincas, Lotes, Transacciones de campo)",6435,17,fechaRegistro,datetime,False,0,False
aTransaccion,"Agro (Fincas, Lotes, Transacciones de campo)",6435,18,usuarioRegistro,varchar(50),False,0,False
aTransaccion,"Agro (Fincas, Lotes, Transacciones de campo)",6435,19,anulado,bit,True,0,False
aTransaccion,"Agro (Fincas, Lotes, Transacciones de campo)",6435,20,usuarioAnulado,varchar(50),True,0,False
aTransaccion,"Agro (Fincas, Lotes, Transacciones de campo)",6435,21,fechaAnulado,datetime,True,0,False
aTransaccion,"Agro (Fincas, Lotes, Transacciones de campo)",6435,22,periodo,int,True,0,False
aTransaccion,"Agro (Fincas, Lotes, Transacciones de campo)",6435,23,cerrado,bit,False,0,False
aTransaccion,"Agro (Fincas, Lotes, Transacciones de campo)",6435,24,añofer,int,True,0,False
aTransaccion,"Agro (Fincas, Lotes, Transacciones de campo)",6435,25,mesIfer,int,True,0,False
aTransaccion,"Agro (Fincas, Lotes, Transacciones de campo)",6435,26,mesFfer,int,True,0,False
aTransaccionBascula,"Agro (Fincas, Lotes, Transacciones de campo)",2982,1,empresa,int,False,1,False
aTransaccionBascula,"Agro (Fincas, Lotes, Transacciones de campo)",2982,2,tipo,varchar(50),False,1,False
aTransaccionBascula,"Agro (Fincas, Lotes, Transacciones de campo)",2982,3,numero,varchar(50),False,1,False
aTransaccionBascula,"Agro (Fincas, Lotes, Transacciones de campo)",2982,4,planta,varchar(50),True,0,False
aTransaccionBascula,"Agro (Fincas, Lotes, Transacciones de campo)",2982,5,tiquete,varchar(50),False,1,False
aTransaccionBascula,"Agro (Fincas, Lotes, Transacciones de campo)",2982,6,fecha,datetime,False,0,False
aTransaccionBascula,"Agro (Fincas, Lotes, Transacciones de campo)",2982,7,pesoBruto,int,False,0,False
aTransaccionBascula,"Agro (Fincas, Lotes, Transacciones de campo)",2982,8,pesoTara,int,False,0,False
aTransaccionBascula,"Agro (Fincas, Lotes, Transacciones de campo)",2982,9,pesoNeto,int,False,0,False
aTransaccionBascula,"Agro (Fincas, Lotes, Transacciones de campo)",2982,10,sacos,int,False,0,False
aTransaccionBascula,"Agro (Fincas, Lotes, Transacciones de campo)",2982,11,racimos,int,False,0,False
aTransaccionBascula,"Agro (Fincas, Lotes, Transacciones de campo)",2982,12,codigoConductor,varchar(50),True,0,False
aTransaccionBascula,"Agro (Fincas, Lotes, Transacciones de campo)",2982,13,nombreConductor,varchar(550),True,0,False
aTransaccionBascula,"Agro (Fincas, Lotes, Transacciones de campo)",2982,14,vehiculo,varchar(50),False,0,False
aTransaccionBascula,"Agro (Fincas, Lotes, Transacciones de campo)",2982,15,remolque,varchar(50),False,0,False
aTransaccionBascula,"Agro (Fincas, Lotes, Transacciones de campo)",2982,16,interno,bit,False,0,False
aTransaccionBascula,"Agro (Fincas, Lotes, Transacciones de campo)",2982,17,empresaExtractora,varchar(50),True,0,False
aTransaccionBascula,"Agro (Fincas, Lotes, Transacciones de campo)",2982,18,terceroExtractrora,varchar(50),True,0,False
aTransaccionItem,"Agro (Fincas, Lotes, Transacciones de campo)",5159,1,empresa,int,False,1,False
aTransaccionItem,"Agro (Fincas, Lotes, Transacciones de campo)",5159,2,tipo,varchar(50),False,1,False
aTransaccionItem,"Agro (Fincas, Lotes, Transacciones de campo)",5159,3,numero,varchar(50),False,1,False
aTransaccionItem,"Agro (Fincas, Lotes, Transacciones de campo)",5159,4,registro,int,False,1,False
aTransaccionItem,"Agro (Fincas, Lotes, Transacciones de campo)",5159,5,lote,varchar(50),False,1,False
aTransaccionItem,"Agro (Fincas, Lotes, Transacciones de campo)",5159,6,año,int,False,0,False
aTransaccionItem,"Agro (Fincas, Lotes, Transacciones de campo)",5159,7,mes,int,False,0,False
aTransaccionItem,"Agro (Fincas, Lotes, Transacciones de campo)",5159,8,fecha,date,False,0,False
aTransaccionItem,"Agro (Fincas, Lotes, Transacciones de campo)",5159,9,fechaFinal,date,False,0,False
aTransaccionItem,"Agro (Fincas, Lotes, Transacciones de campo)",5159,10,item,varchar(50),False,0,False
aTransaccionItem,"Agro (Fincas, Lotes, Transacciones de campo)",5159,11,uMedida,varchar(50),False,0,False
aTransaccionItem,"Agro (Fincas, Lotes, Transacciones de campo)",5159,12,novedad,varchar(50),True,0,False
aTransaccionItem,"Agro (Fincas, Lotes, Transacciones de campo)",5159,13,cantidad,"decimal(18,2)",False,0,False
aTransaccionItem,"Agro (Fincas, Lotes, Transacciones de campo)",5159,14,saldo,"decimal(18,2)",False,0,False
aTransaccionItem,"Agro (Fincas, Lotes, Transacciones de campo)",5159,15,mBulto,"decimal(18,2)",False,0,False
aTransaccionItem,"Agro (Fincas, Lotes, Transacciones de campo)",5159,16,pBulto,"decimal(18,2)",False,0,False
aTransaccionItem,"Agro (Fincas, Lotes, Transacciones de campo)",5159,17,noPalmas,"decimal(18,2)",False,0,False
aTransaccionItem,"Agro (Fincas, Lotes, Transacciones de campo)",5159,18,dosis,"decimal(18,2)",False,0,False
aTransaccionItem,"Agro (Fincas, Lotes, Transacciones de campo)",5159,19,registror,int,False,0,False
atransaccionItemSaldo,"Agro (Fincas, Lotes, Transacciones de campo)",98,1,empresa,int,False,0,False
atransaccionItemSaldo,"Agro (Fincas, Lotes, Transacciones de campo)",98,2,tipo,varchar(50),False,0,False
atransaccionItemSaldo,"Agro (Fincas, Lotes, Transacciones de campo)",98,3,numero,varchar(50),False,0,False
atransaccionItemSaldo,"Agro (Fincas, Lotes, Transacciones de campo)",98,4,referencia,varchar(50),False,0,False
atransaccionItemSaldo,"Agro (Fincas, Lotes, Transacciones de campo)",98,5,lote,varchar(50),False,0,False
atransaccionItemSaldo,"Agro (Fincas, Lotes, Transacciones de campo)",98,6,item,int,False,0,False
atransaccionItemSaldo,"Agro (Fincas, Lotes, Transacciones de campo)",98,7,fecha,date,False,0,False
atransaccionItemSaldo,"Agro (Fincas, Lotes, Transacciones de campo)",98,8,saldoInicial,float,False,0,False
atransaccionItemSaldo,"Agro (Fincas, Lotes, Transacciones de campo)",98,9,suma,float,False,0,False
atransaccionItemSaldo,"Agro (Fincas, Lotes, Transacciones de campo)",98,10,resta,float,False,0,False
atransaccionItemSaldo,"Agro (Fincas, Lotes, Transacciones de campo)",98,11,saldoFinal,float,False,0,False
atransaccionItemSaldo,"Agro (Fincas, Lotes, Transacciones de campo)",98,12,anulado,bit,False,0,False
aTransaccionNovedad,"Agro (Fincas, Lotes, Transacciones de campo)",52376,1,empresa,int,False,1,False
aTransaccionNovedad,"Agro (Fincas, Lotes, Transacciones de campo)",52376,2,año,int,False,0,False
aTransaccionNovedad,"Agro (Fincas, Lotes, Transacciones de campo)",52376,3,mes,int,False,0,False
aTransaccionNovedad,"Agro (Fincas, Lotes, Transacciones de campo)",52376,4,tipo,varchar(50),False,1,False
aTransaccionNovedad,"Agro (Fincas, Lotes, Transacciones de campo)",52376,5,numero,varchar(50),False,1,False
aTransaccionNovedad,"Agro (Fincas, Lotes, Transacciones de campo)",52376,6,novedad,varchar(50),False,1,False
aTransaccionNovedad,"Agro (Fincas, Lotes, Transacciones de campo)",52376,7,registro,int,False,1,False
aTransaccionNovedad,"Agro (Fincas, Lotes, Transacciones de campo)",52376,8,uMedida,varchar(50),True,0,False
aTransaccionNovedad,"Agro (Fincas, Lotes, Transacciones de campo)",52376,9,finca,varchar(50),True,0,False
aTransaccionNovedad,"Agro (Fincas, Lotes, Transacciones de campo)",52376,10,seccion,varchar(50),True,0,False
aTransaccionNovedad,"Agro (Fincas, Lotes, Transacciones de campo)",52376,11,lote,varchar(50),True,0,False
aTransaccionNovedad,"Agro (Fincas, Lotes, Transacciones de campo)",52376,12,fecha,date,True,0,False
aTransaccionNovedad,"Agro (Fincas, Lotes, Transacciones de campo)",52376,13,cantidad,"decimal(18,2)",False,0,False
aTransaccionNovedad,"Agro (Fincas, Lotes, Transacciones de campo)",52376,14,jornales,"decimal(18,2)",False,0,False
aTransaccionNovedad,"Agro (Fincas, Lotes, Transacciones de campo)",52376,15,racimos,int,False,0,False
aTransaccionNovedad,"Agro (Fincas, Lotes, Transacciones de campo)",52376,16,pesoRacimo,"decimal(18,2)",False,0,False
aTransaccionNovedad,"Agro (Fincas, Lotes, Transacciones de campo)",52376,17,saldo,"decimal(18,2)",False,0,False
aTransaccionNovedad,"Agro (Fincas, Lotes, Transacciones de campo)",52376,18,ejecutado,bit,False,0,False
aTransaccionNovedad,"Agro (Fincas, Lotes, Transacciones de campo)",52376,19,signo,int,True,0,False
aTransaccionNovedad,"Agro (Fincas, Lotes, Transacciones de campo)",52376,20,precioLabor,"decimal(18,2)",True,0,False
aTransaccionNovedad,"Agro (Fincas, Lotes, Transacciones de campo)",52376,21,concepto,varchar(50),True,0,False
aTransaccionNovedad,"Agro (Fincas, Lotes, Transacciones de campo)",52376,22,periodo,int,True,0,False
aTransaccionNovedad,"Agro (Fincas, Lotes, Transacciones de campo)",52376,23,registroNovedad,int,True,0,False
aTransaccionNovedad,"Agro (Fincas, Lotes, Transacciones de campo)",52376,24,sacos,int,True,0,False
aTransaccionPepa,"Agro (Fincas, Lotes, Transacciones de campo)",0,1,empresa,int,False,1,False
aTransaccionPepa,"Agro (Fincas, Lotes, Transacciones de campo)",0,2,año,int,False,0,False
aTransaccionPepa,"Agro (Fincas, Lotes, Transacciones de campo)",0,3,mes,int,False,0,False
aTransaccionPepa,"Agro (Fincas, Lotes, Transacciones de campo)",0,4,tipo,varchar(50),False,1,False
aTransaccionPepa,"Agro (Fincas, Lotes, Transacciones de campo)",0,5,numero,varchar(50),False,1,False
aTransaccionPepa,"Agro (Fincas, Lotes, Transacciones de campo)",0,6,fecha,date,False,0,False
aTransaccionPepa,"Agro (Fincas, Lotes, Transacciones de campo)",0,7,referencia,varchar(50),True,0,False
aTransaccionPepa,"Agro (Fincas, Lotes, Transacciones de campo)",0,8,finca,varchar(50),True,0,False
aTransaccionPepa,"Agro (Fincas, Lotes, Transacciones de campo)",0,9,jornal,int,False,0,False
aTransaccionPepa,"Agro (Fincas, Lotes, Transacciones de campo)",0,10,racimos,int,False,0,False
aTransaccionPepa,"Agro (Fincas, Lotes, Transacciones de campo)",0,11,cantidad,int,False,0,False
aTransaccionPepa,"Agro (Fincas, Lotes, Transacciones de campo)",0,12,precio,money,False,0,False
aTransaccionPepa,"Agro (Fincas, Lotes, Transacciones de campo)",0,13,valorTotal,money,False,0,False
aTransaccionPepa,"Agro (Fincas, Lotes, Transacciones de campo)",0,14,fechaFinal,date,True,0,False
aTransaccionPepa,"Agro (Fincas, Lotes, Transacciones de campo)",0,15,remision,varchar(50),True,0,False
aTransaccionPepa,"Agro (Fincas, Lotes, Transacciones de campo)",0,16,observacion,varchar(2550),False,0,False
aTransaccionPepa,"Agro (Fincas, Lotes, Transacciones de campo)",0,17,fechaRegistro,datetime,False,0,False
aTransaccionPepa,"Agro (Fincas, Lotes, Transacciones de campo)",0,18,usuarioRegistro,varchar(50),False,0,False
aTransaccionPepa,"Agro (Fincas, Lotes, Transacciones de campo)",0,19,anulado,bit,True,0,False
aTransaccionPepa,"Agro (Fincas, Lotes, Transacciones de campo)",0,20,usuarioAnulado,varchar(50),True,0,False
aTransaccionPepa,"Agro (Fincas, Lotes, Transacciones de campo)",0,21,fechaAnulado,datetime,True,0,False
aTransaccionPepa,"Agro (Fincas, Lotes, Transacciones de campo)",0,22,periodo,int,True,0,False
aTransaccionPepa,"Agro (Fincas, Lotes, Transacciones de campo)",0,23,cerrado,bit,False,0,False
aTransaccionTercero,"Agro (Fincas, Lotes, Transacciones de campo)",105776,1,empresa,int,False,1,False
aTransaccionTercero,"Agro (Fincas, Lotes, Transacciones de campo)",105776,2,año,int,False,0,False
aTransaccionTercero,"Agro (Fincas, Lotes, Transacciones de campo)",105776,3,mes,int,False,0,False
aTransaccionTercero,"Agro (Fincas, Lotes, Transacciones de campo)",105776,4,tipo,varchar(50),False,1,False
aTransaccionTercero,"Agro (Fincas, Lotes, Transacciones de campo)",105776,5,numero,varchar(50),False,1,False
aTransaccionTercero,"Agro (Fincas, Lotes, Transacciones de campo)",105776,6,novedad,varchar(50),False,1,False
aTransaccionTercero,"Agro (Fincas, Lotes, Transacciones de campo)",105776,7,registro,int,False,1,False
aTransaccionTercero,"Agro (Fincas, Lotes, Transacciones de campo)",105776,8,registroNovedad,int,False,1,False
aTransaccionTercero,"Agro (Fincas, Lotes, Transacciones de campo)",105776,9,finca,varchar(50),True,0,False
aTransaccionTercero,"Agro (Fincas, Lotes, Transacciones de campo)",105776,10,seccion,varchar(50),True,0,False
aTransaccionTercero,"Agro (Fincas, Lotes, Transacciones de campo)",105776,11,lote,varchar(50),True,0,False
aTransaccionTercero,"Agro (Fincas, Lotes, Transacciones de campo)",105776,12,tercero,varchar(50),False,0,False
aTransaccionTercero,"Agro (Fincas, Lotes, Transacciones de campo)",105776,13,cantidad,"decimal(18,2)",False,0,False
aTransaccionTercero,"Agro (Fincas, Lotes, Transacciones de campo)",105776,14,jornales,"decimal(18,2)",False,0,False
aTransaccionTercero,"Agro (Fincas, Lotes, Transacciones de campo)",105776,15,saldo,"decimal(18,2)",False,0,False
aTransaccionTercero,"Agro (Fincas, Lotes, Transacciones de campo)",105776,16,ejecutado,bit,False,0,False
aTransaccionTercero,"Agro (Fincas, Lotes, Transacciones de campo)",105776,17,zCuadrilla,varchar(50),True,0,False
aTransaccionTercero,"Agro (Fincas, Lotes, Transacciones de campo)",105776,18,precioLabor,"decimal(18,2)",True,0,False
aTransaccionTercero,"Agro (Fincas, Lotes, Transacciones de campo)",105776,19,valorTotal,"decimal(18,2)",True,0,False
aTransaccionTercero,"Agro (Fincas, Lotes, Transacciones de campo)",105776,20,ccosto,varchar(50),True,0,False
aTransaccionTercero,"Agro (Fincas, Lotes, Transacciones de campo)",105776,21,contrato,int,True,0,False
aTransaccionTercero,"Agro (Fincas, Lotes, Transacciones de campo)",105776,22,periodo,int,True,0,False
aTransaccionTercero,"Agro (Fincas, Lotes, Transacciones de campo)",105776,23,contratista,bit,True,0,False
aTransaccionTercero,"Agro (Fincas, Lotes, Transacciones de campo)",105776,24,proveedor,varchar(50),True,0,False
aTransaccionTercero,"Agro (Fincas, Lotes, Transacciones de campo)",105776,25,racimos,int,True,0,False
aTransaccionTercero,"Agro (Fincas, Lotes, Transacciones de campo)",105776,26,fechaNovedad,date,True,0,False
aTransaccionTerceroPepa,"Agro (Fincas, Lotes, Transacciones de campo)",0,1,empresa,int,False,1,False
aTransaccionTerceroPepa,"Agro (Fincas, Lotes, Transacciones de campo)",0,2,año,int,False,0,False
aTransaccionTerceroPepa,"Agro (Fincas, Lotes, Transacciones de campo)",0,3,mes,int,False,0,False
aTransaccionTerceroPepa,"Agro (Fincas, Lotes, Transacciones de campo)",0,4,tipo,varchar(50),False,1,False
aTransaccionTerceroPepa,"Agro (Fincas, Lotes, Transacciones de campo)",0,5,numero,varchar(50),False,1,False
aTransaccionTerceroPepa,"Agro (Fincas, Lotes, Transacciones de campo)",0,6,novedad,varchar(50),False,1,False
aTransaccionTerceroPepa,"Agro (Fincas, Lotes, Transacciones de campo)",0,7,registro,int,False,1,False
aTransaccionTerceroPepa,"Agro (Fincas, Lotes, Transacciones de campo)",0,8,registroNovedad,int,False,1,False
aTransaccionTerceroPepa,"Agro (Fincas, Lotes, Transacciones de campo)",0,9,finca,varchar(50),True,0,False
aTransaccionTerceroPepa,"Agro (Fincas, Lotes, Transacciones de campo)",0,10,seccion,varchar(50),True,0,False
aTransaccionTerceroPepa,"Agro (Fincas, Lotes, Transacciones de campo)",0,11,lote,varchar(50),True,0,False
aTransaccionTerceroPepa,"Agro (Fincas, Lotes, Transacciones de campo)",0,12,tercero,int,False,0,False
aTransaccionTerceroPepa,"Agro (Fincas, Lotes, Transacciones de campo)",0,13,cantidad,"decimal(18,2)",False,0,False
aTransaccionTerceroPepa,"Agro (Fincas, Lotes, Transacciones de campo)",0,14,jornales,"decimal(18,2)",False,0,False
aTransaccionTerceroPepa,"Agro (Fincas, Lotes, Transacciones de campo)",0,15,saldo,"decimal(18,2)",False,0,False
aTransaccionTerceroPepa,"Agro (Fincas, Lotes, Transacciones de campo)",0,16,ejecutado,bit,False,0,False
aTransaccionTerceroPepa,"Agro (Fincas, Lotes, Transacciones de campo)",0,17,zCuadrilla,varchar(50),True,0,False
aTransaccionTerceroPepa,"Agro (Fincas, Lotes, Transacciones de campo)",0,18,precioLabor,money,True,0,False
aTransaccionTerceroPepa,"Agro (Fincas, Lotes, Transacciones de campo)",0,19,valorTotal,int,True,0,False
aTransaccionTerceroPepa,"Agro (Fincas, Lotes, Transacciones de campo)",0,20,ccosto,varchar(50),True,0,False
aTransaccionTerceroPepa,"Agro (Fincas, Lotes, Transacciones de campo)",0,21,contrato,int,True,0,False
aTransaccionTerceroPepa,"Agro (Fincas, Lotes, Transacciones de campo)",0,22,periodo,int,True,0,False
aTransaccionTerceroPepa,"Agro (Fincas, Lotes, Transacciones de campo)",0,23,contratista,bit,True,0,False
aTransaccionTerceroPepa,"Agro (Fincas, Lotes, Transacciones de campo)",0,24,proveedor,varchar(50),True,0,False
aTransaccionTerceroPepa,"Agro (Fincas, Lotes, Transacciones de campo)",0,25,tipoReferencia,varchar(50),True,0,False
aTransaccionTerceroPepa,"Agro (Fincas, Lotes, Transacciones de campo)",0,26,numeroReferencia,varchar(50),True,0,False
aTransaccionTerceroPepa,"Agro (Fincas, Lotes, Transacciones de campo)",0,27,registroReferencia,int,True,0,False
aVariedad,"Agro (Fincas, Lotes, Transacciones de campo)",9,1,empresa,int,False,1,False
aVariedad,"Agro (Fincas, Lotes, Transacciones de campo)",9,2,codigo,char(5),False,1,False
aVariedad,"Agro (Fincas, Lotes, Transacciones de campo)",9,3,descripcion,varchar(550),False,0,False
aVariedad,"Agro (Fincas, Lotes, Transacciones de campo)",9,4,procedencia,varchar(550),False,0,False
aVariedad,"Agro (Fincas, Lotes, Transacciones de campo)",9,5,activo,bit,False,0,False
bProcedencia,Bascula y Transporte,0,1,empresa,int,False,1,False
bProcedencia,Bascula y Transporte,0,2,codigo,varchar(50),False,1,False
bProcedencia,Bascula y Transporte,0,3,proveedor,int,True,0,False
bProcedencia,Bascula y Transporte,0,4,agrupadoPor,int,True,0,False
bProcedencia,Bascula y Transporte,0,5,fechaRegistro,datetime,False,0,False
bProcedencia,Bascula y Transporte,0,6,usuario,varchar(50),False,0,False
bProcedencia,Bascula y Transporte,0,7,activo,bit,False,0,False
bProcedenciaCorreos,Bascula y Transporte,0,1,empresa,int,False,1,False
bProcedenciaCorreos,Bascula y Transporte,0,2,procedencia,varchar(50),False,1,False
bProcedenciaCorreos,Bascula y Transporte,0,3,direccion,varchar(250),False,1,False
bRegistroBascula,Bascula y Transporte,14075,1,empresa,int,False,1,False
bRegistroBascula,Bascula y Transporte,14075,2,tipo,varchar(50),False,1,False
bRegistroBascula,Bascula y Transporte,14075,3,numero,varchar(50),False,1,False
bRegistroBascula,Bascula y Transporte,14075,4,fecha,datetime,False,0,False
bRegistroBascula,Bascula y Transporte,14075,5,tiquete,varchar(50),False,0,False
bRegistroBascula,Bascula y Transporte,14075,6,remision,varchar(50),False,0,False
bRegistroBascula,Bascula y Transporte,14075,7,pesoBruto,float,False,0,False
bRegistroBascula,Bascula y Transporte,14075,8,pesoDescuento,float,True,0,False
bRegistroBascula,Bascula y Transporte,14075,9,pesoTara,float,False,0,False
bRegistroBascula,Bascula y Transporte,14075,10,pesoNeto,float,False,0,False
bRegistroBascula,Bascula y Transporte,14075,11,fechaBruto,datetime,True,0,False
bRegistroBascula,Bascula y Transporte,14075,12,fechaTara,datetime,True,0,False
bRegistroBascula,Bascula y Transporte,14075,13,fechaNeto,datetime,True,0,False
bRegistroBascula,Bascula y Transporte,14075,14,estado,char(2),False,0,False
bRegistroBascula,Bascula y Transporte,14075,16,vehiculo,varchar(50),False,0,False
bRegistroBascula,Bascula y Transporte,14075,17,remolque,varchar(50),False,0,False
bRegistroBascula,Bascula y Transporte,14075,18,item,int,True,0,False
bRegistroBascula,Bascula y Transporte,14075,19,procedencia,varchar(50),True,0,False
bRegistroBascula,Bascula y Transporte,14075,20,finca,varchar(50),True,0,False
bRegistroBascula,Bascula y Transporte,14075,21,usuario,varchar(50),False,0,False
bRegistroBascula,Bascula y Transporte,14075,22,fechaProceso,datetime,True,0,False
bRegistroBascula,Bascula y Transporte,14075,23,racimos,int,False,0,False
bRegistroBascula,Bascula y Transporte,14075,24,bodega,varchar(50),True,0,False
bRegistroBascula,Bascula y Transporte,14075,25,sacos,int,False,0,False
bRegistroBascula,Bascula y Transporte,14075,28,pesoSacos,float,False,0,False
bRegistroBascula,Bascula y Transporte,14075,30,tipoDescargue,varchar(50),True,0,False
bRegistroBascula,Bascula y Transporte,14075,31,codigoConductor,varchar(50),True,0,False
bRegistroBascula,Bascula y Transporte,14075,32,nombreConductor,varchar(200),True,0,False
bRegistroBascula,Bascula y Transporte,14075,33,tercero,varchar(50),True,0,False
bRegistroBascula,Bascula y Transporte,14075,37,planta,varchar(50),True,0,False
bRegistroBascula,Bascula y Transporte,14075,48,observacion,varchar(2550),True,0,False
bRegistroCertificado,Bascula y Transporte,0,1,empresa,int,False,1,False
bRegistroCertificado,Bascula y Transporte,0,2,tipo,varchar(50),False,1,False
bRegistroCertificado,Bascula y Transporte,0,3,numero,varchar(50),False,1,False
bRegistroCertificado,Bascula y Transporte,0,4,finca,varchar(50),True,0,False
bRegistroCertificado,Bascula y Transporte,0,5,certificado,varchar(50),False,1,False
bRegistroCertificado,Bascula y Transporte,0,6,fechaRegistro,datetime,False,0,False
bRegistroCertificado,Bascula y Transporte,0,7,usuario,varchar(50),False,0,False
bRegistroPorteria,Bascula y Transporte,0,1,empresa,int,False,1,False
bRegistroPorteria,Bascula y Transporte,0,2,numero,varchar(50),False,1,False
bRegistroPorteria,Bascula y Transporte,0,3,tipo,varchar(50),False,1,False
bRegistroPorteria,Bascula y Transporte,0,4,remision,varchar(50),False,0,False
bRegistroPorteria,Bascula y Transporte,0,5,fechaEntrada,datetime,False,0,False
bRegistroPorteria,Bascula y Transporte,0,6,fechaSalida,datetime,False,0,False
bRegistroPorteria,Bascula y Transporte,0,7,codigoConductor,varchar(50),False,0,False
bRegistroPorteria,Bascula y Transporte,0,8,nombreConductor,varchar(250),False,0,False
bRegistroPorteria,Bascula y Transporte,0,9,estado,char(2),False,0,False
bRegistroPorteria,Bascula y Transporte,0,10,fechaProgramacion,datetime,False,0,False
bRegistroPorteria,Bascula y Transporte,0,11,vehiculo,varchar(50),False,0,False
bRegistroPorteria,Bascula y Transporte,0,12,remolque,varchar(50),False,0,False
bRegistroPorteria,Bascula y Transporte,0,13,propio,bit,False,0,False
bRegistroPorteria,Bascula y Transporte,0,14,usuario,varchar(50),False,0,False
bRegistroPorteria,Bascula y Transporte,0,15,fechaRegistro,datetime,False,0,False
bRemision,Bascula y Transporte,17499,1,empresa,int,False,1,False
bRemision,Bascula y Transporte,17499,2,codigo,varchar(50),False,1,False
bRemision,Bascula y Transporte,17499,3,fechaCreacion,datetime,False,0,False
bRemision,Bascula y Transporte,17499,4,fechaImpresion,datetime,True,0,False
bRemision,Bascula y Transporte,17499,5,fechaAsignacion,datetime,True,0,False
bRemision,Bascula y Transporte,17499,6,usuario,varchar(50),False,0,False
bRemision,Bascula y Transporte,17499,7,funcionarioAsignado,int,True,0,False
bRemision,Bascula y Transporte,17499,8,estado,char(1),False,0,False
bTipoVehiculo,Bascula y Transporte,5,1,empresa,int,False,1,False
bTipoVehiculo,Bascula y Transporte,5,2,codigo,varchar(50),False,1,False
bTipoVehiculo,Bascula y Transporte,5,3,descripcion,varchar(250),False,0,False
bTipoVehiculo,Bascula y Transporte,5,4,aplicaRemolque,bit,False,0,False
bTipoVehiculo,Bascula y Transporte,5,5,activo,bit,False,0,False
bVehiculo,Bascula y Transporte,1,1,empresa,int,False,1,False
bVehiculo,Bascula y Transporte,1,2,tipo,nchar(10),False,1,False
bVehiculo,Bascula y Transporte,1,3,codigo,varchar(50),False,1,False
bVehiculo,Bascula y Transporte,1,4,descripcion,varchar(550),False,0,False
bVehiculo,Bascula y Transporte,1,5,pesoTara,int,False,0,False
bVehiculo,Bascula y Transporte,1,6,activo,bit,False,0,False
bVehiculo,Bascula y Transporte,1,7,usuario,varchar(50),False,0,False
bVehiculo,Bascula y Transporte,1,8,fechaRegistro,datetime,False,0,False
cCentrosCosto,Contabilidad,234,1,empresa,int,False,1,False
cCentrosCosto,Contabilidad,234,2,codigo,varchar(50),False,1,False
cCentrosCosto,Contabilidad,234,3,nivel,int,False,0,False
cCentrosCosto,Contabilidad,234,4,nivelMayor,int,True,0,False
cCentrosCosto,Contabilidad,234,5,mayor,varchar(50),True,0,False
cCentrosCosto,Contabilidad,234,6,descripcion,varchar(350),False,0,False
cCentrosCosto,Contabilidad,234,7,responsable,varchar(150),False,0,False
cCentrosCosto,Contabilidad,234,8,grupo,varchar(50),True,0,False
cCentrosCosto,Contabilidad,234,9,manejaHE,bit,False,0,False
cCentrosCosto,Contabilidad,234,10,manejaLC,bit,False,0,False
cCentrosCosto,Contabilidad,234,11,activo,bit,False,0,False
cCentrosCosto,Contabilidad,234,12,auxiliar,bit,False,0,False
cCentrosCostoSigo,Contabilidad,0,1,empresa,int,False,0,False
cCentrosCostoSigo,Contabilidad,0,2,codigo,varchar(50),False,0,False
cCentrosCostoSigo,Contabilidad,0,3,nivel,int,False,0,False
cCentrosCostoSigo,Contabilidad,0,4,nivelMayor,int,True,0,False
cCentrosCostoSigo,Contabilidad,0,5,mayor,varchar(50),True,0,False
cCentrosCostoSigo,Contabilidad,0,6,descripcion,varchar(350),False,0,False
cCentrosCostoSigo,Contabilidad,0,7,activo,bit,False,0,False
cCentrosCostoSigo,Contabilidad,0,8,auxiliar,bit,False,0,False
cClaseIR,Contabilidad,0,1,empresa,int,False,1,False
cClaseIR,Contabilidad,0,2,codigo,int,False,1,False
cClaseIR,Contabilidad,0,3,descripcion,varchar(950),False,0,False
cClaseIR,Contabilidad,0,4,sigla,varchar(5),False,0,False
cClaseIR,Contabilidad,0,5,activo,bit,False,0,False
cClaseIR,Contabilidad,0,6,retencion,bit,False,0,False
cClaseIR,Contabilidad,0,7,impuesto,bit,False,0,False
cClaseParametroContaNomi,Contabilidad,12,1,empresa,int,False,1,False
cClaseParametroContaNomi,Contabilidad,12,2,codigo,varchar(50),False,1,False
cClaseParametroContaNomi,Contabilidad,12,3,descripcion,varchar(500),False,0,False
cClaseParametroContaNomi,Contabilidad,12,4,tipo,varchar(50),False,0,False
cClaseParametroContaNomi,Contabilidad,12,5,tipoDocumento,varchar(50),False,0,False
cClaseParametroContaNomi,Contabilidad,12,6,comprobante,varchar(50),False,0,False
cClaseParametroContaNomi,Contabilidad,12,7,cuentaPuente,varchar(50),False,0,False
cClaseParametroContaNomi,Contabilidad,12,8,cuentaCruce,varchar(50),True,0,False
cClaseParametroContaNomi,Contabilidad,12,9,ccostoMayor,varchar(50),True,0,False
cClaseParametroContaNomi,Contabilidad,12,10,ccosto,varchar(50),True,0,False
cClaseParametroContaNomi,Contabilidad,12,11,porTercero,bit,False,0,False
cClaseParametroContaNomi,Contabilidad,12,12,porCuenta,bit,False,0,False
cClaseParametroContaNomi,Contabilidad,12,13,porCentroCosto,bit,False,0,False
cClaseParametroContaNomi,Contabilidad,12,14,activo,bit,False,0,False
cConceptoIR,Contabilidad,0,1,empresa,int,False,1,False
cConceptoIR,Contabilidad,0,2,codigo,varchar(50),False,1,False
cConceptoIR,Contabilidad,0,3,clase,int,False,0,False
cConceptoIR,Contabilidad,0,4,descripcion,varchar(950),False,0,False
cConceptoIR,Contabilidad,0,5,calculo,char(1),False,0,False
cConceptoIR,Contabilidad,0,6,baseGravable,float,False,0,False
cConceptoIR,Contabilidad,0,7,tasa,float,False,0,False
cConceptoIR,Contabilidad,0,8,baseMinima,money,False,0,False
cConceptoIR,Contabilidad,0,9,activo,bit,False,0,False
cContabilizacion,Contabilidad,0,1,empresa,int,False,1,False
cContabilizacion,Contabilidad,0,2,tipo,varchar(50),False,1,False
cContabilizacion,Contabilidad,0,3,numero,varchar(50),False,1,False
cContabilizacion,Contabilidad,0,4,tipoLiquidacion,varchar(50),False,1,False
cContabilizacion,Contabilidad,0,5,año,int,False,1,False
cContabilizacion,Contabilidad,0,6,mes,int,False,1,False
cContabilizacion,Contabilidad,0,7,periodoContable,varchar(50),False,1,False
cContabilizacion,Contabilidad,0,8,periodoNomina,varchar(50),True,0,False
cContabilizacion,Contabilidad,0,9,estado,int,False,0,False
cContabilizacion,Contabilidad,0,10,fecha,datetime,False,0,False
cContabilizacion,Contabilidad,0,11,fechaRegistro,datetime,False,0,False
cContabilizacion,Contabilidad,0,12,usuarioRegistro,varchar(50),False,0,False
cContabilizacion,Contabilidad,0,13,observacion,varchar(500),False,0,False
cContabilizacion,Contabilidad,0,14,anulado,bit,False,0,False
cContabilizacion,Contabilidad,0,15,fechaAnulado,datetime,True,0,False
cContabilizacion,Contabilidad,0,16,usuarioAnulado,varchar(50),True,0,False
cContabilizacionDetalle,Contabilidad,0,1,empresa,int,False,1,False
cContabilizacionDetalle,Contabilidad,0,2,tipo,varchar(50),False,1,False
cContabilizacionDetalle,Contabilidad,0,3,numero,varchar(50),False,1,False
cContabilizacionDetalle,Contabilidad,0,4,tipoLiquidacion,varchar(50),False,1,False
cContabilizacionDetalle,Contabilidad,0,5,año,int,False,1,False
cContabilizacionDetalle,Contabilidad,0,6,mes,int,False,1,False
cContabilizacionDetalle,Contabilidad,0,7,periodoContable,varchar(50),False,1,False
cContabilizacionDetalle,Contabilidad,0,8,registro,int,False,1,False
cContabilizacionDetalle,Contabilidad,0,9,codigoEmpleado,int,False,0,False
cContabilizacionDetalle,Contabilidad,0,10,identificacionEmpleado,varchar(50),False,0,False
cContabilizacionDetalle,Contabilidad,0,11,tipoNomina,varchar(50),True,0,False
cContabilizacionDetalle,Contabilidad,0,12,docNomina,varchar(50),True,0,False
cContabilizacionDetalle,Contabilidad,0,13,contrato,int,False,0,False
cContabilizacionDetalle,Contabilidad,0,14,periodoNomina,varchar(50),True,0,False
cContabilizacionDetalle,Contabilidad,0,15,claseContrato,varchar(50),True,0,False
cContabilizacionDetalle,Contabilidad,0,16,manejaLabCam,bit,True,0,False
cContabilizacionDetalle,Contabilidad,0,17,manejaHE,bit,True,0,False
cContabilizacionDetalle,Contabilidad,0,18,mCcostoNomina,varchar(50),True,0,False
cContabilizacionDetalle,Contabilidad,0,19,aCcostoNomina,varchar(50),True,0,False
cContabilizacionDetalle,Contabilidad,0,20,departamento,varchar(50),True,0,False
cContabilizacionDetalle,Contabilidad,0,21,codigoConcepto,varchar(50),False,0,False
cContabilizacionDetalle,Contabilidad,0,22,codigoLabor,varchar(50),True,0,False
cContabilizacionDetalle,Contabilidad,0,23,cuentaContable,varchar(50),True,0,False
cContabilizacionDetalle,Contabilidad,0,24,mCcostoContable,varchar(50),True,0,False
cContabilizacionDetalle,Contabilidad,0,25,aCcostoContable,varchar(50),True,0,False
cContabilizacionDetalle,Contabilidad,0,26,terceroContable,varchar(50),True,0,False
cContabilizacionDetalle,Contabilidad,0,27,debito,float,True,0,False
cContabilizacionDetalle,Contabilidad,0,28,credito,float,True,0,False
cContabilizacionDetalle,Contabilidad,0,29,entidadSalud,varchar(50),True,0,False
cContabilizacionDetalle,Contabilidad,0,30,entidadPension,varchar(50),True,0,False
cContabilizacionDetalle,Contabilidad,0,31,entidadArl,varchar(50),True,0,False
cContabilizacionDetalle,Contabilidad,0,32,entidadCaja,varchar(50),True,0,False
cContabilizacionDetalle,Contabilidad,0,33,entidadSena,varchar(50),True,0,False
cContabilizacionDetalle,Contabilidad,0,34,entidadCesantias,varchar(50),True,0,False
cContabilizacionDetalle,Contabilidad,0,35,EntidadFsolidaridad,varchar(50),True,0,False
cContabilizacionDetalle,Contabilidad,0,36,EntidadICBF,varchar(50),True,0,False
cContabilizacionDetalle,Contabilidad,0,37,EntidadAdicional,varchar(50),True,0,False
cContabilizacionDetalle,Contabilidad,0,38,mCcostoLote,varchar(50),True,0,False
cContabilizacionDetalle,Contabilidad,0,39,aCcostoLote,varchar(50),True,0,False
cContabilizacionDetalle,Contabilidad,0,40,LoteDesarrollo,bit,True,0,False
cContabilizacionDetalle,Contabilidad,0,41,baseCesantias,bit,True,0,False
cContabilizacionDetalle,Contabilidad,0,42,basePrimas,bit,True,0,False
cContabilizacionDetalle,Contabilidad,0,43,baseIntereses,bit,True,0,False
cContabilizacionDetalle,Contabilidad,0,44,baseVacaciones,bit,True,0,False
cContabilizacionDetalle,Contabilidad,0,45,baseEmbargos,bit,True,0,False
cContabilizacionDetalle,Contabilidad,0,46,baseCajaCompensacion,bit,True,0,False
cContabilizacionDetalle,Contabilidad,0,47,baseSeguridadSocial,bit,True,0,False
cContabilizacionDetalle,Contabilidad,0,48,tipoConcepto,varchar(50),True,0,False
cContabilizacionDetalle,Contabilidad,0,49,conceptoReferencia,varchar(50),True,0,False
cContabilizacionDetalle,Contabilidad,0,50,estado,int,False,0,False
cContabilizacionDetalle,Contabilidad,0,51,fecha,datetime,False,0,False
cContabilizacionDetalle,Contabilidad,0,52,fechaRegistro,datetime,False,0,False
cContabilizacionDetalle,Contabilidad,0,53,usuarioRegistro,varchar(50),False,0,False
cEstructuraCCosto,Contabilidad,38,1,empresa,int,False,1,False
cEstructuraCCosto,Contabilidad,38,2,nivel,int,False,1,False
cEstructuraCCosto,Contabilidad,38,3,inicio,int,False,0,False
cEstructuraCCosto,Contabilidad,38,4,tamaño,int,False,0,False
cEstructuraCCosto,Contabilidad,38,5,total,int,False,0,False
cEstructuraCCosto,Contabilidad,38,6,descripcion,varchar(550),False,0,False
cEstructuraCCosto,Contabilidad,38,7,activo,bit,False,0,False
cGrupoCCosto,Contabilidad,4,1,empresa,int,False,1,False
cGrupoCCosto,Contabilidad,4,2,codigo,varchar(50),False,1,False
cGrupoCCosto,Contabilidad,4,3,descripcion,varchar(550),False,0,False
cGrupoCCosto,Contabilidad,4,4,activo,bit,False,0,False
cGrupoConceptoIR,Contabilidad,3,1,empresa,int,False,1,False
cGrupoConceptoIR,Contabilidad,3,2,grupo,char(5),False,1,False
cGrupoConceptoIR,Contabilidad,3,3,cocepto,char(5),False,1,False
cGrupoIR,Contabilidad,0,1,empresa,int,False,1,False
cGrupoIR,Contabilidad,0,2,codigo,char(5),False,1,False
cGrupoIR,Contabilidad,0,4,descripcion,varchar(950),False,0,False
cGrupoIR,Contabilidad,0,5,observacion,varchar(1550),False,0,False
cGrupoIR,Contabilidad,0,6,activo,bit,False,0,False
cParametroContaNomi,Contabilidad,0,1,empresa,int,False,1,False
cParametroContaNomi,Contabilidad,0,2,id,int,False,1,False
cParametroContaNomi,Contabilidad,0,3,tipo,varchar(50),False,0,False
cParametroContaNomi,Contabilidad,0,4,clase,varchar(50),False,0,False
cParametroContaNomi,Contabilidad,0,5,tipoTransaccion,varchar(50),False,0,False
cParametroContaNomi,Contabilidad,0,6,cCostoMayor,varchar(50),False,0,False
cParametroContaNomi,Contabilidad,0,7,cCosto,varchar(50),False,0,False
cParametroContaNomi,Contabilidad,0,8,departamento,varchar(50),True,0,False
cParametroContaNomi,Contabilidad,0,9,concepto,varchar(50),True,0,False
cParametroContaNomi,Contabilidad,0,10,manejaEntidad,bit,True,0,False
cParametroContaNomi,Contabilidad,0,11,cuentaActivo,varchar(50),True,0,False
cParametroContaNomi,Contabilidad,0,12,cuentaGasto,varchar(50),True,0,False
cParametroContaNomi,Contabilidad,0,13,cuentaContratista,varchar(50),True,0,False
cParametroContaNomi,Contabilidad,0,14,cCostoMayorSigo,varchar(50),True,0,False
cParametroContaNomi,Contabilidad,0,15,cCostoSigo,varchar(50),True,0,False
cParametroContaNomi,Contabilidad,0,16,cuentaCredito,varchar(50),True,0,False
cParametroContaNomi,Contabilidad,0,17,cCostoMayorCredito,varchar(50),True,0,False
cParametroContaNomi,Contabilidad,0,18,cCostoCredito,varchar(50),True,0,False
cParametroContaNomi,Contabilidad,0,19,tipoDato,int,True,0,False
cParametroContaNomi,Contabilidad,0,20,valorTipoDato,"decimal(18,3)",True,0,False
cParametroContaNomi,Contabilidad,0,21,entidad,varchar(50),True,0,False
cParametroContaNomi,Contabilidad,0,22,labor,bit,True,0,False
cParametroContaNomi,Contabilidad,0,23,tercero,varchar(50),True,0,False
cParametroContaNomi,Contabilidad,0,24,terceroCredito,varchar(50),True,0,False
cPeriodo,Contabilidad,99,1,empresa,int,False,1,False
cPeriodo,Contabilidad,99,2,año,int,False,1,False
cPeriodo,Contabilidad,99,3,mes,int,False,1,False
cPeriodo,Contabilidad,99,4,descripcion,varchar(550),True,0,False
cPeriodo,Contabilidad,99,5,periodo,varchar(6),True,0,False
cPeriodo,Contabilidad,99,6,cerrado,bit,False,0,False
cPeriodo,Contabilidad,99,7,fechaInicial,date,True,0,False
cPeriodo,Contabilidad,99,8,fechaFinal,date,True,0,False
cPrecontabilizacion,Contabilidad,101212,1,empresa,int,False,1,False
cPrecontabilizacion,Contabilidad,101212,2,tipo,varchar(50),False,1,False
cPrecontabilizacion,Contabilidad,101212,3,año,int,False,1,False
cPrecontabilizacion,Contabilidad,101212,4,mes,int,False,1,False
cPrecontabilizacion,Contabilidad,101212,5,periodoContable,varchar(50),False,1,False
cPrecontabilizacion,Contabilidad,101212,6,registro,int,False,1,False
cPrecontabilizacion,Contabilidad,101212,7,codigoEmpleado,int,False,0,False
cPrecontabilizacion,Contabilidad,101212,8,identificacionEmpleado,varchar(50),False,0,False
cPrecontabilizacion,Contabilidad,101212,9,tipoNomina,varchar(50),True,0,False
cPrecontabilizacion,Contabilidad,101212,10,docNomina,varchar(50),True,0,False
cPrecontabilizacion,Contabilidad,101212,11,contrato,int,False,0,False
cPrecontabilizacion,Contabilidad,101212,12,periodoNomina,varchar(50),True,0,False
cPrecontabilizacion,Contabilidad,101212,13,claseContrato,varchar(50),True,0,False
cPrecontabilizacion,Contabilidad,101212,14,manejaLabCam,bit,True,0,False
cPrecontabilizacion,Contabilidad,101212,15,manejaHE,bit,True,0,False
cPrecontabilizacion,Contabilidad,101212,16,mCcostoNomina,varchar(50),True,0,False
cPrecontabilizacion,Contabilidad,101212,17,aCcostoNomina,varchar(50),True,0,False
cPrecontabilizacion,Contabilidad,101212,18,departamento,varchar(50),True,0,False
cPrecontabilizacion,Contabilidad,101212,19,codigoConcepto,varchar(50),False,0,False
cPrecontabilizacion,Contabilidad,101212,20,codigoLabor,varchar(50),True,0,False
cPrecontabilizacion,Contabilidad,101212,21,cuentaContable,varchar(50),True,0,False
cPrecontabilizacion,Contabilidad,101212,22,mCcostoContable,varchar(50),True,0,False
cPrecontabilizacion,Contabilidad,101212,23,aCcostoContable,varchar(50),True,0,False
cPrecontabilizacion,Contabilidad,101212,24,terceroContable,varchar(50),True,0,False
cPrecontabilizacion,Contabilidad,101212,25,debito,float,True,0,False
cPrecontabilizacion,Contabilidad,101212,26,credito,float,True,0,False
cPrecontabilizacion,Contabilidad,101212,27,entidadSalud,varchar(50),True,0,False
cPrecontabilizacion,Contabilidad,101212,28,entidadPension,varchar(50),True,0,False
cPrecontabilizacion,Contabilidad,101212,29,entidadArl,varchar(50),True,0,False
cPrecontabilizacion,Contabilidad,101212,30,entidadCaja,varchar(50),True,0,False
cPrecontabilizacion,Contabilidad,101212,31,entidadSena,varchar(50),True,0,False
cPrecontabilizacion,Contabilidad,101212,32,entidadCesantias,varchar(50),True,0,False
cPrecontabilizacion,Contabilidad,101212,33,EntidadFsolidaridad,varchar(50),True,0,False
cPrecontabilizacion,Contabilidad,101212,34,EntidadICBF,varchar(50),True,0,False
cPrecontabilizacion,Contabilidad,101212,35,EntidadAdicional,varchar(50),True,0,False
cPrecontabilizacion,Contabilidad,101212,36,mCcostoLote,varchar(50),True,0,False
cPrecontabilizacion,Contabilidad,101212,37,aCcostoLote,varchar(50),True,0,False
cPrecontabilizacion,Contabilidad,101212,38,LoteDesarrollo,bit,True,0,False
cPrecontabilizacion,Contabilidad,101212,39,baseCesantias,bit,True,0,False
cPrecontabilizacion,Contabilidad,101212,40,basePrimas,bit,True,0,False
cPrecontabilizacion,Contabilidad,101212,41,baseIntereses,bit,True,0,False
cPrecontabilizacion,Contabilidad,101212,42,baseVacaciones,bit,True,0,False
cPrecontabilizacion,Contabilidad,101212,43,baseEmbargos,bit,True,0,False
cPrecontabilizacion,Contabilidad,101212,44,baseCajaCompensacion,bit,True,0,False
cPrecontabilizacion,Contabilidad,101212,45,baseSeguridadSocial,bit,True,0,False
cPrecontabilizacion,Contabilidad,101212,46,tipoConcepto,varchar(50),True,0,False
cPrecontabilizacion,Contabilidad,101212,47,conceptoReferencia,varchar(50),True,0,False
cPrecontabilizacion,Contabilidad,101212,48,estado,int,False,0,False
cPrecontabilizacion,Contabilidad,101212,49,fecha,datetime,False,0,False
cPrecontabilizacion,Contabilidad,101212,50,fechaRegistro,datetime,False,0,False
cPrecontabilizacion,Contabilidad,101212,51,usuarioRegistro,varchar(50),False,0,False
cPuc,Contabilidad,1392,1,empresa,int,False,1,False
cPuc,Contabilidad,1392,2,codigo,varchar(16),False,1,False
cPuc,Contabilidad,1392,3,raiz,varchar(16),False,0,False
cPuc,Contabilidad,1392,4,nombre,varchar(150),False,0,False
cPuc,Contabilidad,1392,5,naturaleza,char(1),False,0,False
cPuc,Contabilidad,1392,6,nivel,int,False,0,False
cPuc,Contabilidad,1392,7,tipo,char(1),False,0,False
cPuc,Contabilidad,1392,8,tercero,bit,False,0,False
cPuc,Contabilidad,1392,9,cCosto,bit,False,0,False
cPuc,Contabilidad,1392,10,base,bit,False,0,False
cPuc,Contabilidad,1392,11,activo,bit,False,0,False
cPuc,Contabilidad,1392,12,clase,varchar(50),False,0,False
cPuc,Contabilidad,1392,13,banco,varchar(50),True,0,False
cTercero,Contabilidad,406,1,empresa,int,False,1,False
cTercero,Contabilidad,406,2,id,int,False,1,False
cTercero,Contabilidad,406,3,codigo,varchar(50),False,0,False
cTercero,Contabilidad,406,4,tipoDocumento,char(3),True,0,False
cTercero,Contabilidad,406,5,tipo,int,False,0,False
cTercero,Contabilidad,406,6,nit,varchar(25),False,0,False
cTercero,Contabilidad,406,7,dv,char(3),True,0,False
cTercero,Contabilidad,406,8,razonSocial,varchar(550),True,0,False
cTercero,Contabilidad,406,9,apellido1,varchar(250),False,0,False
cTercero,Contabilidad,406,10,apellido2,varchar(250),False,0,False
cTercero,Contabilidad,406,11,nombre1,varchar(550),False,0,False
cTercero,Contabilidad,406,12,nombre2,varchar(250),True,0,False
cTercero,Contabilidad,406,13,descripcion,varchar(950),True,0,False
cTercero,Contabilidad,406,14,activo,bit,False,0,False
cTercero,Contabilidad,406,15,ciudad,varchar(50),True,0,False
cTercero,Contabilidad,406,16,cliente,bit,False,0,False
cTercero,Contabilidad,406,17,proveedor,bit,False,0,False
cTercero,Contabilidad,406,18,empleado,bit,False,0,False
cTercero,Contabilidad,406,19,accionista,bit,False,0,False
cTercero,Contabilidad,406,20,contratista,bit,False,0,False
cTercero,Contabilidad,406,21,extractora,bit,False,0,False
cTercero,Contabilidad,406,22,foto,int,True,0,False
cTercero,Contabilidad,406,23,contacto,varchar(550),True,0,False
cTercero,Contabilidad,406,24,fechaRegistro,datetime,False,0,False
cTercero,Contabilidad,406,25,telefono,varchar(50),True,0,False
cTercero,Contabilidad,406,26,direccion,varchar(550),True,0,False
cTercero,Contabilidad,406,27,barrio,varchar(550),True,0,False
cTercero,Contabilidad,406,28,fax,varchar(50),True,0,False
cTercero,Contabilidad,406,29,email,varchar(250),True,0,False
cTercero,Contabilidad,406,30,comercializadora,bit,True,0,False
cTercero,Contabilidad,406,31,departamento,varchar(50),True,0,False
cTercero,Contabilidad,406,32,codigoEquivalencia,varchar(50),True,0,False
cxcCliente,Cuentas por Cobrar,0,1,empresa,int,False,1,False
cxcCliente,Cuentas por Cobrar,0,2,idTercero,int,False,1,False
cxcCliente,Cuentas por Cobrar,0,3,codigo,varchar(10),False,1,False
cxcCliente,Cuentas por Cobrar,0,4,descripcion,varchar(550),False,0,False
cxcCliente,Cuentas por Cobrar,0,5,activo,bit,False,0,False
cxcCliente,Cuentas por Cobrar,0,6,contacto,varchar(550),False,0,False
cxcCliente,Cuentas por Cobrar,0,7,direccion,varchar(950),False,0,False
cxcCliente,Cuentas por Cobrar,0,8,telefono,varchar(50),False,0,False
cxcCliente,Cuentas por Cobrar,0,9,email,varchar(90),False,0,False
cxcCliente,Cuentas por Cobrar,0,10,ciudad,char(5),True,0,False
cxcCliente,Cuentas por Cobrar,0,11,fechaRegistro,datetime,False,0,False
cxcClienteClaseIR,Cuentas por Cobrar,0,1,empresa,int,False,1,False
cxcClienteClaseIR,Cuentas por Cobrar,0,2,tercero,int,False,1,False
cxcClienteClaseIR,Cuentas por Cobrar,0,3,cliente,varchar(10),False,1,False
cxcClienteClaseIR,Cuentas por Cobrar,0,4,clase,int,False,1,False
cxcClienteClaseIR,Cuentas por Cobrar,0,5,concepto,varchar(5),True,0,False
cxpClaseProveedor,Cuentas por Pagar,3,1,empresa,int,False,1,False
cxpClaseProveedor,Cuentas por Pagar,3,2,codigo,char(4),False,1,False
cxpClaseProveedor,Cuentas por Pagar,3,3,descripcion,varchar(950),False,0,False
cxpProveedor,Cuentas por Pagar,856,1,empresa,int,False,1,False
cxpProveedor,Cuentas por Pagar,856,2,idTercero,int,False,1,False
cxpProveedor,Cuentas por Pagar,856,3,codigo,varchar(10),False,1,False
cxpProveedor,Cuentas por Pagar,856,4,descripcion,varchar(950),False,0,False
cxpProveedor,Cuentas por Pagar,856,5,activo,bit,False,0,False
cxpProveedor,Cuentas por Pagar,856,6,clase,char(4),True,0,False
cxpProveedor,Cuentas por Pagar,856,7,contacto,varchar(950),False,0,False
cxpProveedor,Cuentas por Pagar,856,8,ciudad,char(5),True,0,False
cxpProveedor,Cuentas por Pagar,856,9,direccion,varchar(950),False,0,False
cxpProveedor,Cuentas por Pagar,856,10,telefono,varchar(50),False,0,False
cxpProveedor,Cuentas por Pagar,856,11,email,varchar(250),False,0,False
cxpProveedor,Cuentas por Pagar,856,12,fechaRegistro,datetime,False,0,False
cxpProveedor,Cuentas por Pagar,856,13,entradaDirecta,bit,False,0,False
cxpProveedorBanco,Cuentas por Pagar,0,1,empresa,int,False,1,False
cxpProveedorBanco,Cuentas por Pagar,0,2,proveedor,int,False,1,False
cxpProveedorBanco,Cuentas por Pagar,0,3,banco,varchar(50),False,1,False
cxpProveedorBanco,Cuentas por Pagar,0,4,tipoCuenta,char(1),False,0,False
cxpProveedorBanco,Cuentas por Pagar,0,5,nroCuenta,varchar(150),False,0,False
cxpProveedorBanco,Cuentas por Pagar,0,6,ciudad,char(5),True,0,False
cxpProveedorCalseIR,Cuentas por Pagar,0,1,empresa,int,False,1,False
cxpProveedorCalseIR,Cuentas por Pagar,0,2,tercero,int,False,1,False
cxpProveedorCalseIR,Cuentas por Pagar,0,3,proveedor,varchar(10),False,1,False
cxpProveedorCalseIR,Cuentas por Pagar,0,4,clase,int,False,1,False
cxpProveedorCalseIR,Cuentas por Pagar,0,5,concepto,varchar(5),True,0,False
fMercado,Mercado,0,1,empresa,int,False,1,False
fMercado,Mercado,0,2,codigo,varchar(50),False,1,False
fMercado,Mercado,0,3,descripcion,varchar(550),False,0,False
fMercado,Mercado,0,4,tipoMercado,varchar(50),False,0,False
fMercado,Mercado,0,5,activo,bit,False,0,False
fTipoMercado,Mercado,0,1,empresa,int,False,1,False
fTipoMercado,Mercado,0,2,codigo,varchar(50),False,1,False
fTipoMercado,Mercado,0,3,descripcion,varchar(550),False,0,False
fTipoMercado,Mercado,0,4,activo,bit,False,0,False
gBanco,Catalogos Generales,4,1,empresa,int,False,1,False
gBanco,Catalogos Generales,4,2,codigo,varchar(50),False,1,False
gBanco,Catalogos Generales,4,3,descripcion,varchar(550),False,0,False
gCiudad,Catalogos Generales,14676,1,empresa,int,False,1,False
gCiudad,Catalogos Generales,14676,2,codigo,varchar(50),False,1,False
gCiudad,Catalogos Generales,14676,3,nombre,varchar(150),False,0,False
gCiudad,Catalogos Generales,14676,4,pais,char(5),False,0,False
gCiudad,Catalogos Generales,14676,5,departamento,varchar(50),True,0,False
gClaseCuenta,Catalogos Generales,18,1,empresa,int,False,1,False
gClaseCuenta,Catalogos Generales,18,2,codigo,varchar(50),False,1,False
gClaseCuenta,Catalogos Generales,18,3,descripcion,varchar(350),False,0,False
gCodigoNacionalOcupacion,Catalogos Generales,0,1,empresa,int,False,1,False
gCodigoNacionalOcupacion,Catalogos Generales,0,2,codigo,varchar(50),False,1,False
gCodigoNacionalOcupacion,Catalogos Generales,0,3,descripcion,varchar(550),False,0,False
gConfigParametrosGenerales,Catalogos Generales,11,1,empresa,int,False,1,False
gConfigParametrosGenerales,Catalogos Generales,11,2,nombre,varchar(150),False,1,False
gConfigParametrosGenerales,Catalogos Generales,11,3,tipoDato,varchar(50),False,0,False
gConfigParametrosGenerales,Catalogos Generales,11,4,manejaDS,bit,False,0,False
gConfigParametrosGenerales,Catalogos Generales,11,5,ds,varchar(150),True,0,False
gConfigParametrosGenerales,Catalogos Generales,11,6,cValor,varchar(150),True,0,False
gConfigParametrosGenerales,Catalogos Generales,11,7,cEtiqueta,varchar(150),True,0,False
gConfigParametrosGenerales,Catalogos Generales,11,8,valor,varchar(8000),True,0,False
gDepartamento,Catalogos Generales,429,1,empresa,int,False,1,False
gDepartamento,Catalogos Generales,429,2,codigo,varchar(50),False,1,False
gDepartamento,Catalogos Generales,429,3,descripcion,varchar(550),True,0,False
gDiagnostico,Catalogos Generales,38772,1,empresa,int,False,1,False
gDiagnostico,Catalogos Generales,38772,2,codigo,varchar(50),False,1,False
gDiagnostico,Catalogos Generales,38772,3,descripcion,varchar(550),False,0,False
gEmpresa,Catalogos Generales,2,1,id,int,False,1,False
gEmpresa,Catalogos Generales,2,2,nit,char(15),False,0,False
gEmpresa,Catalogos Generales,2,3,dv,char(1),False,0,False
gEmpresa,Catalogos Generales,2,4,razonSocial,varchar(550),False,0,False
gEmpresa,Catalogos Generales,2,5,activo,bit,False,0,False
gEmpresa,Catalogos Generales,2,6,fechaRegistro,datetime,False,0,False
gEmpresa,Catalogos Generales,2,7,extractora,bit,False,0,False
gEmpresa,Catalogos Generales,2,8,tercero,int,True,0,False
gEntidadNacional,Catalogos Generales,97,1,empresa,int,False,1,False
gEntidadNacional,Catalogos Generales,97,2,codigo,varchar(50),False,1,False
gEntidadNacional,Catalogos Generales,97,3,descripcion,varchar(550),False,0,False
gFormaPago,Catalogos Generales,4,1,empresa,int,False,1,False
gFormaPago,Catalogos Generales,4,2,codigo,varchar(50),False,1,False
gFormaPago,Catalogos Generales,4,3,descripcion,varchar(550),False,0,False
gFormaPago,Catalogos Generales,4,4,cheque,bit,False,0,False
gFoto,Catalogos Generales,1,1,id,int,False,1,True
gFoto,Catalogos Generales,1,2,foto,varbinary(MAX),False,0,False
gNivelEducativo,Catalogos Generales,9,1,empresa,int,False,1,False
gNivelEducativo,Catalogos Generales,9,2,codigo,varchar(50),False,1,False
gNivelEducativo,Catalogos Generales,9,3,descripcion,varchar(550),False,0,False
gPais,Catalogos Generales,33,1,empresa,int,False,1,False
gPais,Catalogos Generales,33,2,codigo,varchar(50),False,1,False
gPais,Catalogos Generales,33,3,descripcion,varchar(150),False,0,False
gParametros,Catalogos Generales,1,1,empresa,int,False,1,False
gParametros,Catalogos Generales,1,9,devengoautomatico,varchar(500),True,0,False
gParametros,Catalogos Generales,1,10,descuentoautomatico,varchar(500),True,0,False
gParametros,Catalogos Generales,1,11,cuentaAlmacenPad,varchar(500),True,0,False
gParametros,Catalogos Generales,1,12,auxabiertoPad,varchar(500),True,0,False
gParametros,Catalogos Generales,1,13,cuentaAlmacenPad1,varchar(500),True,0,False
gParametros,Catalogos Generales,1,14,auxabiertoPad1,varchar(500),True,0,False
gParametros,Catalogos Generales,1,15,auxabiertoPad2,varchar(500),True,0,False
gParametros,Catalogos Generales,1,16,auxabiertoPad3,varchar(500),True,0,False
gParametros,Catalogos Generales,1,18,cuentaAlmacenPad2,varchar(500),True,0,False
gParametros,Catalogos Generales,1,19,cuentaAlmacenPad3,varchar(500),True,0,False
gParametrosGenerales,Catalogos Generales,1,1,empresa,int,False,1,False
gParametrosGenerales,Catalogos Generales,1,2,entradas,varchar(50),True,0,False
gParametrosGenerales,Catalogos Generales,1,3,entradasAlt,varchar(50),True,0,False
gParametrosGenerales,Catalogos Generales,1,4,salidas,varchar(50),True,0,False
gParametrosGenerales,Catalogos Generales,1,5,salidasAlt,varchar(50),True,0,False
gParametrosGenerales,Catalogos Generales,1,6,pesajes,varchar(50),True,0,False
gParametrosGenerales,Catalogos Generales,1,7,pesajesAlt,varchar(50),True,0,False
gParametrosGenerales,Catalogos Generales,1,8,fruta,varchar(50),True,0,False
gParametrosGenerales,Catalogos Generales,1,9,frutaAlt,varchar(50),True,0,False
gParametrosGenerales,Catalogos Generales,1,10,almendra,varchar(50),True,0,False
gParametrosGenerales,Catalogos Generales,1,11,almedraAlt,varchar(50),True,0,False
gParametrosGenerales,Catalogos Generales,1,12,nuez,varchar(50),True,0,False
gParametrosGenerales,Catalogos Generales,1,13,nuezAlt,varchar(50),True,0,False
gParametrosGenerales,Catalogos Generales,1,14,crudo,varchar(50),True,0,False
gParametrosGenerales,Catalogos Generales,1,15,crudoAlt,varchar(50),True,0,False
gParametrosGenerales,Catalogos Generales,1,16,palmiste,varchar(50),True,0,False
gParametrosGenerales,Catalogos Generales,1,17,palmisteAlt,varchar(50),True,0,False
gParametrosGenerales,Catalogos Generales,1,18,blanqueado,varchar(50),True,0,False
gParametrosGenerales,Catalogos Generales,1,19,blanqueadoAlt,varchar(50),True,0,False
gParametrosGenerales,Catalogos Generales,1,20,cascarilla,varchar(50),True,0,False
gParametrosGenerales,Catalogos Generales,1,21,cascarillaAlt,varchar(50),True,0,False
gParametrosGenerales,Catalogos Generales,1,22,torta,varchar(50),True,0,False
gParametrosGenerales,Catalogos Generales,1,23,tortaAlt,varchar(50),True,0,False
gParametrosGenerales,Catalogos Generales,1,24,raquiz,varchar(50),True,0,False
gParametrosGenerales,Catalogos Generales,1,25,raquizAlt,varchar(50),True,0,False
gParametrosGenerales,Catalogos Generales,1,26,raquizPrensado,varchar(50),True,0,False
gParametrosGenerales,Catalogos Generales,1,27,raquizPrensadoAlt,varchar(50),True,0,False
gParametrosGenerales,Catalogos Generales,1,28,fibra,varchar(50),True,0,False
gParametrosGenerales,Catalogos Generales,1,29,fibraAlt,varchar(50),True,0,False
gParametrosGenerales,Catalogos Generales,1,30,tiquete,varchar(50),True,0,False
gParametrosGenerales,Catalogos Generales,1,31,tiqueteAlt,varchar(50),True,0,False
gParametrosGenerales,Catalogos Generales,1,32,ordenEnvio,varchar(50),True,0,False
gParametrosGenerales,Catalogos Generales,1,33,ordenEnvioAlt,varchar(50),True,0,False
gParametrosGenerales,Catalogos Generales,1,34,remisionComer,varchar(50),True,0,False
gParametrosGenerales,Catalogos Generales,1,35,remisionComerAlt,varchar(50),True,0,False
gParametrosGenerales,Catalogos Generales,1,36,remisionInt,varchar(50),True,0,False
gParametrosGenerales,Catalogos Generales,1,37,remisionIntAlt,varchar(50),True,0,False
gParametrosGenerales,Catalogos Generales,1,38,ordenSalida,varchar(50),True,0,False
gParametrosGenerales,Catalogos Generales,1,39,ordenSalidaAlt,varchar(50),True,0,False
gParametrosGenerales,Catalogos Generales,1,40,anulado,varchar(50),True,0,False
gParametrosGenerales,Catalogos Generales,1,41,anuladoAlt,varchar(50),True,0,False
gParametrosGenerales,Catalogos Generales,1,42,frutaDura,varchar(50),True,0,False
gParametrosGenerales,Catalogos Generales,1,43,frutaDuraAlt,varchar(50),True,0,False
gParametrosGenerales,Catalogos Generales,1,44,frutaTenera,varchar(50),True,0,False
gParametrosGenerales,Catalogos Generales,1,45,frutaTeneraAlt,varchar(50),True,0,False
gParametrosGenerales,Catalogos Generales,1,46,agl,varchar(50),True,0,False
gParametrosGenerales,Catalogos Generales,1,47,aglAlt,varchar(50),True,0,False
gParametrosGenerales,Catalogos Generales,1,48,humedad,varchar(50),True,0,False
gParametrosGenerales,Catalogos Generales,1,49,humedadAlt,varchar(50),True,0,False
gParametrosGenerales,Catalogos Generales,1,50,impurezas,varchar(50),True,0,False
gParametrosGenerales,Catalogos Generales,1,51,impurezasAlt,varchar(50),True,0,False
gParametrosGenerales,Catalogos Generales,1,52,tablaPesoPromedio,varchar(50),True,0,False
gParametrosGenerales,Catalogos Generales,1,53,ReportService,varchar(250),True,0,False
gParametrosGenerales,Catalogos Generales,1,54,usuarioReporte,varchar(250),True,0,False
gParametrosGenerales,Catalogos Generales,1,55,claveReporte,varchar(50),True,0,False
gParametrosGenerales,Catalogos Generales,1,56,DominioReporte,varchar(50),True,0,False
gRegimenTributario,Catalogos Generales,4,1,empresa,int,False,1,False
gRegimenTributario,Catalogos Generales,4,2,codigo,char(1),False,1,False
gRegimenTributario,Catalogos Generales,4,3,descripcion,varchar(50),False,0,False
gRh,Catalogos Generales,24,1,empresa,int,False,1,False
gRh,Catalogos Generales,24,2,codigo,varchar(50),False,1,False
gRh,Catalogos Generales,24,3,descripcion,varchar(250),False,0,False
gTipoCuenta,Catalogos Generales,2,1,empresa,int,False,1,False
gTipoCuenta,Catalogos Generales,2,2,codigo,char(1),False,1,False
gTipoCuenta,Catalogos Generales,2,3,descripcion,varchar(250),False,0,False
gTipoCuentaBancaria,Catalogos Generales,0,1,empresa,int,False,1,False
gTipoCuentaBancaria,Catalogos Generales,0,2,codigo,varchar(50),False,1,False
gTipoCuentaBancaria,Catalogos Generales,0,3,descripcion,varchar(550),False,0,False
gTipoDocumento,Catalogos Generales,4,1,empresa,int,False,1,False
gTipoDocumento,Catalogos Generales,4,2,codigo,varchar(50),False,1,False
gTipoDocumento,Catalogos Generales,4,3,descripcion,varchar(250),False,0,False
gTipoDocumento,Catalogos Generales,4,4,descripcionCorta,varchar(50),False,0,False
gTipoDocumento,Catalogos Generales,4,5,codigoTD,int,False,0,False
gTipoDocumento,Catalogos Generales,4,6,mNit,bit,True,0,False
gTipoDocumento,Catalogos Generales,4,7,equivalencia,varchar(50),True,0,False
gTipoEmbargo,Catalogos Generales,2,1,codigo,varchar(50),False,1,False
gTipoEmbargo,Catalogos Generales,2,2,empresa,int,False,1,False
gTipoEmbargo,Catalogos Generales,2,3,descripcion,varchar(250),False,0,False
gTipoEmbargo,Catalogos Generales,2,4,activo,bit,False,0,False
gTipoLiquidacion,Catalogos Generales,0,1,codigo,int,False,1,False
gTipoLiquidacion,Catalogos Generales,0,2,empresa,int,False,1,False
gTipoLiquidacion,Catalogos Generales,0,3,descripcion,varchar(200),False,0,False
gTipoTransaccion,Catalogos Generales,21,1,empresa,int,False,1,False
gTipoTransaccion,Catalogos Generales,21,2,codigo,varchar(50),False,1,False
gTipoTransaccion,Catalogos Generales,21,3,descripcion,varchar(50),False,0,False
gTipoTransaccion,Catalogos Generales,21,4,numeracion,bit,True,0,False
gTipoTransaccion,Catalogos Generales,21,5,actual,int,True,0,False
gTipoTransaccion,Catalogos Generales,21,6,prefijo,varchar(50),True,0,False
gTipoTransaccion,Catalogos Generales,21,7,longitud,int,True,0,False
gTipoTransaccion,Catalogos Generales,21,8,naturaleza,int,False,0,False
gTipoTransaccion,Catalogos Generales,21,9,modulo,varchar(50),False,0,False
gTipoTransaccion,Catalogos Generales,21,10,modoAnulacion,char(1),False,0,False
gTipoTransaccion,Catalogos Generales,21,11,referencia,bit,False,0,False
gTipoTransaccion,Catalogos Generales,21,12,vistaDs,varchar(250),True,0,False
gTipoTransaccion,Catalogos Generales,21,13,activo,bit,False,0,False
gTipoTransaccion,Catalogos Generales,21,14,fechaRegistro,datetime,False,0,False
gTipoTransaccion,Catalogos Generales,21,15,forma,varchar(50),True,0,False
gTipoTransaccion,Catalogos Generales,21,16,formato,varchar(50),True,0,False
gTipoTransaccionCampo,Catalogos Generales,170,1,empresa,int,False,1,False
gTipoTransaccionCampo,Catalogos Generales,170,2,tipoTransaccion,varchar(50),False,1,False
gTipoTransaccionCampo,Catalogos Generales,170,3,entidad,varchar(250),False,1,False
gTipoTransaccionCampo,Catalogos Generales,170,4,campo,varchar(250),False,1,False
gTipoTransaccionCampo,Catalogos Generales,170,5,tipoCampo,varchar(50),False,0,False
gTipoTransaccionCampo,Catalogos Generales,170,6,tercero,bit,False,0,False
gTipoTransaccionCampo,Catalogos Generales,170,7,aplicaCliente,bit,False,0,False
gTipoTransaccionCampo,Catalogos Generales,170,8,aplicaProveedor,bit,False,0,False
gTipoTransaccionCampo,Catalogos Generales,170,9,aplicaTercero,bit,False,0,False
gTipoTransaccionCampo,Catalogos Generales,170,10,terceroDefecto,bit,False,0,False
gTipoTransaccionConcurrencia,Catalogos Generales,0,1,transaccion,varchar(50),False,1,False
gTipoTransaccionConcurrencia,Catalogos Generales,0,2,empresa,int,False,1,False
gTipoTransaccionConcurrencia,Catalogos Generales,0,3,concurrencia,char(1),False,0,False
gTipoTransaccionConcurrencia,Catalogos Generales,0,4,control,bit,False,0,False
gTipoTransaccionConfig,Catalogos Generales,10,1,empresa,int,False,1,False
gTipoTransaccionConfig,Catalogos Generales,10,2,tipoTransaccion,varchar(50),False,1,False
gTipoTransaccionConfig,Catalogos Generales,10,3,ajuste,bit,False,0,False
gTipoTransaccionConfig,Catalogos Generales,10,4,nivelDestino,int,False,0,False
gTipoTransaccionConfig,Catalogos Generales,10,5,salida,bit,False,0,False
gTipoTransaccionConfig,Catalogos Generales,10,6,validaSaldo,bit,False,0,False
gTipoTransaccionConfig,Catalogos Generales,10,7,manejaTalonario,bit,False,0,False
gTipoTransaccionConfig,Catalogos Generales,10,8,referenciaTercero,bit,False,0,False
gTipoTransaccionConfig,Catalogos Generales,10,9,formatoImpresion,varchar(250),False,0,False
gTipoTransaccionConfig,Catalogos Generales,10,10,dsReferenciaDetalle,varchar(250),False,0,False
gTipoTransaccionConfig,Catalogos Generales,10,11,cantidadEditable,bit,False,0,False
gTipoTransaccionConfig,Catalogos Generales,10,12,vUnitarioEditable,bit,False,0,False
gTipoTransaccionConfig,Catalogos Generales,10,13,pIvaEditable,bit,False,0,False
gTipoTransaccionConfig,Catalogos Generales,10,14,manejaBodega,bit,False,0,False
gTipoTransaccionConfig,Catalogos Generales,10,15,liberaReferencia,bit,False,0,False
gTipoTransaccionConfig,Catalogos Generales,10,16,entradaDirecta,bit,False,0,False
gTipoTransaccionConfig,Catalogos Generales,10,17,registroDirecto,bit,False,0,False
gTipoTransaccionConfig,Catalogos Generales,10,18,consignacion,bit,False,0,False
gTipoTransaccionConfig,Catalogos Generales,10,19,diaSemana,bit,False,0,False
gTipoTransaccionConfig,Catalogos Generales,10,20,manejaDocumento,bit,False,0,False
gTipoTransaccionConfig,Catalogos Generales,10,21,vigencia,bit,False,0,False
gTipoTransaccionConfig,Catalogos Generales,10,22,pDesEditable,bit,False,0,False
gTipoTransaccionConfig,Catalogos Generales,10,23,UmedidaEditable,bit,False,0,False
gTipoTransaccionConfig,Catalogos Generales,10,24,estudioCompra,bit,False,0,False
gTipoTransaccionConfig,Catalogos Generales,10,25,registroProveedor,bit,False,0,False
gTipoTransaccionConfig,Catalogos Generales,10,26,fechaActual,bit,False,0,False
gTipoTransaccionConfig,Catalogos Generales,10,28,manejaBascula,bit,False,0,False
gTipoTransaccionConfig,Catalogos Generales,10,29,mTipoLiquidacionNomina,bit,True,0,False
gTipoTransaccionConfig,Catalogos Generales,10,30,tipoLiquidacionNomina,varchar(50),True,0,False
gTipoTransaccionConfig,Catalogos Generales,10,31,mtercero,bit,False,0,False
gTipoTransaccionDias,Catalogos Generales,0,1,empresa,int,False,1,False
gTipoTransaccionDias,Catalogos Generales,0,2,tipo,varchar(50),False,1,False
gTipoTransaccionDias,Catalogos Generales,0,3,lunes,bit,False,0,False
gTipoTransaccionDias,Catalogos Generales,0,4,martes,bit,False,0,False
gTipoTransaccionDias,Catalogos Generales,0,5,miercoles,bit,False,0,False
gTipoTransaccionDias,Catalogos Generales,0,6,jueves,bit,False,0,False
gTipoTransaccionDias,Catalogos Generales,0,7,viernes,bit,False,0,False
gTipoTransaccionDias,Catalogos Generales,0,8,sabado,bit,False,0,False
gTipoTransaccionDias,Catalogos Generales,0,9,domingo,bit,False,0,False
gTipoTransaccionProducto,Catalogos Generales,0,1,empresa,int,False,1,False
gTipoTransaccionProducto,Catalogos Generales,0,2,tipo,varchar(50),False,1,False
gTipoTransaccionProducto,Catalogos Generales,0,3,producto,varchar(50),False,1,False
gUnidadMedida,Catalogos Generales,8,1,empresa,int,False,1,False
gUnidadMedida,Catalogos Generales,8,2,codigo,varchar(50),False,1,False
gUnidadMedida,Catalogos Generales,8,3,descripcion,varchar(50),False,0,False
gUnidadMedida,Catalogos Generales,8,4,desCorta,char(3),False,0,False
gUnidadMedida,Catalogos Generales,8,5,activo,bit,False,0,False
h_novedades,Historico / Legado,7,1,id,int,False,1,True
h_novedades,Historico / Legado,7,2,entidad_id,int,False,0,False
h_novedades,Historico / Legado,7,3,documento,varchar(50),False,0,False
h_novedades,Historico / Legado,7,4,tipo_novedad_id,int,False,0,False
h_novedades,Historico / Legado,7,5,finca,varchar(10),True,0,False
h_novedades,Historico / Legado,7,6,fechaInicio,date,False,0,False
h_novedades,Historico / Legado,7,7,fechaFin,date,False,0,False
h_novedades,Historico / Legado,7,8,fechaRegistro,datetime,False,0,False
h_TipoNoveda,Historico / Legado,20,1,id,int,False,1,True
h_TipoNoveda,Historico / Legado,20,2,descripcion,varchar(50),True,0,False
h_Usuarios,Historico / Legado,4,1,usuario,varchar(50),False,1,False
h_Usuarios,Historico / Legado,4,2,descripcion,varchar(250),False,0,False
h_Usuarios,Historico / Legado,4,3,clave,varchar(250),False,0,False
h_Usuarios,Historico / Legado,4,4,activo,bit,False,0,False
h_Usuarios,Historico / Legado,4,5,fechaRegistro,datetime,False,0,False
h_Usuarios,Historico / Legado,4,6,email,varchar(250),False,0,False
iBodega,Inventario / Items / Bodega,0,1,empresa,int,False,1,False
iBodega,Inventario / Items / Bodega,0,2,codigo,varchar(5),False,1,False
iBodega,Inventario / Items / Bodega,0,3,descripcion,varchar(550),False,0,False
iBodega,Inventario / Items / Bodega,0,4,desCorta,varchar(50),False,0,False
iBodega,Inventario / Items / Bodega,0,5,activo,bit,False,0,False
iBodega,Inventario / Items / Bodega,0,6,validaCcosto,bit,False,0,False
iBodega,Inventario / Items / Bodega,0,7,cCosto,varchar(50),True,0,False
iBodega,Inventario / Items / Bodega,0,8,validaProveedor,bit,False,0,False
iBodega,Inventario / Items / Bodega,0,9,proveedor,int,True,0,False
iBodega,Inventario / Items / Bodega,0,10,validaCuenta,bit,False,0,False
iBodega,Inventario / Items / Bodega,0,11,Cuenta,varchar(16),True,0,False
iBodega,Inventario / Items / Bodega,0,12,produccion,bit,False,0,False
iBodega,Inventario / Items / Bodega,0,13,mExistencia,bit,False,0,False
iBodegaTipoTransaccion,Inventario / Items / Bodega,0,1,empresa,int,False,1,False
iBodegaTipoTransaccion,Inventario / Items / Bodega,0,2,tipo,varchar(50),False,1,False
iBodegaTipoTransaccion,Inventario / Items / Bodega,0,3,bodega,varchar(5),False,1,False
iDestino,Inventario / Items / Bodega,0,1,empresa,int,False,1,False
iDestino,Inventario / Items / Bodega,0,2,codigo,varchar(50),False,1,False
iDestino,Inventario / Items / Bodega,0,3,nivel,int,False,1,False
iDestino,Inventario / Items / Bodega,0,4,nivelPadre,int,False,0,False
iDestino,Inventario / Items / Bodega,0,5,padre,varchar(50),False,0,False
iDestino,Inventario / Items / Bodega,0,6,descripcion,varchar(50),False,0,False
iDestino,Inventario / Items / Bodega,0,7,ctaInversion,varchar(16),False,0,False
iDestino,Inventario / Items / Bodega,0,8,ctaGasto,varchar(16),False,0,False
iDestino,Inventario / Items / Bodega,0,9,activo,bit,False,0,False
iItems,Inventario / Items / Bodega,14,1,empresa,int,False,1,False
iItems,Inventario / Items / Bodega,14,2,codigo,int,False,1,False
iItems,Inventario / Items / Bodega,14,3,descripcion,varchar(950),False,0,False
iItems,Inventario / Items / Bodega,14,4,descripcionAbreviada,varchar(50),False,0,False
iItems,Inventario / Items / Bodega,14,5,referencia,varchar(250),False,0,False
iItems,Inventario / Items / Bodega,14,6,manejaIR,bit,False,0,False
iItems,Inventario / Items / Bodega,14,7,grupoIR,char(5),True,0,False
iItems,Inventario / Items / Bodega,14,8,tipo,varchar(2),False,0,False
iItems,Inventario / Items / Bodega,14,9,compras,bit,False,0,False
iItems,Inventario / Items / Bodega,14,10,ventas,bit,False,0,False
iItems,Inventario / Items / Bodega,14,11,uMedidaCompra,varchar(50),False,0,False
iItems,Inventario / Items / Bodega,14,12,uMedidaConsumo,varchar(50),False,0,False
iItems,Inventario / Items / Bodega,14,13,papeleta,varchar(50),True,0,False
iItems,Inventario / Items / Bodega,14,14,tiempoReposicion,int,False,0,False
iItems,Inventario / Items / Bodega,14,15,minimo,"decimal(18,3)",False,0,False
iItems,Inventario / Items / Bodega,14,16,maximo,"decimal(18,3)",False,0,False
iItems,Inventario / Items / Bodega,14,17,notas,varchar(1550),False,0,False
iItems,Inventario / Items / Bodega,14,18,activo,bit,False,0,False
iItems,Inventario / Items / Bodega,14,19,usuarioRegistro,varchar(50),False,0,False
iItems,Inventario / Items / Bodega,14,20,fechaRegistro,datetime,False,0,False
iItems,Inventario / Items / Bodega,14,21,usuarioActualiza,varchar(50),True,0,False
iItems,Inventario / Items / Bodega,14,22,fechaActualiza,datetime,True,0,False
iItems,Inventario / Items / Bodega,14,23,foto,int,True,0,False
iItems,Inventario / Items / Bodega,14,24,orden,int,True,0,False
iItems,Inventario / Items / Bodega,14,25,sello,bit,True,0,False
iItems,Inventario / Items / Bodega,14,26,descuento,bit,True,0,False
iItemsBodega,Inventario / Items / Bodega,0,1,empresa,int,False,1,False
iItemsBodega,Inventario / Items / Bodega,0,2,item,varchar(50),False,1,False
iItemsBodega,Inventario / Items / Bodega,0,3,bodega,varchar(5),False,1,False
iItemsCriterios,Inventario / Items / Bodega,0,1,empresa,int,False,1,False
iItemsCriterios,Inventario / Items / Bodega,0,2,item,int,False,1,False
iItemsCriterios,Inventario / Items / Bodega,0,3,idPlan,varchar(5),False,1,False
iItemsCriterios,Inventario / Items / Bodega,0,4,idMayor,varchar(50),False,1,False
iItemsCriterios,Inventario / Items / Bodega,0,5,fechaRegistro,datetime,False,0,False
iMayorItem,Inventario / Items / Bodega,0,1,empresa,int,False,1,False
iMayorItem,Inventario / Items / Bodega,0,2,codigo,varchar(50),False,1,False
iMayorItem,Inventario / Items / Bodega,0,3,planes,varchar(5),False,0,False
iMayorItem,Inventario / Items / Bodega,0,4,descripcion,varchar(950),False,0,False
iMayorItem,Inventario / Items / Bodega,0,5,observacion,varchar(1550),False,0,False
iMayorItem,Inventario / Items / Bodega,0,6,activo,bit,False,0,False
importar,Inventario / Items / Bodega,1929,1,empresa,varchar(50),True,0,False
importar,Inventario / Items / Bodega,1929,2,periodoInicial,varchar(50),True,0,False
importar,Inventario / Items / Bodega,1929,3,periodoFinal,varchar(50),True,0,False
importar,Inventario / Items / Bodega,1929,4,empleado,varchar(50),True,0,False
importar,Inventario / Items / Bodega,1929,5,registro,varchar(50),True,0,False
importar,Inventario / Items / Bodega,1929,6,tipo,varchar(50),True,0,False
importar,Inventario / Items / Bodega,1929,7,fechaSalida,varchar(50),True,0,False
importar,Inventario / Items / Bodega,1929,8,fechaRetorno,varchar(50),True,0,False
importar,Inventario / Items / Bodega,1929,9,diasCausados,varchar(50),True,0,False
importar,Inventario / Items / Bodega,1929,10,diasTomados,varchar(50),True,0,False
importar,Inventario / Items / Bodega,1929,11,diasPendientes,varchar(50),True,0,False
importar,Inventario / Items / Bodega,1929,12,diasPagados,varchar(50),True,0,False
importar,Inventario / Items / Bodega,1929,13,valorPagado,varchar(50),True,0,False
importar,Inventario / Items / Bodega,1929,14,valorBase,varchar(50),True,0,False
importar,Inventario / Items / Bodega,1929,15,usuario,varchar(50),True,0,False
importar,Inventario / Items / Bodega,1929,16,fechaRegistro,varchar(50),True,0,False
importar,Inventario / Items / Bodega,1929,17,observaciones,varchar(50),True,0,False
importar,Inventario / Items / Bodega,1929,18,anulado,varchar(50),True,0,False
importar,Inventario / Items / Bodega,1929,19,fechaAnulado,varchar(50),True,0,False
importar,Inventario / Items / Bodega,1929,20,usuarioAnulado,varchar(50),True,0,False
importar,Inventario / Items / Bodega,1929,21,ejecutado,varchar(50),True,0,False
iNivelDestino,Inventario / Items / Bodega,13,1,empresa,int,False,1,False
iNivelDestino,Inventario / Items / Bodega,13,2,codigo,varchar(2),False,1,False
iNivelDestino,Inventario / Items / Bodega,13,3,descripcion,varchar(250),False,0,False
iNivelDestino,Inventario / Items / Bodega,13,4,activo,bit,False,0,False
iPlanItem,Inventario / Items / Bodega,0,1,empresa,int,False,1,False
iPlanItem,Inventario / Items / Bodega,0,2,codigo,varchar(5),False,1,False
iPlanItem,Inventario / Items / Bodega,0,3,descripcion,varchar(950),False,0,False
iPlanItem,Inventario / Items / Bodega,0,4,observacion,varchar(1550),False,0,False
iPlanItem,Inventario / Items / Bodega,0,5,presentaMayor,bit,False,0,False
iPlanItem,Inventario / Items / Bodega,0,6,activo,bit,False,0,False
iTransaccion,Inventario / Items / Bodega,0,1,empresa,int,False,1,False
iTransaccion,Inventario / Items / Bodega,0,2,tipo,varchar(50),False,1,False
iTransaccion,Inventario / Items / Bodega,0,3,numero,varchar(50),False,1,False
iTransaccion,Inventario / Items / Bodega,0,4,año,int,False,0,False
iTransaccion,Inventario / Items / Bodega,0,5,mes,int,False,0,False
iTransaccion,Inventario / Items / Bodega,0,6,naturaleza,varchar(1),False,0,False
iTransaccion,Inventario / Items / Bodega,0,7,vigencia,int,False,0,False
iTransaccion,Inventario / Items / Bodega,0,8,fecha,date,False,0,False
iTransaccion,Inventario / Items / Bodega,0,9,tercero,int,False,0,False
iTransaccion,Inventario / Items / Bodega,0,10,referencia,varchar(50),False,0,False
iTransaccion,Inventario / Items / Bodega,0,11,tipoSalida,varchar(50),True,0,False
iTransaccion,Inventario / Items / Bodega,0,12,talonario,varchar(50),True,0,False
iTransaccion,Inventario / Items / Bodega,0,13,departamento,varchar(50),True,0,False
iTransaccion,Inventario / Items / Bodega,0,14,usuario,varchar(50),False,0,False
iTransaccion,Inventario / Items / Bodega,0,15,usuarioAnulado,varchar(50),True,0,False
iTransaccion,Inventario / Items / Bodega,0,16,fechaRegistro,datetime,False,0,False
iTransaccion,Inventario / Items / Bodega,0,17,fechaAnulado,datetime,True,0,False
iTransaccion,Inventario / Items / Bodega,0,18,anulado,bit,True,0,False
lAnalisis,"Laboratorio (calidad, tanques)",0,1,empresa,int,False,1,False
lAnalisis,"Laboratorio (calidad, tanques)",0,2,codigo,varchar(10),False,1,False
lAnalisis,"Laboratorio (calidad, tanques)",0,3,descripcion,varchar(250),False,0,False
lAnalisis,"Laboratorio (calidad, tanques)",0,4,uMedida,varchar(50),False,0,False
lAnalisis,"Laboratorio (calidad, tanques)",0,5,produccion,bit,False,0,False
lAnalisis,"Laboratorio (calidad, tanques)",0,6,despacho,bit,False,0,False
lAnalisis,"Laboratorio (calidad, tanques)",0,7,informe,bit,False,0,False
lAnalisis,"Laboratorio (calidad, tanques)",0,8,control,bit,False,0,False
lAnalisis,"Laboratorio (calidad, tanques)",0,9,orden,int,False,0,False
lAnalisis,"Laboratorio (calidad, tanques)",0,10,activo,bit,False,0,False
lAnalisis,"Laboratorio (calidad, tanques)",0,11,descuenta,bit,False,0,False
lAnalisisItem,"Laboratorio (calidad, tanques)",0,1,empresa,int,False,1,False
lAnalisisItem,"Laboratorio (calidad, tanques)",0,2,item,int,False,1,False
lAnalisisItem,"Laboratorio (calidad, tanques)",0,3,analisis,varchar(10),False,1,False
logaTransaccionTercero,Logistica de Despacho,0,1,empresa,int,True,0,False
logaTransaccionTercero,Logistica de Despacho,0,2,indice,int,False,1,True
logaTransaccionTercero,Logistica de Despacho,0,3,año,int,True,0,False
logaTransaccionTercero,Logistica de Despacho,0,4,mes,int,True,0,False
logaTransaccionTercero,Logistica de Despacho,0,5,tipo,varchar(50),True,0,False
logaTransaccionTercero,Logistica de Despacho,0,6,numero,varchar(50),True,0,False
logaTransaccionTercero,Logistica de Despacho,0,7,novedad,varchar(50),True,0,False
logaTransaccionTercero,Logistica de Despacho,0,8,registro,int,True,0,False
logaTransaccionTercero,Logistica de Despacho,0,9,registroNovedad,int,True,0,False
logaTransaccionTercero,Logistica de Despacho,0,10,finca,varchar(50),True,0,False
logaTransaccionTercero,Logistica de Despacho,0,11,seccion,varchar(50),True,0,False
logaTransaccionTercero,Logistica de Despacho,0,12,lote,varchar(50),True,0,False
logaTransaccionTercero,Logistica de Despacho,0,13,tercero,int,True,0,False
logaTransaccionTercero,Logistica de Despacho,0,14,cantidad,"decimal(18,2)",True,0,False
logaTransaccionTercero,Logistica de Despacho,0,15,jornales,"decimal(18,2)",True,0,False
logaTransaccionTercero,Logistica de Despacho,0,16,saldo,"decimal(18,2)",True,0,False
logaTransaccionTercero,Logistica de Despacho,0,17,ejecutado,bit,True,0,False
logaTransaccionTercero,Logistica de Despacho,0,18,zCuadrilla,varchar(50),True,0,False
logaTransaccionTercero,Logistica de Despacho,0,19,precioLabor,money,True,0,False
logaTransaccionTercero,Logistica de Despacho,0,20,valorTotal,int,True,0,False
logaTransaccionTercero,Logistica de Despacho,0,21,ccosto,varchar(50),True,0,False
logaTransaccionTercero,Logistica de Despacho,0,22,contrato,int,True,0,False
logaTransaccionTercero,Logistica de Despacho,0,23,periodo,int,True,0,False
logaTransaccionTercero,Logistica de Despacho,0,24,contratista,bit,True,0,False
logaTransaccionTercero,Logistica de Despacho,0,25,proveedor,varchar(50),True,0,False
logCarnetDespacho,Logistica de Despacho,0,1,empresa,int,False,1,False
logCarnetDespacho,Logistica de Despacho,0,2,codigo,varchar(50),False,1,False
logCarnetDespacho,Logistica de Despacho,0,3,estado,char(1),False,0,False
logDespacho,Logistica de Despacho,0,1,empresa,int,False,1,False
logDespacho,Logistica de Despacho,0,2,tipo,varchar(50),False,1,False
logDespacho,Logistica de Despacho,0,3,numero,varchar(50),False,1,False
logDespacho,Logistica de Despacho,0,4,año,char(6),False,0,False
logDespacho,Logistica de Despacho,0,5,mes,nchar(10),False,0,False
logDespacho,Logistica de Despacho,0,6,fecha,datetime,False,0,False
logDespacho,Logistica de Despacho,0,7,tiquete,varchar(50),False,0,False
logDespacho,Logistica de Despacho,0,8,remision,varchar(50),False,0,False
logDespacho,Logistica de Despacho,0,9,remisionComercializadora,varchar(50),False,0,False
logDespacho,Logistica de Despacho,0,10,vehiculo,varchar(50),False,0,False
logDespacho,Logistica de Despacho,0,11,remolque,varchar(50),False,0,False
logDespacho,Logistica de Despacho,0,12,cantidad,float,False,0,False
logDespacho,Logistica de Despacho,0,13,producto,varchar(50),False,0,False
logDespacho,Logistica de Despacho,0,14,programacion,varchar(50),False,0,False
logDespacho,Logistica de Despacho,0,15,cliente,varchar(50),False,0,False
logDespacho,Logistica de Despacho,0,16,lugarEntrega,varchar(50),False,0,False
logDespacho,Logistica de Despacho,0,17,comercializadora,varchar(50),False,0,False
logDespacho,Logistica de Despacho,0,18,planta,varchar(50),False,0,False
logProgramacionGeneral,Logistica de Despacho,0,1,empresa,int,False,1,False
logProgramacionGeneral,Logistica de Despacho,0,2,programacion,varchar(50),False,1,False
logProgramacionGeneral,Logistica de Despacho,0,3,año,int,False,1,False
logProgramacionGeneral,Logistica de Despacho,0,4,mes,int,False,1,False
logProgramacionGeneral,Logistica de Despacho,0,5,producto,varchar(50),False,1,False
logProgramacionGeneral,Logistica de Despacho,0,6,cantidad,float,False,0,False
logProgramacionGeneral,Logistica de Despacho,0,7,mercado,varchar(50),False,0,False
logProgramacionGeneral,Logistica de Despacho,0,8,fechaRegistro,datetime,False,0,False
logProgramacionGeneral,Logistica de Despacho,0,9,usuario,varchar(50),False,0,False
logProgramacionVehiculo,Logistica de Despacho,0,1,empresa,int,False,1,False
logProgramacionVehiculo,Logistica de Despacho,0,2,numero,varchar(50),False,1,False
logProgramacionVehiculo,Logistica de Despacho,0,3,tipo,varchar(50),False,1,False
logProgramacionVehiculo,Logistica de Despacho,0,4,fecha,date,False,0,False
logProgramacionVehiculo,Logistica de Despacho,0,5,vehiculoPropio,bit,True,0,False
logProgramacionVehiculo,Logistica de Despacho,0,6,vehiculo,varchar(50),False,0,False
logProgramacionVehiculo,Logistica de Despacho,0,7,despacho,varchar(50),True,0,False
logProgramacionVehiculo,Logistica de Despacho,0,8,codigoConductor,varchar(50),False,0,False
logProgramacionVehiculo,Logistica de Despacho,0,9,nombreConductor,varchar(250),False,0,False
logProgramacionVehiculo,Logistica de Despacho,0,10,programacionCarga,varchar(50),False,0,False
logProgramacionVehiculo,Logistica de Despacho,0,11,fechaDespacho,datetime,False,0,False
logProgramacionVehiculo,Logistica de Despacho,0,12,remolque,varchar(50),False,0,False
logProgramacionVehiculo,Logistica de Despacho,0,13,producto,int,False,0,False
logProgramacionVehiculo,Logistica de Despacho,0,14,comercializadora,varchar(50),False,0,False
logProgramacionVehiculo,Logistica de Despacho,0,15,tercero,int,False,0,False
logProgramacionVehiculo,Logistica de Despacho,0,16,cantidad,int,False,0,False
logProgramacionVehiculo,Logistica de Despacho,0,17,observacion,varchar(250),False,0,False
logProgramacionVehiculo,Logistica de Despacho,0,18,planta,varchar(50),False,0,False
logProgramacionVehiculo,Logistica de Despacho,0,19,estado,varchar(2),False,0,False
logProgramacionVehiculo,Logistica de Despacho,0,20,cliente,varchar(10),False,0,False
logProgramacionVehiculo,Logistica de Despacho,0,21,fechaRegistro,datetime,False,0,False
logProgramacionVehiculo,Logistica de Despacho,0,22,usuario,varchar(50),False,0,False
logProgramacionVehiculo,Logistica de Despacho,0,23,certificado,varchar(50),True,0,False
lRegistroAnalisis,"Laboratorio (calidad, tanques)",0,1,empresa,int,False,1,False
lRegistroAnalisis,"Laboratorio (calidad, tanques)",0,2,tipo,varchar(50),False,1,False
lRegistroAnalisis,"Laboratorio (calidad, tanques)",0,3,numero,varchar(50),False,1,False
lRegistroAnalisis,"Laboratorio (calidad, tanques)",0,4,analisis,varchar(10),False,1,False
lRegistroAnalisis,"Laboratorio (calidad, tanques)",0,5,fecha,datetime,False,0,False
lRegistroAnalisis,"Laboratorio (calidad, tanques)",0,6,valor,float,False,0,False
lRegistroAnalisis,"Laboratorio (calidad, tanques)",0,7,usuario,varchar(50),False,0,False
lRegistroAnalisisTanque,"Laboratorio (calidad, tanques)",0,1,empresa,int,False,1,False
lRegistroAnalisisTanque,"Laboratorio (calidad, tanques)",0,2,tipo,varchar(50),False,1,False
lRegistroAnalisisTanque,"Laboratorio (calidad, tanques)",0,3,numero,varchar(50),False,1,False
lRegistroAnalisisTanque,"Laboratorio (calidad, tanques)",0,4,tanque,varchar(50),False,1,False
lRegistroAnalisisTanque,"Laboratorio (calidad, tanques)",0,5,porcentaje,int,False,0,False
lRegistroBodega,"Laboratorio (calidad, tanques)",0,1,empresa,int,False,1,False
lRegistroBodega,"Laboratorio (calidad, tanques)",0,2,tipo,varchar(50),False,1,False
lRegistroBodega,"Laboratorio (calidad, tanques)",0,3,numero,varchar(50),False,1,False
lRegistroBodega,"Laboratorio (calidad, tanques)",0,4,bodega,varchar(5),False,1,False
lRegistroBodega,"Laboratorio (calidad, tanques)",0,5,cantidad,int,False,0,False
lRegistroSellos,"Laboratorio (calidad, tanques)",0,1,empresa,int,False,1,False
lRegistroSellos,"Laboratorio (calidad, tanques)",0,2,tipo,varchar(50),False,1,False
lRegistroSellos,"Laboratorio (calidad, tanques)",0,3,numero,varchar(50),False,1,False
lRegistroSellos,"Laboratorio (calidad, tanques)",0,4,Sello,varchar(50),False,1,False
lRegistroSellos,"Laboratorio (calidad, tanques)",0,5,fecha,datetime,False,0,False
lRegistroSellos,"Laboratorio (calidad, tanques)",0,6,usuario,varchar(50),False,0,False
lRegistroSellos,"Laboratorio (calidad, tanques)",0,7,imagen,varchar(8000),True,0,False
lRegistroSellos,"Laboratorio (calidad, tanques)",0,8,url,varchar(8000),True,0,False
lRegistroSellos,"Laboratorio (calidad, tanques)",0,9,anulado,bit,True,0,False
lRegistroSellos,"Laboratorio (calidad, tanques)",0,10,usuarioAnulado,varchar(50),True,0,False
lRegistroSellos,"Laboratorio (calidad, tanques)",0,11,fechaAnulado,datetime,True,0,False
lTanque,"Laboratorio (calidad, tanques)",0,1,empresa,int,False,1,False
lTanque,"Laboratorio (calidad, tanques)",0,2,codigo,char(5),False,1,False
lTanque,"Laboratorio (calidad, tanques)",0,3,descripcion,varchar(950),False,0,False
lTanque,"Laboratorio (calidad, tanques)",0,4,item,int,False,0,False
lTanque,"Laboratorio (calidad, tanques)",0,5,capacidad,float,False,0,False
lTanque,"Laboratorio (calidad, tanques)",0,6,activo,bit,False,0,False
nCargo,Nomina,0,1,empresa,int,False,1,False
nCargo,Nomina,0,2,codigo,varchar(50),False,1,False
nCargo,Nomina,0,3,descripcion,varchar(550),False,0,False
nCargo,Nomina,0,4,CNO,varchar(50),True,0,False
nCargo,Nomina,0,5,jefeInmediato,varchar(50),True,0,False
nCargo,Nomina,0,6,salarioMaximo,money,True,0,False
nCargo,Nomina,0,7,observacion,varchar(5550),True,0,False
nCargo,Nomina,0,8,activo,bit,False,0,False
nCentroTrabajo,Nomina,12,1,empresa,int,False,1,False
nCentroTrabajo,Nomina,12,2,codigo,varchar(50),False,1,False
nCentroTrabajo,Nomina,12,3,descripcion,varchar(550),False,0,False
nCentroTrabajo,Nomina,12,4,porcentaje,"decimal(18,3)",False,0,False
nCentroTrabajo,Nomina,12,5,activo,bit,False,0,False
nClaseContrato,Nomina,12,1,empresa,int,False,1,False
nClaseContrato,Nomina,12,2,codigo,varchar(50),False,1,False
nClaseContrato,Nomina,12,3,descripcion,varchar(550),False,0,False
nClaseContrato,Nomina,12,4,terminoFijo,bit,False,0,False
nClaseContrato,Nomina,12,5,activo,bit,False,0,False
nClaseContrato,Nomina,12,6,electivaProduccion,bit,True,0,False
nClaseContrato,Nomina,12,7,porcentaje,"decimal(18,3)",True,0,False
nClaseContrato,Nomina,12,8,porcentajeSS,"decimal(18,3)",True,0,False
nConcepto,Nomina,12,1,empresa,int,False,1,False
nConcepto,Nomina,12,2,codigo,varchar(50),False,1,False
nConcepto,Nomina,12,3,descripcion,varchar(550),False,0,False
nConcepto,Nomina,12,4,abreviatura,varchar(20),False,0,False
nConcepto,Nomina,12,5,signo,int,False,0,False
nConcepto,Nomina,12,6,tipoLiquidacion,int,False,0,False
nConcepto,Nomina,12,7,base,varchar(50),True,0,False
nConcepto,Nomina,12,8,porcentaje,"decimal(18,3)",False,0,False
nConcepto,Nomina,12,9,valor,money,False,0,False
nConcepto,Nomina,12,10,valorMinimo,money,False,0,False
nConcepto,Nomina,12,11,basePrimas,bit,False,0,False
nConcepto,Nomina,12,12,baseCajaCompensacion,bit,False,0,False
nConcepto,Nomina,12,13,baseCesantias,bit,False,0,False
nConcepto,Nomina,12,14,baseVacaciones,bit,False,0,False
nConcepto,Nomina,12,15,baseIntereses,bit,False,0,False
nConcepto,Nomina,12,16,baseSeguridadSocial,bit,False,0,False
nConcepto,Nomina,12,17,controlaSaldo,bit,False,0,False
nConcepto,Nomina,12,18,manejaRango,bit,False,0,False
nConcepto,Nomina,12,19,ingresoGravado,bit,False,0,False
nConcepto,Nomina,12,20,controlConcepto,int,False,0,False
nConcepto,Nomina,12,21,activo,bit,False,0,False
nConcepto,Nomina,12,22,fechaRegistro,datetime,False,0,False
nConcepto,Nomina,12,23,usuarioRegistro,varchar(50),False,0,False
nConcepto,Nomina,12,24,validaPorcentaje,bit,False,0,False
nConcepto,Nomina,12,25,fijo,bit,False,0,False
nConcepto,Nomina,12,26,baseEmbargo,bit,True,0,False
nConcepto,Nomina,12,27,prioridad,int,True,0,False
nConcepto,Nomina,12,28,descuentaDomingo,bit,False,0,False
nConcepto,Nomina,12,29,descuentaTransporte,bit,False,0,False
nConcepto,Nomina,12,30,mostrarFecha,bit,False,0,False
nConcepto,Nomina,12,31,noMostrar,bit,False,0,False
nConcepto,Nomina,12,32,mostrarDetalle,bit,False,0,False
nConcepto,Nomina,12,33,ausentismo,bit,False,0,False
nConcepto,Nomina,12,34,prestacionSocial,bit,True,0,False
nConcepto,Nomina,12,35,sumaPrestacionSocial,bit,True,0,False
nConcepto,Nomina,12,36,mostrarCantidad,bit,True,0,False
nConcepto,Nomina,12,37,noMes,int,True,0,False
nConcepto,Nomina,12,38,habilitaValorTotal,bit,False,0,False
nConceptoRango,Nomina,4,1,empresa,int,False,1,False
nConceptoRango,Nomina,4,2,concepto,varchar(50),False,1,False
nConceptoRango,Nomina,4,3,registro,int,False,1,False
nConceptoRango,Nomina,4,4,minimo,money,False,0,False
nConceptoRango,Nomina,4,5,maximo,money,False,0,False
nConceptoRango,Nomina,4,6,porcentaje,"decimal(18,3)",False,0,False
nConceptoRango,Nomina,4,7,valor,money,False,0,False
nConceptoRango,Nomina,4,8,por,bit,False,0,False
nConceptosFijos,Nomina,0,1,empresa,int,False,1,False
nConceptosFijos,Nomina,0,2,centroCosto,varchar(50),False,1,False
nConceptosFijos,Nomina,0,3,año,int,False,1,False
nConceptosFijos,Nomina,0,4,mes,int,False,1,False
nConceptosFijos,Nomina,0,5,noPeriodo,int,False,1,False
nConceptosFijos,Nomina,0,6,formaPago,int,False,0,False
nConceptosFijos,Nomina,0,7,liquidada,bit,False,0,False
nConceptosFijos,Nomina,0,8,acumulada,bit,False,0,False
nConceptosFijos,Nomina,0,9,observacion,varchar(2550),False,0,False
nConceptosFijos,Nomina,0,10,usuario,varchar(50),False,0,False
nConceptosFijos,Nomina,0,11,fechaRegistro,datetime,False,0,False
nConceptosFijos,Nomina,0,12,lNovedades,bit,False,0,False
nConceptosFijos,Nomina,0,13,lPresamo,bit,False,0,False
nConceptosFijos,Nomina,0,14,lHoras,bit,False,0,False
nConceptosFijos,Nomina,0,15,lVacaciones,bit,False,0,False
nConceptosFijos,Nomina,0,16,lPrimas,bit,False,0,False
nConceptosFijos,Nomina,0,17,lAusentismo,bit,False,0,False
nConceptosFijos,Nomina,0,18,lEmbargo,bit,False,0,False
nConceptosFijos,Nomina,0,19,lOtros,bit,False,0,False
nConceptosFijos,Nomina,0,20,lNovedadesCredito,bit,False,0,False
nConceptosFijos,Nomina,0,21,lFondavi,bit,False,0,False
nConceptosFijos,Nomina,0,22,lDomingo,bit,True,0,False
nConceptosFijos,Nomina,0,23,lFestivo,bit,True,0,False
nConceptosFijos,Nomina,0,24,lDomingoCero,bit,True,0,False
nConceptosFijos,Nomina,0,25,mDomingo,bit,True,0,False
nConceptosFijos,Nomina,0,26,lSindicato,bit,True,0,False
nConceptosFijos,Nomina,0,27,lDomingoPromedio,bit,True,0,False
nConceptosFijos,Nomina,0,28,lFestivoPromedio,bit,True,0,False
nConceptosFijosDetalle,Nomina,0,1,empresa,int,False,1,False
nConceptosFijosDetalle,Nomina,0,2,centroCosto,varchar(50),False,1,False
nConceptosFijosDetalle,Nomina,0,3,año,int,False,1,False
nConceptosFijosDetalle,Nomina,0,4,mes,int,False,1,False
nConceptosFijosDetalle,Nomina,0,5,noPeriodo,int,False,1,False
nConceptosFijosDetalle,Nomina,0,6,concepto,varchar(50),False,1,False
nContratos,Nomina,71,1,empresa,int,False,1,False
nContratos,Nomina,71,2,id,int,False,1,False
nContratos,Nomina,71,3,codigoTercero,varchar(50),False,1,False
nContratos,Nomina,71,4,tercero,int,False,1,False
nContratos,Nomina,71,5,cargo,varchar(50),True,0,False
nContratos,Nomina,71,6,banco,varchar(50),True,0,False
nContratos,Nomina,71,7,tipoContizante,varchar(50),True,0,False
nContratos,Nomina,71,8,motivoRetiro,varchar(50),True,0,False
nContratos,Nomina,71,9,turno,varchar(50),True,0,False
nContratos,Nomina,71,10,departamento,varchar(50),True,0,False
nContratos,Nomina,71,11,ccosto,varchar(50),True,0,False
nContratos,Nomina,71,12,tipoNomina,varchar(50),True,0,False
nContratos,Nomina,71,13,tiempoBasico,varchar(50),True,0,False
nContratos,Nomina,71,14,entidadPension,varchar(50),True,0,False
nContratos,Nomina,71,15,entidadEps,varchar(50),True,0,False
nContratos,Nomina,71,16,entidadCesantias,varchar(50),True,0,False
nContratos,Nomina,71,17,entidadCaja,varchar(50),True,0,False
nContratos,Nomina,71,18,entidadArp,varchar(50),True,0,False
nContratos,Nomina,71,19,entidadSena,varchar(50),True,0,False
nContratos,Nomina,71,20,entidadIcbf,varchar(50),True,0,False
nContratos,Nomina,71,21,fechaIngreso,datetime,True,0,False
nContratos,Nomina,71,22,fechaRetiro,datetime,True,0,False
nContratos,Nomina,71,23,fechaContratoHasta,datetime,True,0,False
nContratos,Nomina,71,24,fechaPrimaHasta,datetime,True,0,False
nContratos,Nomina,71,25,fechaVacacionesHasta,datetime,True,0,False
nContratos,Nomina,71,26,fechaUltimoAumento,datetime,True,0,False
nContratos,Nomina,71,27,fechaUltimoVacaciones,datetime,True,0,False
nContratos,Nomina,71,28,fechaUltimaPension,datetime,True,0,False
nContratos,Nomina,71,29,fechaUltimoCesantias,datetime,True,0,False
nContratos,Nomina,71,30,fechaContratoLey50,datetime,True,0,False
nContratos,Nomina,71,31,salario,money,False,0,False
nContratos,Nomina,71,32,salarioAnterior,money,False,0,False
nContratos,Nomina,71,33,valorDeducibleRete,money,False,0,False
nContratos,Nomina,71,34,valorCesantiasCongeladas,money,False,0,False
nContratos,Nomina,71,35,valorCesantiasRetiradas,money,False,0,False
nContratos,Nomina,71,36,valorOtrosSalud,money,False,0,False
nContratos,Nomina,71,37,valorSaludObligatoria,money,False,0,False
nContratos,Nomina,71,38,cantidadHoras,"decimal(9,6)",False,0,False
nContratos,Nomina,71,39,pRetencion,"decimal(9,6)",False,0,False
nContratos,Nomina,71,40,pTiempoLaborado,"decimal(9,6)",False,0,False
nContratos,Nomina,71,41,diasPagadosVaciones,"decimal(9,6)",False,0,False
nContratos,Nomina,71,42,personaCargo,int,True,0,False
nContratos,Nomina,71,43,cuentaBancaria,varchar(50),True,0,False
nContratos,Nomina,71,44,formaPago,varchar(50),True,0,False
nContratos,Nomina,71,45,regimenLaboral,int,True,0,False
nContratos,Nomina,71,46,auxilioTransporte,int,True,0,False
nContratos,Nomina,71,47,procediimentoRete,int,True,0,False
nContratos,Nomina,71,48,pactoColectivo,bit,True,0,False
nContratos,Nomina,71,49,deducible,varchar(50),True,0,False
nContratos,Nomina,71,50,otrosSalud,varchar(50),True,0,False
nContratos,Nomina,71,51,salarioIntegral,bit,True,0,False
nContratos,Nomina,71,52,tipoCuenta,varchar(50),True,0,False
nContratos,Nomina,71,53,claseContrato,varchar(50),False,0,False
nContratos,Nomina,71,54,terminoContrato,varchar(1),False,0,False
nContratos,Nomina,71,55,foto,int,True,0,False
nContratos,Nomina,71,56,observacion,varchar(50),True,0,False
nContratos,Nomina,71,57,activo,bit,False,0,False
nContratos,Nomina,71,58,valorPrepagada,money,False,0,False
nContratos,Nomina,71,59,valorDependientes,money,False,0,False
nContratos,Nomina,71,60,fechaRegistro,datetime,False,0,False
nContratos,Nomina,71,61,usuario,varchar(50),False,0,False
nContratos,Nomina,71,62,fechaActualizacion,datetime,True,0,False
nContratos,Nomina,71,63,usuarioActualizacion,varchar(50),True,0,False
nContratos,Nomina,71,64,ley50,bit,True,0,False
nContratos,Nomina,71,65,centroTrabajo,varchar(50),False,0,False
nContratos,Nomina,71,66,diasContrato,int,False,0,False
nContratos,Nomina,71,67,mSindicato,bit,True,0,False
nContratos,Nomina,71,68,mFondoEmpleado,bit,True,0,False
nContratos,Nomina,71,69,entidadFondoEmpleado,varchar(50),True,0,False
nContratos,Nomina,71,70,entidadSindicato,varchar(50),True,0,False
nContratos,Nomina,71,71,pFondoEmpleado,float,True,0,False
nContratos,Nomina,71,72,pSindicato,float,True,0,False
nContratos,Nomina,71,73,subTipoCotizante,varchar(50),True,0,False
nContratos,Nomina,71,74,entidadSaludAdicional,varchar(50),True,0,False
nContratos,Nomina,71,75,manejaDestajo,bit,True,0,False
nContratos,Nomina,71,76,grupoLaborDestajo,varchar(50),True,0,False
nContratos,Nomina,71,77,cantidadDestajo,int,True,0,False
nCuadrilla,Nomina,0,1,empresa,int,False,1,False
nCuadrilla,Nomina,0,2,departamento,varchar(50),False,0,False
nCuadrilla,Nomina,0,3,codigo,varchar(50),False,1,False
nCuadrilla,Nomina,0,4,descripcion,varchar(250),False,0,False
nCuadrilla,Nomina,0,5,activo,bit,False,0,False
nCuadrilla,Nomina,0,6,orden,int,True,0,False
nCuadrillaFuncionario,Nomina,0,1,empresa,int,False,1,False
nCuadrillaFuncionario,Nomina,0,2,cuadrilla,varchar(50),False,1,False
nCuadrillaFuncionario,Nomina,0,3,funcionario,int,False,1,False
nDepartamento,Nomina,0,1,empresa,int,False,1,False
nDepartamento,Nomina,0,2,ccosto,varchar(50),False,0,False
nDepartamento,Nomina,0,3,codigo,varchar(50),False,1,False
nDepartamento,Nomina,0,4,descripcion,varchar(550),False,0,False
nDepartamento,Nomina,0,5,activo,bit,False,0,False
nDiasHabilesCc,Nomina,0,1,empresa,int,False,1,False
nDiasHabilesCc,Nomina,0,2,ccosto,varchar(50),False,1,False
nDiasHabilesCc,Nomina,0,3,de,int,False,0,False
nDiasHabilesCc,Nomina,0,4,hasta,int,False,0,False
nDiasHabilesCc,Nomina,0,5,activo,bit,False,0,False
nEmbargos,Nomina,0,1,empresa,int,False,1,False
nEmbargos,Nomina,0,2,empleado,int,False,1,False
nEmbargos,Nomina,0,3,codigo,int,False,1,False
nEmbargos,Nomina,0,4,tipo,varchar(50),False,1,False
nEmbargos,Nomina,0,5,año,int,False,0,False
nEmbargos,Nomina,0,6,mes,int,False,0,False
nEmbargos,Nomina,0,7,mandamiento,varchar(50),False,0,False
nEmbargos,Nomina,0,8,fecha,datetime,False,0,False
nEmbargos,Nomina,0,9,periodoInicial,varchar(6),False,0,False
nEmbargos,Nomina,0,10,peridoFinal,varchar(6),True,0,False
nEmbargos,Nomina,0,11,saldoCuotas,int,False,0,False
nEmbargos,Nomina,0,12,valorCuotas,money,False,0,False
nEmbargos,Nomina,0,13,porcentaje,money,False,0,False
nEmbargos,Nomina,0,14,empresaEmbarga,int,True,0,False
nEmbargos,Nomina,0,15,embargante,int,True,0,False
nEmbargos,Nomina,0,16,valorFinal,money,True,0,False
nEmbargos,Nomina,0,17,pCobroPosterior,"decimal(18,2)",True,0,False
nEmbargos,Nomina,0,18,cuotasCobroPosterior,int,True,0,False
nEmbargos,Nomina,0,19,valorCobroPosterior,money,True,0,False
nEmbargos,Nomina,0,20,valorBase,money,False,0,False
nEmbargos,Nomina,0,21,saldo,money,True,0,False
nEmbargos,Nomina,0,22,usuario,varchar(50),False,0,False
nEmbargos,Nomina,0,23,fechaRegistro,datetime,False,0,False
nEmbargos,Nomina,0,24,tipoCuenta,varchar(50),False,0,False
nEmbargos,Nomina,0,25,banco,varchar(50),False,0,False
nEmbargos,Nomina,0,26,cuentaBancaria,varchar(50),False,0,False
nEmbargos,Nomina,0,27,modoPago,varchar(50),False,0,False
nEmbargos,Nomina,0,28,activo,bit,False,0,False
nEmbargos,Nomina,0,29,cobroPosterior,bit,False,0,False
nEmbargos,Nomina,0,30,manejaCuota,bit,False,0,False
nEmbargos,Nomina,0,31,manejaCuotaPosterior,bit,False,0,False
nEmbargos,Nomina,0,32,manejaSaldo,bit,False,0,False
nEmbargos,Nomina,0,33,valorFinalPosterior,money,False,0,False
nEmbargos,Nomina,0,34,cuotas,int,False,0,False
nEmbargos,Nomina,0,35,fiscal,varchar(200),True,0,False
nEmbargos,Nomina,0,36,añoInicial,int,True,0,False
nEmbargos,Nomina,0,37,salarioMinimo,bit,False,0,False
nEntidadAfc,Nomina,0,1,empresa,int,False,1,False
nEntidadAfc,Nomina,0,2,codigo,varchar(50),False,1,False
nEntidadAfc,Nomina,0,3,descripcion,varchar(550),False,0,False
nEntidadAfc,Nomina,0,4,tercero,int,True,0,False
nEntidadAfc,Nomina,0,5,proveedor,varchar(50),True,0,False
nEntidadAfc,Nomina,0,6,codigoNacional,varchar(50),True,0,False
nEntidadAfc,Nomina,0,7,activo,bit,False,0,False
nEntidadAfc,Nomina,0,8,observacion,varchar(5550),False,0,False
nEntidadAfc,Nomina,0,9,fechaRegistro,datetime,False,0,False
nEntidadAfc,Nomina,0,10,usuario,varchar(50),False,0,False
nEntidadAfc,Nomina,0,11,cuenta,varchar(50),True,0,False
nEntidadArp,Nomina,0,1,empresa,int,False,1,False
nEntidadArp,Nomina,0,2,codigo,varchar(50),False,1,False
nEntidadArp,Nomina,0,3,descripcion,varchar(550),False,0,False
nEntidadArp,Nomina,0,4,tercero,int,True,0,False
nEntidadArp,Nomina,0,5,proveedor,varchar(50),True,0,False
nEntidadArp,Nomina,0,6,codigoNacional,varchar(50),True,0,False
nEntidadArp,Nomina,0,7,activo,bit,False,0,False
nEntidadArp,Nomina,0,8,observacion,varchar(5550),False,0,False
nEntidadArp,Nomina,0,9,fechaRegistro,datetime,False,0,False
nEntidadArp,Nomina,0,10,usuario,varchar(50),False,0,False
nEntidadArp,Nomina,0,11,cuenta,varchar(50),True,0,False
nEntidadCaja,Nomina,0,1,empresa,int,False,1,False
nEntidadCaja,Nomina,0,2,codigo,varchar(50),False,1,False
nEntidadCaja,Nomina,0,3,descripcion,varchar(550),False,0,False
nEntidadCaja,Nomina,0,4,tercero,int,True,0,False
nEntidadCaja,Nomina,0,5,proveedor,varchar(50),True,0,False
nEntidadCaja,Nomina,0,6,codigoNacional,varchar(50),True,0,False
nEntidadCaja,Nomina,0,7,pais,varchar(50),True,0,False
nEntidadCaja,Nomina,0,8,ciudad,varchar(50),True,0,False
nEntidadCaja,Nomina,0,9,pAporte,"decimal(18,6)",False,0,False
nEntidadCaja,Nomina,0,10,integral,bit,False,0,False
nEntidadCaja,Nomina,0,11,observacion,varchar(5550),False,0,False
nEntidadCaja,Nomina,0,12,activo,bit,False,0,False
nEntidadCaja,Nomina,0,13,fechaRegistro,datetime,False,0,False
nEntidadCaja,Nomina,0,14,usuario,varchar(50),False,0,False
nEntidadCaja,Nomina,0,15,cuenta,varchar(50),True,0,False
nEntidadEps,Nomina,0,1,empresa,int,False,1,False
nEntidadEps,Nomina,0,2,codigo,varchar(50),False,1,False
nEntidadEps,Nomina,0,3,descripcion,varchar(550),False,0,False
nEntidadEps,Nomina,0,4,tercero,int,True,0,False
nEntidadEps,Nomina,0,5,proveedor,varchar(50),True,0,False
nEntidadEps,Nomina,0,6,codigoNacional,varchar(50),True,0,False
nEntidadEps,Nomina,0,7,pEmpleado,"decimal(18,6)",False,0,False
nEntidadEps,Nomina,0,8,pEmpleador,"decimal(18,6)",False,0,False
nEntidadEps,Nomina,0,9,pInactividad,"decimal(18,6)",False,0,False
nEntidadEps,Nomina,0,10,integral,bit,False,0,False
nEntidadEps,Nomina,0,11,observacion,varchar(5550),False,0,False
nEntidadEps,Nomina,0,12,activo,bit,False,0,False
nEntidadEps,Nomina,0,13,fechaRegistro,datetime,False,0,False
nEntidadEps,Nomina,0,14,usuario,varchar(50),False,0,False
nEntidadEps,Nomina,0,15,cuenta,varchar(50),True,0,False
nEntidadFondo,Nomina,0,1,empresa,int,False,1,False
nEntidadFondo,Nomina,0,2,codigo,varchar(50),False,1,False
nEntidadFondo,Nomina,0,3,descripcion,varchar(550),False,0,False
nEntidadFondo,Nomina,0,4,tercero,int,True,0,False
nEntidadFondo,Nomina,0,5,proveedor,varchar(50),True,0,False
nEntidadFondo,Nomina,0,6,codigoNacional,varchar(50),True,0,False
nEntidadFondo,Nomina,0,7,activo,bit,False,0,False
nEntidadFondo,Nomina,0,8,observacion,varchar(5550),False,0,False
nEntidadFondo,Nomina,0,9,fechaRegistro,datetime,False,0,False
nEntidadFondo,Nomina,0,10,usuario,varchar(50),False,0,False
nEntidadFondo,Nomina,0,11,tipofondo,int,False,0,False
nEntidadFondo,Nomina,0,12,cuenta,varchar(50),True,0,False
nEntidadFondoPension,Nomina,0,1,empresa,int,False,1,False
nEntidadFondoPension,Nomina,0,2,codigo,varchar(50),False,1,False
nEntidadFondoPension,Nomina,0,3,descripcion,varchar(550),False,0,False
nEntidadFondoPension,Nomina,0,4,tercero,int,True,0,False
nEntidadFondoPension,Nomina,0,5,proveedor,varchar(50),True,0,False
nEntidadFondoPension,Nomina,0,6,codigoNacional,varchar(50),True,0,False
nEntidadFondoPension,Nomina,0,7,pEmpleado,"decimal(18,6)",False,0,False
nEntidadFondoPension,Nomina,0,8,pEmpleador,"decimal(18,6)",False,0,False
nEntidadFondoPension,Nomina,0,9,pInactividad,"decimal(18,6)",False,0,False
nEntidadFondoPension,Nomina,0,10,pSolidaridad,"decimal(18,6)",False,0,False
nEntidadFondoPension,Nomina,0,11,activo,bit,False,0,False
nEntidadFondoPension,Nomina,0,12,integral,bit,False,0,False
nEntidadFondoPension,Nomina,0,13,observacion,varchar(5550),False,0,False
nEntidadFondoPension,Nomina,0,14,fechaRegistro,datetime,False,0,False
nEntidadFondoPension,Nomina,0,15,usuario,varchar(50),False,0,False
nEntidadFondoPension,Nomina,0,16,cuenta,varchar(50),True,0,False
nEntidadIcbf,Nomina,0,1,empresa,int,False,1,False
nEntidadIcbf,Nomina,0,2,codigo,varchar(50),False,1,False
nEntidadIcbf,Nomina,0,3,descripcion,varchar(550),False,0,False
nEntidadIcbf,Nomina,0,4,tercero,int,False,0,False
nEntidadIcbf,Nomina,0,5,proveedor,varchar(50),False,0,False
nEntidadIcbf,Nomina,0,6,codigoNacional,varchar(50),True,0,False
nEntidadIcbf,Nomina,0,7,pais,varchar(10),True,0,False
nEntidadIcbf,Nomina,0,8,ciudad,varchar(10),True,0,False
nEntidadIcbf,Nomina,0,9,pAporte,"decimal(18,6)",False,0,False
nEntidadIcbf,Nomina,0,10,observacion,varchar(5550),False,0,False
nEntidadIcbf,Nomina,0,11,integral,bit,False,0,False
nEntidadIcbf,Nomina,0,12,activo,bit,False,0,False
nEntidadIcbf,Nomina,0,13,fechaRegistro,datetime,False,0,False
nEntidadIcbf,Nomina,0,14,usuario,varchar(50),False,0,False
nEntidadIcbf,Nomina,0,15,cuenta,varchar(50),True,0,False
nEntidadSena,Nomina,0,1,empresa,int,False,1,False
nEntidadSena,Nomina,0,2,codigo,varchar(50),False,1,False
nEntidadSena,Nomina,0,3,descripcion,varchar(550),False,0,False
nEntidadSena,Nomina,0,4,tercero,int,True,0,False
nEntidadSena,Nomina,0,5,proveedor,varchar(50),True,0,False
nEntidadSena,Nomina,0,6,codigoNacional,varchar(50),True,0,False
nEntidadSena,Nomina,0,7,pais,varchar(50),True,0,False
nEntidadSena,Nomina,0,8,ciudad,varchar(50),True,0,False
nEntidadSena,Nomina,0,9,pAporte,"decimal(18,6)",False,0,False
nEntidadSena,Nomina,0,10,integral,bit,False,0,False
nEntidadSena,Nomina,0,11,observacion,varchar(5550),False,0,False
nEntidadSena,Nomina,0,12,activo,bit,False,0,False
nEntidadSena,Nomina,0,13,fechaRegistro,datetime,False,0,False
nEntidadSena,Nomina,0,14,usuario,varchar(50),False,0,False
nEntidadSena,Nomina,0,15,cuenta,varchar(50),True,0,False
nFestivo,Nomina,0,1,empresa,int,False,1,False
nFestivo,Nomina,0,2,fecha,date,False,1,False
nFuncionario,Nomina,331,1,empresa,int,False,1,False
nFuncionario,Nomina,331,2,tercero,int,False,1,False
nFuncionario,Nomina,331,3,sexo,varchar(1),True,0,False
nFuncionario,Nomina,331,4,codigo,varchar(50),False,0,False
nFuncionario,Nomina,331,5,proveedor,varchar(50),True,0,False
nFuncionario,Nomina,331,6,cliente,varchar(50),True,0,False
nFuncionario,Nomina,331,7,descripcion,varchar(950),False,0,False
nFuncionario,Nomina,331,8,rh,varchar(50),True,0,False
nFuncionario,Nomina,331,9,fechaNacimiento,date,True,0,False
nFuncionario,Nomina,331,10,ciduadNacimiento,varchar(50),True,0,False
nFuncionario,Nomina,331,11,nivelEducativo,varchar(50),True,0,False
nFuncionario,Nomina,331,12,activo,bit,False,0,False
nFuncionario,Nomina,331,13,validaTurno,bit,False,0,False
nFuncionario,Nomina,331,14,conductor,bit,False,0,False
nFuncionario,Nomina,331,15,operadorLogistico,bit,False,0,False
nFuncionario,Nomina,331,16,extranjero,bit,False,0,False
nFuncionario,Nomina,331,17,declarante,bit,False,0,False
nFuncionario,Nomina,331,18,contratista,bit,True,0,False
nFuncionario,Nomina,331,19,otros,bit,True,0,False
nFuncionario,Nomina,331,20,foto,int,True,0,False
nFuncionario,Nomina,331,22,salario,float,True,0,False
nFuncionario,Nomina,331,23,fechaIngreso,date,True,0,False
nGrupoConcepto,Nomina,0,1,empresa,int,False,1,False
nGrupoConcepto,Nomina,0,2,codigo,varchar(50),False,1,False
nGrupoConcepto,Nomina,0,3,descripcion,varchar(950),False,0,False
nGrupoConcepto,Nomina,0,4,observacion,varchar(1550),False,0,False
nGrupoConcepto,Nomina,0,5,activo,bit,False,0,False
nGrupoConceptoDetalle,Nomina,0,1,empresa,int,False,1,False
nGrupoConceptoDetalle,Nomina,0,2,grupo,varchar(50),False,1,False
nGrupoConceptoDetalle,Nomina,0,3,cocepto,varchar(50),False,1,False
nHorasExtras,Nomina,0,1,empresa,int,False,1,False
nHorasExtras,Nomina,0,2,fecha,date,False,1,False
nHorasExtras,Nomina,0,3,turno,varchar(50),False,1,False
nHorasExtras,Nomina,0,4,funcionario,varchar(50),False,1,False
nHorasExtras,Nomina,0,5,cantidad,int,False,0,False
nHorasExtras,Nomina,0,6,usuario,varchar(50),False,0,False
nHorasExtras,Nomina,0,7,fechaRegistro,datetime,False,0,False
nIncapacidad,Nomina,0,1,empresa,int,False,1,False
nIncapacidad,Nomina,0,2,tercero,int,False,1,False
nIncapacidad,Nomina,0,3,numero,int,False,1,False
nIncapacidad,Nomina,0,4,fechaInicial,date,True,0,False
nIncapacidad,Nomina,0,5,fechaFinal,date,True,0,False
nIncapacidad,Nomina,0,6,noDias,int,True,0,False
nIncapacidad,Nomina,0,7,referencia,varchar(250),True,0,False
nIncapacidad,Nomina,0,8,tipoIncapacidad,varchar(50),True,0,False
nIncapacidad,Nomina,0,9,prorroga,bit,True,0,False
nIncapacidad,Nomina,0,10,diagnostico,varchar(50),True,0,False
nIncapacidad,Nomina,0,11,observacion,varchar(5550),True,0,False
nIncapacidad,Nomina,0,12,liquidada,bit,True,0,False
nIncapacidad,Nomina,0,13,saldo,int,True,0,False
nIncapacidad,Nomina,0,14,usuario,varchar(50),True,0,False
nIncapacidad,Nomina,0,15,fechaRegistro,datetime,True,0,False
nIncapacidad,Nomina,0,16,valor,money,True,0,False
nIncapacidad,Nomina,0,17,numeroReferencia,int,True,0,False
nIncapacidad,Nomina,0,18,diasPagos,int,True,0,False
nIncapacidad,Nomina,0,19,diasInicio,int,True,0,False
nIncapacidad,Nomina,0,20,valorPagado,money,True,0,False
nIncapacidad,Nomina,0,21,concepto,varchar(50),False,0,False
nIncapacidad,Nomina,0,22,anulado,bit,True,0,False
nIncapacidad,Nomina,0,23,usuarioAnulado,varchar(50),True,0,False
nIncapacidad,Nomina,0,24,fechaAnulado,datetime,True,0,False
nIncapacidad,Nomina,0,25,contrato,int,True,0,False
nIncapacidadDetalle,Nomina,0,1,empresa,int,False,1,False
nIncapacidadDetalle,Nomina,0,2,tercero,int,False,1,False
nIncapacidadDetalle,Nomina,0,3,numero,int,False,1,False
nIncapacidadDetalle,Nomina,0,4,fecha,date,False,1,False
nIncapacidadDetalle,Nomina,0,5,cantidad,float,False,0,False
nIncapacidadDetalle,Nomina,0,6,valor,float,False,0,False
nIncapacidadDetalle,Nomina,0,7,cantidadR,float,False,0,False
nIncapacidadDetalle,Nomina,0,8,valorR,float,False,0,False
nLiquidacionCesantia,Nomina,0,1,empresa,int,False,1,False
nLiquidacionCesantia,Nomina,0,2,tipo,varchar(50),False,1,False
nLiquidacionCesantia,Nomina,0,3,numero,varchar(50),False,1,False
nLiquidacionCesantia,Nomina,0,4,fecha,date,True,0,False
nLiquidacionCesantia,Nomina,0,5,año,int,False,0,False
nLiquidacionCesantia,Nomina,0,6,periodo,int,False,0,False
nLiquidacionCesantia,Nomina,0,7,observacion,varchar(2550),True,0,False
nLiquidacionCesantia,Nomina,0,8,anulado,bit,True,0,False
nLiquidacionCesantia,Nomina,0,9,usuario,varchar(50),True,0,False
nLiquidacionCesantia,Nomina,0,10,usuarioAnulado,varchar(50),True,0,False
nLiquidacionCesantia,Nomina,0,11,fechaRegistro,datetime,True,0,False
nLiquidacionCesantia,Nomina,0,12,fechaAnulado,datetime,True,0,False
nLiquidacionCesantiaDetalle,Nomina,0,1,empresa,int,False,1,False
nLiquidacionCesantiaDetalle,Nomina,0,2,tipo,nchar(10),False,1,False
nLiquidacionCesantiaDetalle,Nomina,0,3,numero,nchar(10),False,1,False
nLiquidacionCesantiaDetalle,Nomina,0,4,tercero,int,False,1,False
nLiquidacionCesantiaDetalle,Nomina,0,5,año,int,True,0,False
nLiquidacionCesantiaDetalle,Nomina,0,6,fechaInicial,date,True,0,False
nLiquidacionCesantiaDetalle,Nomina,0,7,fechaFinal,date,True,0,False
nLiquidacionCesantiaDetalle,Nomina,0,8,fechaIngreso,date,True,0,False
nLiquidacionCesantiaDetalle,Nomina,0,9,basico,int,True,0,False
nLiquidacionCesantiaDetalle,Nomina,0,10,valorTransporte,int,True,0,False
nLiquidacionCesantiaDetalle,Nomina,0,11,valorPromedio,int,True,0,False
nLiquidacionCesantiaDetalle,Nomina,0,12,base,int,True,0,False
nLiquidacionCesantiaDetalle,Nomina,0,13,diasPromedio,int,True,0,False
nLiquidacionCesantiaDetalle,Nomina,0,14,diasCesantia,int,True,0,False
nLiquidacionCesantiaDetalle,Nomina,0,15,valorCesantia,int,True,0,False
nLiquidacionCesantiaDetalle,Nomina,0,16,valorInteresCesantia,int,True,0,False
nLiquidacionCesantiaDetalle,Nomina,0,17,contrato,int,True,0,False
nLiquidacionNomina,Nomina,0,1,empresa,int,False,1,False
nLiquidacionNomina,Nomina,0,2,tipo,varchar(50),False,1,False
nLiquidacionNomina,Nomina,0,3,numero,varchar(50),False,1,False
nLiquidacionNomina,Nomina,0,4,año,int,False,1,False
nLiquidacionNomina,Nomina,0,5,mes,int,False,1,False
nLiquidacionNomina,Nomina,0,6,fecha,datetime,False,0,False
nLiquidacionNomina,Nomina,0,7,fechaRegistro,datetime,False,0,False
nLiquidacionNomina,Nomina,0,8,usuario,varchar(50),False,0,False
nLiquidacionNomina,Nomina,0,9,anulado,bit,False,0,False
nLiquidacionNomina,Nomina,0,10,cerrado,bit,False,0,False
nLiquidacionNomina,Nomina,0,11,estado,varchar(5),False,0,False
nLiquidacionNomina,Nomina,0,12,observacion,varchar(500),False,0,False
nLiquidacionNomina,Nomina,0,13,usuarioAnulado,varchar(50),True,0,False
nLiquidacionNomina,Nomina,0,14,fechaAnulado,datetime,True,0,False
nLiquidacionNominaDatos,Nomina,0,1,empresa,int,False,1,False
nLiquidacionNominaDatos,Nomina,0,2,tipo,varchar(50),False,1,False
nLiquidacionNominaDatos,Nomina,0,3,numero,varchar(50),False,1,False
nLiquidacionNominaDatos,Nomina,0,4,año,int,False,1,False
nLiquidacionNominaDatos,Nomina,0,5,mes,int,False,1,False
nLiquidacionNominaDatos,Nomina,0,6,periodo,int,False,1,False
nLiquidacionNominaDatos,Nomina,0,7,tercero,int,False,1,False
nLiquidacionNominaDatos,Nomina,0,8,noContrato,int,False,1,False
nLiquidacionNominaDatos,Nomina,0,9,sueldo,float,True,0,False
nLiquidacionNominaDatos,Nomina,0,10,entidadEps,varchar(50),True,0,False
nLiquidacionNominaDatos,Nomina,0,11,entidadPension,varchar(50),True,0,False
nLiquidacionNominaDatos,Nomina,0,12,entidadCesantias,varchar(50),True,0,False
nLiquidacionNominaDatos,Nomina,0,13,entidadArp,varchar(50),True,0,False
nLiquidacionNominaDatos,Nomina,0,14,entidadCaja,varchar(50),True,0,False
nLiquidacionNominaDatos,Nomina,0,15,entidadSena,varchar(50),True,0,False
nLiquidacionNominaDatos,Nomina,0,16,entidadIcbf,varchar(50),True,0,False
nLiquidacionNominaDatos,Nomina,0,17,centroTrabajo,varchar(50),True,0,False
nLiquidacionNominaDetalle,Nomina,0,1,empresa,int,False,1,False
nLiquidacionNominaDetalle,Nomina,0,2,tipo,varchar(50),False,1,False
nLiquidacionNominaDetalle,Nomina,0,3,numero,varchar(50),False,1,False
nLiquidacionNominaDetalle,Nomina,0,4,año,int,False,1,False
nLiquidacionNominaDetalle,Nomina,0,5,mes,int,False,1,False
nLiquidacionNominaDetalle,Nomina,0,6,registro,int,False,1,False
nLiquidacionNominaDetalle,Nomina,0,7,noPeriodo,int,False,1,False
nLiquidacionNominaDetalle,Nomina,0,8,tercero,int,False,1,False
nLiquidacionNominaDetalle,Nomina,0,9,concepto,varchar(50),False,0,False
nLiquidacionNominaDetalle,Nomina,0,10,fechaInicial,date,True,0,False
nLiquidacionNominaDetalle,Nomina,0,11,fechaFinal,date,True,0,False
nLiquidacionNominaDetalle,Nomina,0,12,ccosto,varchar(50),True,0,False
nLiquidacionNominaDetalle,Nomina,0,13,departamento,varchar(50),True,0,False
nLiquidacionNominaDetalle,Nomina,0,14,cantidad,"decimal(18,3)",True,0,False
nLiquidacionNominaDetalle,Nomina,0,15,porcentaje,"decimal(18,3)",True,0,False
nLiquidacionNominaDetalle,Nomina,0,16,valorUnitario,money,True,0,False
nLiquidacionNominaDetalle,Nomina,0,17,valorTotal,money,True,0,False
nLiquidacionNominaDetalle,Nomina,0,18,signo,int,True,0,False
nLiquidacionNominaDetalle,Nomina,0,19,saldo,money,True,0,False
nLiquidacionNominaDetalle,Nomina,0,20,noDias,int,True,0,False
nLiquidacionNominaDetalle,Nomina,0,21,entidad,int,True,0,False
nLiquidacionNominaDetalle,Nomina,0,22,contrato,int,False,0,False
nLiquidacionNominaDetalle,Nomina,0,23,basePrimas,bit,False,0,False
nLiquidacionNominaDetalle,Nomina,0,24,baseCajaCompensacion,bit,False,0,False
nLiquidacionNominaDetalle,Nomina,0,25,baseCesantias,bit,False,0,False
nLiquidacionNominaDetalle,Nomina,0,26,baseVacaciones,bit,False,0,False
nLiquidacionNominaDetalle,Nomina,0,27,baseIntereses,bit,False,0,False
nLiquidacionNominaDetalle,Nomina,0,28,baseSeguridadSocial,bit,False,0,False
nLiquidacionNominaDetalle,Nomina,0,29,manejaRango,bit,False,0,False
nLiquidacionNominaDetalle,Nomina,0,30,baseEmbargo,bit,False,0,False
nLiquidacionNominaDetalle,Nomina,0,31,noPrestamo,varchar(50),True,0,False
nLiquidacionNominaDetalle,Nomina,0,32,cantidadR,"decimal(18,3)",True,0,False
nLiquidacionNominaDetalle,Nomina,0,33,valorTotalR,money,True,0,False
nLiquidacionNominaDetalle,Nomina,0,34,fecha,date,True,0,False
nLiquidacionNominaDetalle,Nomina,0,35,tipoConcepto,varchar(50),True,0,False
nLiquidacionNominaDetalle,Nomina,0,36,desTipoConcepto,varchar(200),True,0,False
nLiquidacionNominaDetalleAcumulado,Nomina,0,1,empresa,float,True,0,False
nLiquidacionNominaDetalleAcumulado,Nomina,0,2,tipo,varchar(50),True,0,False
nLiquidacionNominaDetalleAcumulado,Nomina,0,3,numero,varchar(50),True,0,False
nLiquidacionNominaDetalleAcumulado,Nomina,0,4,año,float,True,0,False
nLiquidacionNominaDetalleAcumulado,Nomina,0,5,mes,float,True,0,False
nLiquidacionNominaDetalleAcumulado,Nomina,0,6,registro,float,True,0,False
nLiquidacionNominaDetalleAcumulado,Nomina,0,7,noPeriodo,float,True,0,False
nLiquidacionNominaDetalleAcumulado,Nomina,0,8,tercero,float,True,0,False
nLiquidacionNominaDetalleAcumulado,Nomina,0,9,concepto,varchar(50),True,0,False
nLiquidacionNominaDetalleAcumulado,Nomina,0,10,fechaInicial,date,True,0,False
nLiquidacionNominaDetalleAcumulado,Nomina,0,11,fechaFinal,date,True,0,False
nLiquidacionNominaDetalleAcumulado,Nomina,0,12,ccosto,varchar(50),True,0,False
nLiquidacionNominaDetalleAcumulado,Nomina,0,13,departamento,varchar(50),True,0,False
nLiquidacionNominaDetalleAcumulado,Nomina,0,14,cantidad,"decimal(18,3)",True,0,False
nLiquidacionNominaDetalleAcumulado,Nomina,0,15,porcentaje,"decimal(18,3)",True,0,False
nLiquidacionNominaDetalleAcumulado,Nomina,0,16,valorUnitario,float,True,0,False
nLiquidacionNominaDetalleAcumulado,Nomina,0,17,valorTotal,float,True,0,False
nLiquidacionNominaDetalleAcumulado,Nomina,0,18,signo,int,True,0,False
nLiquidacionNominaDetalleAcumulado,Nomina,0,19,saldo,float,True,0,False
nLiquidacionNominaDetalleAcumulado,Nomina,0,20,noDias,float,True,0,False
nLiquidacionNominaDetalleAcumulado,Nomina,0,21,entidad,varchar(50),True,0,False
nLiquidacionNominaDetalleAcumulado,Nomina,0,22,contrato,float,True,0,False
nLiquidacionNominaDetalleAcumulado,Nomina,0,23,basePrimas,bit,True,0,False
nLiquidacionNominaDetalleAcumulado,Nomina,0,24,baseCajaCompensacion,bit,True,0,False
nLiquidacionNominaDetalleAcumulado,Nomina,0,25,baseCesantias,bit,True,0,False
nLiquidacionNominaDetalleAcumulado,Nomina,0,26,baseVacaciones,bit,True,0,False
nLiquidacionNominaDetalleAcumulado,Nomina,0,27,baseIntereses,bit,True,0,False
nLiquidacionNominaDetalleAcumulado,Nomina,0,28,baseSeguridadSocial,bit,True,0,False
nLiquidacionNominaDetalleAcumulado,Nomina,0,29,manejaRango,bit,True,0,False
nLiquidacionNominaDetalleAcumulado,Nomina,0,30,baseEmbargo,bit,True,0,False
nLiquidacionNominaDetalleAcumulado,Nomina,0,31,noPrestamo,nvarchar(255),True,0,False
nLiquidacionNominaDetalleAcumulado,Nomina,0,32,cantidadR,float,True,0,False
nLiquidacionNominaDetalleAcumulado,Nomina,0,33,valorTotalR,float,True,0,False
nLiquidacionNominaDetalleAcumulado,Nomina,0,34,fecha,varchar(50),True,0,False
nLiquidacionNominaDetalleAcumulado,Nomina,0,35,tipoConcepto,varchar(50),True,0,False
nLiquidacionNominaDetalleAcumulado,Nomina,0,36,desTipoConcepto,varchar(50),True,0,False
nLiquidacionPrima,Nomina,0,1,empresa,int,False,1,False
nLiquidacionPrima,Nomina,0,2,tipo,varchar(50),False,1,False
nLiquidacionPrima,Nomina,0,3,numero,varchar(50),False,1,False
nLiquidacionPrima,Nomina,0,4,fecha,date,True,0,False
nLiquidacionPrima,Nomina,0,5,año,int,False,0,False
nLiquidacionPrima,Nomina,0,6,periodo,int,False,0,False
nLiquidacionPrima,Nomina,0,7,observacion,varchar(2550),True,0,False
nLiquidacionPrima,Nomina,0,8,anulado,bit,True,0,False
nLiquidacionPrima,Nomina,0,9,usuario,varchar(50),True,0,False
nLiquidacionPrima,Nomina,0,10,usuarioAnulado,varchar(50),True,0,False
nLiquidacionPrima,Nomina,0,11,fechaRegistro,datetime,True,0,False
nLiquidacionPrima,Nomina,0,12,fechaAnulado,datetime,True,0,False
nLiquidacionPrimaDetalle,Nomina,0,1,empresa,int,False,1,False
nLiquidacionPrimaDetalle,Nomina,0,2,tipo,varchar(50),False,1,False
nLiquidacionPrimaDetalle,Nomina,0,3,numero,varchar(50),False,1,False
nLiquidacionPrimaDetalle,Nomina,0,4,tercero,int,False,1,False
nLiquidacionPrimaDetalle,Nomina,0,5,añoInicial,int,True,0,False
nLiquidacionPrimaDetalle,Nomina,0,6,añoFinal,int,True,0,False
nLiquidacionPrimaDetalle,Nomina,0,7,periodoInicial,int,True,0,False
nLiquidacionPrimaDetalle,Nomina,0,8,periodoFinal,int,True,0,False
nLiquidacionPrimaDetalle,Nomina,0,9,fechaInicial,date,True,0,False
nLiquidacionPrimaDetalle,Nomina,0,10,fechaFinal,date,True,0,False
nLiquidacionPrimaDetalle,Nomina,0,11,fechaIngreso,date,True,0,False
nLiquidacionPrimaDetalle,Nomina,0,12,basico,int,True,0,False
nLiquidacionPrimaDetalle,Nomina,0,13,valorTransporte,int,True,0,False
nLiquidacionPrimaDetalle,Nomina,0,14,valorPromedio,int,True,0,False
nLiquidacionPrimaDetalle,Nomina,0,15,base,int,True,0,False
nLiquidacionPrimaDetalle,Nomina,0,16,diasPromedio,int,True,0,False
nLiquidacionPrimaDetalle,Nomina,0,17,diasPrimas,int,True,0,False
nLiquidacionPrimaDetalle,Nomina,0,18,valorPrima,int,True,0,False
nLiquidacionPrimaDetalle,Nomina,0,19,contrato,int,True,0,False
nModoCampo,Nomina,0,1,empresa,int,False,1,False
nModoCampo,Nomina,0,2,modo,varchar(50),False,1,False
nModoCampo,Nomina,0,3,entidad,varchar(250),False,1,False
nModoCampo,Nomina,0,4,campo,varchar(250),False,1,False
nMotivoRetiro,Nomina,4,1,empresa,int,False,1,False
nMotivoRetiro,Nomina,4,2,codigo,varchar(50),False,1,False
nMotivoRetiro,Nomina,4,3,descripcion,varchar(550),False,0,False
nMotivoRetiro,Nomina,4,4,activo,bit,False,0,False
nMotivoRetiro,Nomina,4,5,observacion,varchar(5550),False,0,False
nMotivoRetiro,Nomina,4,6,usuario,varchar(50),False,0,False
nMotivoRetiro,Nomina,4,7,fechaRegistro,datetime,False,0,False
nNovedades,Nomina,0,1,empresa,int,False,1,False
nNovedades,Nomina,0,2,tipo,varchar(50),False,1,False
nNovedades,Nomina,0,3,numero,varchar(50),False,1,False
nNovedades,Nomina,0,4,fecha,date,False,0,False
nNovedades,Nomina,0,5,remision,varchar(50),True,0,False
nNovedades,Nomina,0,6,ccosto,varchar(50),True,0,False
nNovedades,Nomina,0,7,empleado,varchar(50),True,0,False
nNovedades,Nomina,0,8,concepto,varchar(50),True,0,False
nNovedades,Nomina,0,9,observacion,varchar(2000),False,0,False
nNovedades,Nomina,0,10,anulado,bit,False,0,False
nNovedades,Nomina,0,11,fechaAnulado,datetime,True,0,False
nNovedades,Nomina,0,12,usuarioAnulado,varchar(50),True,0,False
nNovedades,Nomina,0,13,usuarioRegistro,varchar(50),False,0,False
nNovedades,Nomina,0,14,fechaRegistro,datetime,False,0,False
nNovedadesDetalle,Nomina,0,1,empresa,int,False,1,False
nNovedadesDetalle,Nomina,0,2,tipo,varchar(50),False,1,False
nNovedadesDetalle,Nomina,0,3,numero,varchar(50),False,1,False
nNovedadesDetalle,Nomina,0,4,registro,int,False,1,False
nNovedadesDetalle,Nomina,0,5,concepto,varchar(50),True,0,False
nNovedadesDetalle,Nomina,0,6,empleado,varchar(50),True,0,False
nNovedadesDetalle,Nomina,0,7,cantidad,"decimal(18,3)",False,0,False
nNovedadesDetalle,Nomina,0,8,valor,money,False,0,False
nNovedadesDetalle,Nomina,0,9,añoInicial,int,False,0,False
nNovedadesDetalle,Nomina,0,10,periodoInicial,int,False,0,False
nNovedadesDetalle,Nomina,0,11,periodoFinal,int,False,0,False
nNovedadesDetalle,Nomina,0,12,frecuencia,int,False,0,False
nNovedadesDetalle,Nomina,0,13,detalle,varchar(250),False,0,False
nNovedadesDetalle,Nomina,0,14,ultimoPeriodoLiquidado,int,True,0,False
nNovedadesDetalle,Nomina,0,15,ultimoPeriodoFrecuencia,int,True,0,False
nNovedadesDetalle,Nomina,0,16,liquidada,bit,True,0,False
nNovedadesDetalle,Nomina,0,17,anulado,bit,True,0,False
nNovedadesDetalle,Nomina,0,18,añoFinal,int,True,0,False
nNovedadesDetalle,Nomina,0,19,ccosto,varchar(50),True,0,False
nNovedadesDetalle,Nomina,0,20,contrato,int,True,0,False
nPagosNomina,Nomina,0,1,empresa,int,False,1,False
nPagosNomina,Nomina,0,2,año,int,False,1,False
nPagosNomina,Nomina,0,3,mes,int,False,1,False
nPagosNomina,Nomina,0,4,periodoNomina,int,False,1,False
nPagosNomina,Nomina,0,5,registro,int,False,1,False
nPagosNomina,Nomina,0,6,numero,varchar(50),False,1,False
nPagosNomina,Nomina,0,7,fecha,date,False,0,False
nPagosNomina,Nomina,0,8,Banco,varchar(50),False,0,False
nPagosNomina,Nomina,0,9,TipoCuenta,varchar(50),False,0,False
nPagosNomina,Nomina,0,10,noCuenta,varchar(50),False,0,False
nPagosNomina,Nomina,0,11,NoChequeInicial,varchar(50),False,0,False
nPagosNomina,Nomina,0,12,usuario,varchar(50),False,0,False
nPagosNomina,Nomina,0,13,anulado,bit,True,0,False
nPagosNomina,Nomina,0,14,usuarioAnulado,varchar(50),True,0,False
nPagosNomina,Nomina,0,15,fechaAnualado,datetime,True,0,False
nPagosNomina,Nomina,0,16,fechaRegistro,datetime,False,0,False
nPagosNomina,Nomina,0,17,valorTotal,money,False,0,False
nPagosNomina,Nomina,0,18,noChequeFinal,varchar(50),True,0,False
nPagosNomina,Nomina,0,19,mPagoCheque,bit,False,0,False
nPagosNominaDetalle,Nomina,0,1,empresa,int,False,1,False
nPagosNominaDetalle,Nomina,0,2,año,int,False,1,False
nPagosNominaDetalle,Nomina,0,3,mes,int,False,1,False
nPagosNominaDetalle,Nomina,0,4,periodoNomina,int,False,1,False
nPagosNominaDetalle,Nomina,0,5,registro,int,False,1,False
nPagosNominaDetalle,Nomina,0,6,item,int,False,1,False
nPagosNominaDetalle,Nomina,0,7,codigoBanco,varchar(50),False,0,False
nPagosNominaDetalle,Nomina,0,8,tercero,int,False,0,False
nPagosNominaDetalle,Nomina,0,9,claseContrato,int,False,0,False
nPagosNominaDetalle,Nomina,0,10,valorPago,"decimal(18,3)",False,0,False
nPagosNominaDetalle,Nomina,0,11,tipoCuenta,varchar(10),False,0,False
nPagosNominaDetalle,Nomina,0,12,documentoNomina,varchar(50),False,0,False
nPagosNominaDetalle,Nomina,0,13,noCheque,varchar(50),False,0,False
nPagosNominaDetalle,Nomina,0,14,formaPago,varchar(50),False,0,False
nPagosNominaDetalle,Nomina,0,15,noContrato,int,True,0,False
nPagosNominaDetalle,Nomina,0,16,centroCosto,varchar(50),True,0,False
nPagosNominaDetalle,Nomina,0,17,otros,bit,False,0,False
nParametrosAno,Nomina,3,1,empresa,int,False,1,False
nParametrosAno,Nomina,3,2,ano,int,False,1,False
nParametrosAno,Nomina,3,3,fechaRegistro,datetime,False,0,False
nParametrosAno,Nomina,3,4,usuario,varchar(30),False,0,False
nParametrosAno,Nomina,3,5,vSalarioMinimo,money,False,0,False
nParametrosAno,Nomina,3,6,vAuxilioTransporte,money,False,0,False
nParametrosAno,Nomina,3,7,vUVT,money,False,0,False
nParametrosAno,Nomina,3,8,vPatrimonioBruto,money,False,0,False
nParametrosAno,Nomina,3,9,vIngresoBruto,money,False,0,False
nParametrosAno,Nomina,3,10,pExentoRetencion,"decimal(18,3)",False,0,False
nParametrosAno,Nomina,3,11,pMaximoaportePension,"decimal(18,3)",False,0,False
nParametrosAno,Nomina,3,12,pExentoSalario1393,"decimal(18,3)",False,0,False
nParametrosAno,Nomina,3,13,pDependientes,"decimal(18,3)",False,0,False
nParametrosAno,Nomina,3,14,vMaximoExento,money,False,0,False
nParametrosAno,Nomina,3,15,vMaxAporteAFC,money,False,0,False
nParametrosAno,Nomina,3,16,vMaxDeducibleVivienda,money,False,0,False
nParametrosAno,Nomina,3,17,vDependientes,money,False,0,False
nParametrosAno,Nomina,3,18,vMinimoingresosDeclarante,money,False,0,False
nParametrosAno,Nomina,3,19,vUVT1,money,False,0,False
nParametrosAno,Nomina,3,20,vUVT2,money,False,0,False
nParametrosAno,Nomina,3,21,vUVT3,money,False,0,False
nParametrosAno,Nomina,3,22,vUVT4,money,False,0,False
nParametrosAno,Nomina,3,23,vUVT5,money,False,0,False
nParametrosAno,Nomina,3,24,vUVT6,money,False,0,False
nParametrosAno,Nomina,3,25,cAplicarArt385,bit,False,0,False
nParametrosAno,Nomina,3,26,cSalarioIntegral,bit,False,0,False
nParametrosAno,Nomina,3,27,cRestaIncapacidad,bit,False,0,False
nParametrosAno,Nomina,3,28,cDiasTNL,bit,False,0,False
nParametrosAno,Nomina,3,29,observacion,varchar(5000),False,0,False
nParametrosAno,Nomina,3,30,vMinimoPeriodo,money,False,0,False
nParametrosAno,Nomina,3,31,noSueldoST,int,False,0,False
nParametrosAno,Nomina,3,32,vMaxPagoSalud,money,False,0,False
nParametrosGeneral,Nomina,0,1,empresa,int,False,1,False
nParametrosGeneral,Nomina,0,2,noSalarioIntegral,int,False,0,False
nParametrosGeneral,Nomina,0,3,jornadaDiaria,int,False,0,False
nParametrosGeneral,Nomina,0,4,tipoJornadaDiaria,varchar(2),False,0,False
nParametrosGeneral,Nomina,0,5,horaInicioDiurna,int,False,0,False
nParametrosGeneral,Nomina,0,6,horaInicioNocturna,int,False,0,False
nParametrosGeneral,Nomina,0,7,fechaUlrimaCesantias,date,False,0,False
nParametrosGeneral,Nomina,0,8,HO,varchar(50),True,0,False
nParametrosGeneral,Nomina,0,9,HRN,varchar(50),True,0,False
nParametrosGeneral,Nomina,0,10,HEN,varchar(50),True,0,False
nParametrosGeneral,Nomina,0,11,HED,varchar(50),True,0,False
nParametrosGeneral,Nomina,0,12,HD,varchar(50),True,0,False
nParametrosGeneral,Nomina,0,13,HF,varchar(50),True,0,False
nParametrosGeneral,Nomina,0,14,HRF,varchar(50),True,0,False
nParametrosGeneral,Nomina,0,15,HENF,varchar(50),True,0,False
nParametrosGeneral,Nomina,0,16,HEDF,varchar(50),True,0,False
nParametrosGeneral,Nomina,0,17,sueldo,varchar(50),True,0,False
nParametrosGeneral,Nomina,0,18,jornales,varchar(50),True,0,False
nParametrosGeneral,Nomina,0,19,cesantias,varchar(50),True,0,False
nParametrosGeneral,Nomina,0,20,intereses,varchar(50),True,0,False
nParametrosGeneral,Nomina,0,21,vacaciones,varchar(50),True,0,False
nParametrosGeneral,Nomina,0,22,primas,varchar(50),True,0,False
nParametrosGeneral,Nomina,0,23,salarioIntegral,varchar(50),True,0,False
nParametrosGeneral,Nomina,0,24,permisos,varchar(50),True,0,False
nParametrosGeneral,Nomina,0,25,subsidioTransporte,varchar(50),True,0,False
nParametrosGeneral,Nomina,0,26,retroactivo,varchar(50),True,0,False
nParametrosGeneral,Nomina,0,27,retencion,varchar(50),True,0,False
nParametrosGeneral,Nomina,0,28,suspenciones,varchar(50),True,0,False
nParametrosGeneral,Nomina,0,29,incapacidades,varchar(50),True,0,False
nParametrosGeneral,Nomina,0,30,cajaCompensacion,varchar(50),True,0,False
nParametrosGeneral,Nomina,0,31,sena,varchar(50),True,0,False
nParametrosGeneral,Nomina,0,32,ICBF,varchar(50),True,0,False
nParametrosGeneral,Nomina,0,33,ARP,varchar(50),True,0,False
nParametrosGeneral,Nomina,0,34,indemnizacion,varchar(50),True,0,False
nParametrosGeneral,Nomina,0,35,EM,varchar(50),True,0,False
nParametrosGeneral,Nomina,0,36,IVM,varchar(50),True,0,False
nParametrosGeneral,Nomina,0,37,ATEP,varchar(50),True,0,False
nParametrosGeneral,Nomina,0,38,fondoSolidaridad,varchar(50),True,0,False
nParametrosGeneral,Nomina,0,39,licRemunerado,varchar(50),True,0,False
nParametrosGeneral,Nomina,0,40,licNoRemunerado,varchar(50),True,0,False
nParametrosGeneral,Nomina,0,41,PrimasExtralegales,varchar(50),True,0,False
nParametrosGeneral,Nomina,0,42,anticipoCesantias,varchar(50),True,0,False
nParametrosGeneral,Nomina,0,43,fechaRegistro,datetime,False,0,False
nParametrosGeneral,Nomina,0,44,fechaEdicion,datetime,True,0,False
nParametrosGeneral,Nomina,0,45,usuarioRegistro,varchar(50),False,0,False
nParametrosGeneral,Nomina,0,46,usuarioEdicion,varchar(50),True,0,False
nParametrosGeneral,Nomina,0,47,salud,varchar(50),True,0,False
nParametrosGeneral,Nomina,0,48,pension,varchar(50),True,0,False
nParametrosGeneral,Nomina,0,49,embargos,varchar(50),True,0,False
nParametrosGeneral,Nomina,0,50,ganaDomingo,varchar(50),True,0,False
nParametrosGeneral,Nomina,0,51,pGanaDomingo,bit,False,0,False
nParametrosGeneral,Nomina,0,52,HEDD,varchar(50),True,0,False
nParametrosGeneral,Nomina,0,53,HEND,varchar(50),True,0,False
nParametrosGeneral,Nomina,0,54,HRD,varchar(50),True,0,False
nParametrosGeneral,Nomina,0,55,fondoEmpleado,varchar(50),True,0,False
nParametrosGeneral,Nomina,0,56,sindicato,varchar(50),True,0,False
nParametrosGeneral,Nomina,0,57,diasVacaciones,int,True,0,False
nParametrosGeneral,Nomina,0,58,pagoFestivo,varchar(50),True,0,False
nParametrosGeneral,Nomina,0,59,aprendizSena,varchar(50),True,0,False
nParametrosGeneral,Nomina,0,62,horaFinalDiurna,int,True,0,False
nParametrosGeneral,Nomina,0,63,horaFinalNocturna,int,True,0,False
nParametrosGeneral,Nomina,0,64,noSMLVSenaICBF,int,True,0,False
nParametrosGeneral,Nomina,0,65,promedioFestivo,bit,False,0,False
nParametrosGeneral,Nomina,0,66,paga31,bit,True,0,False
nParametrosGeneral,Nomina,0,67,LQN,varchar(50),True,0,False
nParametrosGeneral,Nomina,0,68,LQC,varchar(50),True,0,False
nParametrosGeneral,Nomina,0,69,ACU,varchar(50),True,0,False
nParametrosGeneral,Nomina,0,70,aporteParafiscalesING,bit,True,0,False
nParametrosGeneral,Nomina,0,71,entidadARL,varchar(50),True,0,False
nParametrosGeneral,Nomina,0,72,uMedidaJornal,varchar(50),True,0,False
nParametrosTipoCotizante,Nomina,12,1,empresa,int,False,1,False
nParametrosTipoCotizante,Nomina,12,2,tipoCotizante,varchar(50),False,1,False
nParametrosTipoCotizante,Nomina,12,3,subTipoCotizante,varchar(50),False,1,False
nParametrosTipoCotizante,Nomina,12,4,salud,bit,False,0,False
nParametrosTipoCotizante,Nomina,12,5,pension,bit,False,0,False
nParametrosTipoCotizante,Nomina,12,6,fondoSolidaridad,bit,False,0,False
nParametrosTipoCotizante,Nomina,12,7,arp,bit,False,0,False
nParametrosTipoCotizante,Nomina,12,8,caja,bit,False,0,False
nParametrosTipoCotizante,Nomina,12,9,sena,bit,False,0,False
nParametrosTipoCotizante,Nomina,12,10,icbf,bit,False,0,False
nPeriodoDetalle,Nomina,79,1,empresa,int,False,1,False
nPeriodoDetalle,Nomina,79,2,año,int,False,1,False
nPeriodoDetalle,Nomina,79,3,mes,int,False,1,False
nPeriodoDetalle,Nomina,79,4,noPeriodo,int,False,1,False
nPeriodoDetalle,Nomina,79,5,fechaInicial,date,True,0,False
nPeriodoDetalle,Nomina,79,6,fechaFinal,date,True,0,False
nPeriodoDetalle,Nomina,79,7,fechaCorte,date,True,0,False
nPeriodoDetalle,Nomina,79,8,fechaPago,datetime,True,0,False
nPeriodoDetalle,Nomina,79,9,cerrado,bit,False,0,False
nPeriodoDetalle,Nomina,79,10,fechaRegistro,datetime,False,0,False
nPeriodoDetalle,Nomina,79,11,usuario,varchar(50),False,0,False
nPeriodoDetalle,Nomina,79,12,tipoNomina,varchar(50),False,0,False
nPeriodoDetalle,Nomina,79,13,diasNomina,int,True,0,False
nPeriodoDetalle,Nomina,79,14,agronomico,bit,False,0,False
nPeriodoDetalle,Nomina,79,15,ejecutaLabores,bit,False,0,False
nPeriodoDetalle,Nomina,79,16,nombrePeriodo,varchar(250),True,0,False
nPlanoBanco,Nomina,6,1,empresa,int,False,1,False
nPlanoBanco,Nomina,6,2,banco,varchar(50),False,1,False
nPlanoBanco,Nomina,6,3,tipoRegistro,int,False,1,False
nPlanoBanco,Nomina,6,4,usuario,varchar(50),False,0,False
nPlanoBanco,Nomina,6,5,fechaRegistro,datetime,False,0,False
nPlanoBancoDetalle,Nomina,106,1,empresa,int,False,1,False
nPlanoBancoDetalle,Nomina,106,2,banco,varchar(50),False,1,False
nPlanoBancoDetalle,Nomina,106,3,registro,int,False,1,False
nPlanoBancoDetalle,Nomina,106,4,tipoRegistro,int,False,1,False
nPlanoBancoDetalle,Nomina,106,5,nombreCampo,varchar(500),True,0,False
nPlanoBancoDetalle,Nomina,106,6,inicio,int,False,0,False
nPlanoBancoDetalle,Nomina,106,7,longitud,int,False,0,False
nPlanoBancoDetalle,Nomina,106,8,mValorFijo,bit,False,0,False
nPlanoBancoDetalle,Nomina,106,9,valorFijo,varchar(50),True,0,False
nPlanoBancoDetalle,Nomina,106,10,tipoCampo,int,False,0,False
nPlanoBancoDetalle,Nomina,106,11,mCampoFormulario,bit,False,0,False
nPlanoBancoDetalle,Nomina,106,12,campoFormulario,varchar(50),True,0,False
nPrestamo,Nomina,25,1,empresa,int,False,1,False
nPrestamo,Nomina,25,2,codigo,varchar(50),False,1,False
nPrestamo,Nomina,25,3,fecha,date,True,0,False
nPrestamo,Nomina,25,4,ccosto,varchar(50),False,0,False
nPrestamo,Nomina,25,5,empleado,int,False,0,False
nPrestamo,Nomina,25,6,concepto,varchar(50),False,0,False
nPrestamo,Nomina,25,7,año,int,False,0,False
nPrestamo,Nomina,25,8,mes,int,False,0,False
nPrestamo,Nomina,25,9,periodoInicial,int,False,0,False
nPrestamo,Nomina,25,10,valor,money,False,0,False
nPrestamo,Nomina,25,11,cuotas,int,False,0,False
nPrestamo,Nomina,25,12,valorCuotas,money,False,0,False
nPrestamo,Nomina,25,13,cuotasPendiente,int,False,0,False
nPrestamo,Nomina,25,14,valorSaldo,money,False,0,False
nPrestamo,Nomina,25,15,frecuencia,int,False,0,False
nPrestamo,Nomina,25,16,observacion,varchar(5500),False,0,False
nPrestamo,Nomina,25,17,usuarioRegistro,varchar(50),False,0,False
nPrestamo,Nomina,25,18,fechaRegistro,datetime,False,0,False
nPrestamo,Nomina,25,19,liquidado,bit,False,0,False
nPrestamo,Nomina,25,20,formaPago,varchar(50),False,0,False
nPrestamo,Nomina,25,21,docRef,varchar(200),False,0,False
nPrestamo,Nomina,25,22,contrato,int,True,0,False
nPrestamo,Nomina,25,23,pInteres,float,False,0,False
nPrestamo,Nomina,25,24,tipoPrestamo,varchar(50),False,0,False
nPrestamo,Nomina,25,25,detallado,bit,False,0,False
nPrestamo,Nomina,25,26,conceptoInteres,varchar(50),True,0,False
nPrestamoDetalle,Nomina,0,1,empresa,int,False,1,False
nPrestamoDetalle,Nomina,0,2,codigo,varchar(50),False,1,False
nPrestamoDetalle,Nomina,0,3,registroCuota,int,False,1,False
nPrestamoDetalle,Nomina,0,4,inicial,money,False,0,False
nPrestamoDetalle,Nomina,0,5,interes,money,False,0,False
nPrestamoDetalle,Nomina,0,6,amortizacion,money,False,0,False
nPrestamoDetalle,Nomina,0,7,valorCuota,money,False,0,False
nPrestamoDetalle,Nomina,0,8,final,money,False,0,False
nPrestamoDetalle,Nomina,0,9,pagado,bit,False,0,False
nPrestamoDetalle,Nomina,0,10,valorPagado,money,True,0,False
nPrestamoDetalle,Nomina,0,11,añoPagado,int,True,0,False
nPrestamoDetalle,Nomina,0,12,periodoPagado,int,True,0,False
nPrestamoDetalle,Nomina,0,13,usuarioPagado,varchar(50),True,0,False
nPrestamoDetalle,Nomina,0,14,fechaPagado,datetime,True,0,False
nProgramacion,Nomina,0,1,empresa,int,False,1,False
nProgramacion,Nomina,0,2,fecha,date,False,1,False
nProgramacion,Nomina,0,3,turno,varchar(50),False,1,False
nProgramacion,Nomina,0,4,funcionario,varchar(50),False,1,False
nProgramacion,Nomina,0,5,cuadrilla,varchar(50),True,0,False
nProgramacion,Nomina,0,6,horaInicio,int,False,0,False
nProgramacion,Nomina,0,7,horaEntrada,datetime,True,0,False
nProgramacion,Nomina,0,8,horaSalida,datetime,True,0,False
nProgramacion,Nomina,0,9,horasTurno,int,False,0,False
nProgramacion,Nomina,0,10,horasExtras,float,False,0,False
nProgramacion,Nomina,0,11,estado,char(10),False,0,False
nProgramacion,Nomina,0,12,fechaRegistro,datetime,False,0,False
nProgramacion,Nomina,0,13,usuario,varchar(50),False,0,False
nProgramacion,Nomina,0,14,finca,varchar(50),True,0,False
nProrroga,Nomina,158,1,empresa,int,False,1,False
nProrroga,Nomina,158,2,id,int,False,1,False
nProrroga,Nomina,158,3,contrato,int,False,1,False
nProrroga,Nomina,158,4,tipo,varchar(1),False,1,False
nProrroga,Nomina,158,5,tercero,int,False,1,False
nProrroga,Nomina,158,6,fechaInicial,date,False,0,False
nProrroga,Nomina,158,7,fechaFinal,date,False,0,False
nProrroga,Nomina,158,8,dias,int,False,0,False
nProrroga,Nomina,158,9,fechaFinalAnterior,date,False,0,False
nProrroga,Nomina,158,10,observacion,varchar(5550),False,0,False
nProrroga,Nomina,158,11,fechaRegistro,datetime,False,0,False
nProrroga,Nomina,158,12,usuario,varchar(50),False,0,False
nProrroga,Nomina,158,13,motivoRetiro,varchar(50),True,0,False
nProrroga,Nomina,158,14,retirado,bit,True,0,False
nProrroga,Nomina,158,15,fechaRetiro,date,True,0,False
nSeguridadSocial,Nomina,0,1,empresa,int,False,1,False
nSeguridadSocial,Nomina,0,2,año,int,False,1,False
nSeguridadSocial,Nomina,0,3,mes,int,False,1,False
nSeguridadSocial,Nomina,0,4,registro,int,False,1,False
nSeguridadSocial,Nomina,0,5,idTercero,int,False,0,False
nSeguridadSocial,Nomina,0,6,codigoTercero,varchar(50),False,0,False
nSeguridadSocial,Nomina,0,7,salario,int,True,0,False
nSeguridadSocial,Nomina,0,8,IBCsalud,int,True,0,False
nSeguridadSocial,Nomina,0,9,IBCpension,int,True,0,False
nSeguridadSocial,Nomina,0,10,IBCarp,int,True,0,False
nSeguridadSocial,Nomina,0,11,IBCcaja,int,True,0,False
nSeguridadSocial,Nomina,0,12,dSalud,int,True,0,False
nSeguridadSocial,Nomina,0,13,dPension,int,True,0,False
nSeguridadSocial,Nomina,0,14,dArp,int,True,0,False
nSeguridadSocial,Nomina,0,15,dCaja,int,True,0,False
nSeguridadSocial,Nomina,0,16,pSalud,float,True,0,False
nSeguridadSocial,Nomina,0,17,pPension,float,True,0,False
nSeguridadSocial,Nomina,0,18,pArp,float,True,0,False
nSeguridadSocial,Nomina,0,19,pCaja,float,True,0,False
nSeguridadSocial,Nomina,0,20,pFondo,float,True,0,False
nSeguridadSocial,Nomina,0,21,valorSalud,int,True,0,False
nSeguridadSocial,Nomina,0,22,valorPension,int,True,0,False
nSeguridadSocial,Nomina,0,23,valorFondo,int,True,0,False
nSeguridadSocial,Nomina,0,24,valorFondoSub,int,True,0,False
nSeguridadSocial,Nomina,0,25,valorArp,int,True,0,False
nSeguridadSocial,Nomina,0,26,valorCaja,int,True,0,False
nSeguridadSocial,Nomina,0,27,valorSena,int,True,0,False
nSeguridadSocial,Nomina,0,28,valorIcbf,int,True,0,False
nSeguridadSocial,Nomina,0,29,ING,varchar(1),True,0,False
nSeguridadSocial,Nomina,0,30,RET,varchar(1),True,0,False
nSeguridadSocial,Nomina,0,31,TDE,varchar(1),True,0,False
nSeguridadSocial,Nomina,0,32,TAE,varchar(1),True,0,False
nSeguridadSocial,Nomina,0,33,TDP,varchar(1),True,0,False
nSeguridadSocial,Nomina,0,34,TAP,varchar(1),True,0,False
nSeguridadSocial,Nomina,0,35,VSP,varchar(1),True,0,False
nSeguridadSocial,Nomina,0,36,VTE,varchar(1),True,0,False
nSeguridadSocial,Nomina,0,37,VST,varchar(1),True,0,False
nSeguridadSocial,Nomina,0,38,SLN,varchar(1),True,0,False
nSeguridadSocial,Nomina,0,39,IGE,varchar(1),True,0,False
nSeguridadSocial,Nomina,0,40,LMA,varchar(1),True,0,False
nSeguridadSocial,Nomina,0,41,VAC,varchar(1),True,0,False
nSeguridadSocial,Nomina,0,42,AVP,varchar(1),True,0,False
nSeguridadSocial,Nomina,0,43,VCT,varchar(1),True,0,False
nSeguridadSocial,Nomina,0,44,IRP,int,True,0,False
nSeguridadSocial,Nomina,0,45,exoneraSalud,varchar(1),True,0,False
nSeguridadSocial,Nomina,0,46,terceroSalud,int,True,0,False
nSeguridadSocial,Nomina,0,47,terceroPension,int,True,0,False
nSeguridadSocial,Nomina,0,48,terceroCaja,int,True,0,False
nSeguridadSocial,Nomina,0,49,terceroArp,int,True,0,False
nSeguridadSocial,Nomina,0,50,terceroSena,int,True,0,False
nSeguridadSocial,Nomina,0,51,terceroIcbf,int,True,0,False
nSeguridadSocialPila,Nomina,0,1,empresa,int,False,1,False
nSeguridadSocialPila,Nomina,0,2,año,int,False,1,False
nSeguridadSocialPila,Nomina,0,3,mes,int,False,1,False
nSeguridadSocialPila,Nomina,0,4,registro,int,False,1,False
nSeguridadSocialPila,Nomina,0,5,idTercero,int,False,0,False
nSeguridadSocialPila,Nomina,0,6,codigoTercero,varchar(50),False,0,False
nSeguridadSocialPila,Nomina,0,7,apellido1,varchar(250),True,0,False
nSeguridadSocialPila,Nomina,0,8,apellido2,varchar(250),True,0,False
nSeguridadSocialPila,Nomina,0,9,nombre1,varchar(250),True,0,False
nSeguridadSocialPila,Nomina,0,10,nombre2,varchar(250),True,0,False
nSeguridadSocialPila,Nomina,0,11,departamento,varchar(250),True,0,False
nSeguridadSocialPila,Nomina,0,12,ciudad,varchar(250),True,0,False
nSeguridadSocialPila,Nomina,0,13,tipoCotizante,varchar(50),True,0,False
nSeguridadSocialPila,Nomina,0,14,subTipoCotizante,varchar(50),True,0,False
nSeguridadSocialPila,Nomina,0,15,horasLaboradas,int,True,0,False
nSeguridadSocialPila,Nomina,0,16,extranjero,varchar(1),True,0,False
nSeguridadSocialPila,Nomina,0,17,RecidenteExterior,varchar(1),True,0,False
nSeguridadSocialPila,Nomina,0,18,fechaRadExterior,date,True,0,False
nSeguridadSocialPila,Nomina,0,19,ING,varchar(1),True,0,False
nSeguridadSocialPila,Nomina,0,20,fechaIngreso,date,True,0,False
nSeguridadSocialPila,Nomina,0,21,RET,varchar(1),True,0,False
nSeguridadSocialPila,Nomina,0,22,fechaRetiro,date,True,0,False
nSeguridadSocialPila,Nomina,0,23,TDE,varchar(1),True,0,False
nSeguridadSocialPila,Nomina,0,24,TAE,varchar(1),True,0,False
nSeguridadSocialPila,Nomina,0,25,TDP,varchar(1),True,0,False
nSeguridadSocialPila,Nomina,0,26,TAP,varchar(1),True,0,False
nSeguridadSocialPila,Nomina,0,27,VSP,varchar(1),True,0,False
nSeguridadSocialPila,Nomina,0,28,fechaVSP,date,True,0,False
nSeguridadSocialPila,Nomina,0,29,VST,varchar(1),True,0,False
nSeguridadSocialPila,Nomina,0,30,SLN,varchar(1),True,0,False
nSeguridadSocialPila,Nomina,0,31,fiSLN,date,True,0,False
nSeguridadSocialPila,Nomina,0,32,ffSLN,date,True,0,False
nSeguridadSocialPila,Nomina,0,33,IGE,varchar(1),True,0,False
nSeguridadSocialPila,Nomina,0,34,fiIGE,date,True,0,False
nSeguridadSocialPila,Nomina,0,35,ffIGE,date,True,0,False
nSeguridadSocialPila,Nomina,0,36,LMA,varchar(1),True,0,False
nSeguridadSocialPila,Nomina,0,37,fiLMA,date,True,0,False
nSeguridadSocialPila,Nomina,0,38,ffLMA,date,True,0,False
nSeguridadSocialPila,Nomina,0,39,VAC,varchar(1),True,0,False
nSeguridadSocialPila,Nomina,0,40,fiVAC,date,True,0,False
nSeguridadSocialPila,Nomina,0,41,ffVAC,date,True,0,False
nSeguridadSocialPila,Nomina,0,42,AVP,varchar(1),True,0,False
nSeguridadSocialPila,Nomina,0,43,VCT,varchar(1),True,0,False
nSeguridadSocialPila,Nomina,0,44,fiVCT,date,True,0,False
nSeguridadSocialPila,Nomina,0,45,ffVCT,date,True,0,False
nSeguridadSocialPila,Nomina,0,46,IRL,int,True,0,False
nSeguridadSocialPila,Nomina,0,47,fiIRL,date,True,0,False
nSeguridadSocialPila,Nomina,0,48,ffIRL,date,True,0,False
nSeguridadSocialPila,Nomina,0,49,correciones,varchar(1),True,0,False
nSeguridadSocialPila,Nomina,0,50,salario,int,True,0,False
nSeguridadSocialPila,Nomina,0,51,salarioIntegral,varchar(1),True,0,False
nSeguridadSocialPila,Nomina,0,52,terceroPension,int,True,0,False
nSeguridadSocialPila,Nomina,0,53,dPension,int,True,0,False
nSeguridadSocialPila,Nomina,0,54,IBCpension,int,True,0,False
nSeguridadSocialPila,Nomina,0,55,pPension,float,True,0,False
nSeguridadSocialPila,Nomina,0,56,valorPension,int,True,0,False
nSeguridadSocialPila,Nomina,0,57,indicadorAltoRiesgo,int,True,0,False
nSeguridadSocialPila,Nomina,0,58,cotizacionVoluntariaAfiliado,float,True,0,False
nSeguridadSocialPila,Nomina,0,59,cotizacionVoluntariaEmpleador,float,True,0,False
nSeguridadSocialPila,Nomina,0,60,valorFondo,float,True,0,False
nSeguridadSocialPila,Nomina,0,61,valorFondoSub,float,True,0,False
nSeguridadSocialPila,Nomina,0,62,pFondo,float,True,0,False
nSeguridadSocialPila,Nomina,0,63,valorRetenido,float,True,0,False
nSeguridadSocialPila,Nomina,0,64,totalPension,float,True,0,False
nSeguridadSocialPila,Nomina,0,65,AFPdestino,varchar(50),True,0,False
nSeguridadSocialPila,Nomina,0,66,terceroSalud,int,True,0,False
nSeguridadSocialPila,Nomina,0,67,dSalud,int,True,0,False
nSeguridadSocialPila,Nomina,0,68,IBCsalud,int,True,0,False
nSeguridadSocialPila,Nomina,0,69,pSalud,float,True,0,False
nSeguridadSocialPila,Nomina,0,70,valorSalud,float,True,0,False
nSeguridadSocialPila,Nomina,0,71,valorUPC,float,True,0,False
nSeguridadSocialPila,Nomina,0,72,noAutorizacionEG,varchar(100),True,0,False
nSeguridadSocialPila,Nomina,0,73,valorIncapacidad,float,True,0,False
nSeguridadSocialPila,Nomina,0,74,noAutorizacionLMA,varchar(100),True,0,False
nSeguridadSocialPila,Nomina,0,75,valorLMA,float,True,0,False
nSeguridadSocialPila,Nomina,0,76,saludDestino,nchar(10),True,0,False
nSeguridadSocialPila,Nomina,0,77,terceroArl,int,True,0,False
nSeguridadSocialPila,Nomina,0,78,dArl,int,True,0,False
nSeguridadSocialPila,Nomina,0,79,IBCarl,int,True,0,False
nSeguridadSocialPila,Nomina,0,80,pArl,float,True,0,False
nSeguridadSocialPila,Nomina,0,81,claseARL,int,True,0,False
nSeguridadSocialPila,Nomina,0,82,centroTrabajo,varchar(50),True,0,False
nSeguridadSocialPila,Nomina,0,83,valorArl,float,True,0,False
nSeguridadSocialPila,Nomina,0,84,dCaja,int,True,0,False
nSeguridadSocialPila,Nomina,0,85,terceroCaja,int,True,0,False
nSeguridadSocialPila,Nomina,0,86,IBCcaja,int,True,0,False
nSeguridadSocialPila,Nomina,0,87,pCaja,float,True,0,False
nSeguridadSocialPila,Nomina,0,88,valorCaja,int,True,0,False
nSeguridadSocialPila,Nomina,0,89,IBCCajaOtros,float,True,0,False
nSeguridadSocialPila,Nomina,0,90,pSena,float,True,0,False
nSeguridadSocialPila,Nomina,0,91,valorSena,int,True,0,False
nSeguridadSocialPila,Nomina,0,92,terceroSena,int,True,0,False
nSeguridadSocialPila,Nomina,0,93,pICBF,float,True,0,False
nSeguridadSocialPila,Nomina,0,94,valorICBF,int,True,0,False
nSeguridadSocialPila,Nomina,0,95,terceroIcbf,int,True,0,False
nSeguridadSocialPila,Nomina,0,96,pESAP,float,True,0,False
nSeguridadSocialPila,Nomina,0,97,valorESAP,float,True,0,False
nSeguridadSocialPila,Nomina,0,98,pMEN,float,True,0,False
nSeguridadSocialPila,Nomina,0,99,valorMEN,float,True,0,False
nSeguridadSocialPila,Nomina,0,100,exoneraSalud,varchar(1),True,0,False
nSeguridadSocialPila,Nomina,0,101,tipoIDcotizanteUPC,varchar(50),True,0,False
nSeguridadSocialPila,Nomina,0,102,noIDcotizanteUPC,varchar(50),True,0,False
nSeguridadSocialPila,Nomina,0,103,contrato,int,True,0,False
nSeguridadSocialPila,Nomina,0,104,tipoID,varchar(50),True,0,False
nSubTipoCotizante,Nomina,14,1,empresa,int,False,1,False
nSubTipoCotizante,Nomina,14,2,codigo,varchar(50),False,1,False
nSubTipoCotizante,Nomina,14,3,tipoCotizante,varchar(50),False,0,False
nSubTipoCotizante,Nomina,14,4,descripcion,varchar(550),False,0,False
nSubTipoCotizante,Nomina,14,5,observacion,varchar(5550),False,0,False
nSubTipoCotizante,Nomina,14,6,activo,bit,False,0,False
nSubTipoCotizante,Nomina,14,7,fechaRegistro,datetime,False,0,False
nSubTipoCotizante,Nomina,14,8,usuario,varchar(50),False,0,False
nTablaSmlvRedondeo,Nomina,0,1,año,int,False,1,False
nTablaSmlvRedondeo,Nomina,0,2,dia,float,False,1,False
nTablaSmlvRedondeo,Nomina,0,3,IBC,float,True,0,False
nTablaSmlvRedondeo,Nomina,0,4,pension,float,True,0,False
nTablaSmlvRedondeo,Nomina,0,5,saludSena,float,True,0,False
nTablaSmlvRedondeo,Nomina,0,6,salud,float,True,0,False
nTablaSmlvRedondeo,Nomina,0,7,CCF,float,True,0,False
nTablaSmlvRedondeo,Nomina,0,8,"Riesgos_6,96%",float,True,0,False
nTablaSmlvRedondeo,Nomina,0,9,"Riesgos_4,35%",float,True,0,False
nTablaSmlvRedondeo,Nomina,0,10,"Riesgos_2,436%",float,True,0,False
nTablaSmlvRedondeo,Nomina,0,11,"Riesgos_1,044%",float,True,0,False
nTablaSmlvRedondeo,Nomina,0,12,"Riesgos_0,522%",float,True,0,False
nTablaSmlvRedondeo,Nomina,0,13,senaEspecial,float,True,0,False
nTablaSmlvRedondeo,Nomina,0,14,sena,float,True,0,False
nTablaSmlvRedondeo,Nomina,0,15,ICBF,float,True,0,False
nTablaSmlvRedondeo,Nomina,0,16,ESAP,float,True,0,False
nTablaSmlvRedondeo,Nomina,0,17,MEN,float,True,0,False
nTablaSmlvRedondeoARP,Nomina,0,1,empresa,int,False,1,False
nTablaSmlvRedondeoARP,Nomina,0,2,año,int,False,1,False
nTablaSmlvRedondeoARP,Nomina,0,3,dia,float,False,1,False
nTablaSmlvRedondeoARP,Nomina,0,4,riesgo,varchar(50),False,1,False
nTablaSmlvRedondeoARP,Nomina,0,5,IBC,float,False,0,False
nTablaSmlvRedondeoARP,Nomina,0,6,valor,float,False,0,False
nTipoConcepto,Nomina,0,1,empresa,int,False,1,False
nTipoConcepto,Nomina,0,2,codigo,varchar(50),False,1,False
nTipoConcepto,Nomina,0,3,descripcion,varchar(550),False,0,False
nTipoConcepto,Nomina,0,4,activo,bit,False,0,False
nTipoConceptoDetalle,Nomina,0,1,empresa,int,False,1,False
nTipoConceptoDetalle,Nomina,0,2,tipoConcepto,varchar(50),False,1,False
nTipoConceptoDetalle,Nomina,0,3,concepto,varchar(50),False,1,False
nTipoCotizante,Nomina,36,1,empresa,int,False,1,False
nTipoCotizante,Nomina,36,2,codigo,varchar(50),False,1,False
nTipoCotizante,Nomina,36,3,descripcion,varchar(550),False,0,False
nTipoCotizante,Nomina,36,4,observacion,varchar(5550),False,0,False
nTipoCotizante,Nomina,36,5,activo,bit,False,0,False
nTipoCotizante,Nomina,36,6,fechaRegistro,datetime,False,0,False
nTipoCotizante,Nomina,36,7,usuario,varchar(50),False,0,False
nTipoIncapacidad,Nomina,24,1,empresa,int,False,1,False
nTipoIncapacidad,Nomina,24,2,codigo,varchar(50),False,1,False
nTipoIncapacidad,Nomina,24,3,descripcion,varchar(550),False,0,False
nTipoIncapacidad,Nomina,24,4,porcentaje,float,False,0,False
nTipoIncapacidad,Nomina,24,5,adicionarPorcentaje,bit,False,0,False
nTipoIncapacidad,Nomina,24,6,despues,int,False,0,False
nTipoIncapacidad,Nomina,24,7,porcentajeNuevo,float,False,0,False
nTipoIncapacidad,Nomina,24,8,activo,bit,False,0,False
nTipoIncapacidad,Nomina,24,9,afectaSeguridadSocial,bit,False,0,False
nTipoIncapacidad,Nomina,24,10,afectaARL,bit,False,0,False
nTipoIncapacidad,Nomina,24,11,afectaNovedadSS,varchar(50),True,0,False
nTipoIncapacidad,Nomina,24,12,promediaIBC,bit,True,0,False
nTipoNomina,Nomina,6,1,empresa,int,False,1,False
nTipoNomina,Nomina,6,2,codigo,varchar(50),False,1,False
nTipoNomina,Nomina,6,3,descripcion,varchar(550),False,0,False
nTipoNomina,Nomina,6,4,periocidad,varchar(50),False,0,False
nTipoNomina,Nomina,6,5,activo,bit,False,0,False
nTipoNomina,Nomina,6,6,observacion,varchar(5550),False,0,False
nTipoNomina,Nomina,6,7,usuario,nchar(10),False,0,False
nTipoNomina,Nomina,6,8,fechaRegistro,datetime,False,0,False
nTurno,Nomina,2,1,empresa,int,False,1,False
nTurno,Nomina,2,2,codigo,varchar(50),False,1,False
nTurno,Nomina,2,3,descripcion,varchar(250),False,0,False
nTurno,Nomina,2,4,horaInicio,int,False,0,False
nTurno,Nomina,2,5,horas,int,False,0,False
nTurno,Nomina,2,6,activo,bit,False,0,False
nTurnoDepartamento,Nomina,0,1,empresa,int,False,1,False
nTurnoDepartamento,Nomina,0,2,turno,varchar(50),False,1,False
nTurnoDepartamento,Nomina,0,3,departamento,varchar(50),False,1,False
nTurnoDepartamento,Nomina,0,4,activo,bit,False,0,False
nVacaciones,Nomina,0,1,empresa,int,False,1,False
nVacaciones,Nomina,0,2,periodoInicial,date,False,1,False
nVacaciones,Nomina,0,3,periodoFinal,date,False,1,False
nVacaciones,Nomina,0,4,empleado,int,False,1,False
nVacaciones,Nomina,0,5,registro,int,False,1,False
nVacaciones,Nomina,0,6,tipo,varchar(10),False,0,False
nVacaciones,Nomina,0,7,fechaSalida,date,True,0,False
nVacaciones,Nomina,0,8,fechaRetorno,date,True,0,False
nVacaciones,Nomina,0,9,diasCausados,int,False,0,False
nVacaciones,Nomina,0,10,diasTomados,int,False,0,False
nVacaciones,Nomina,0,11,diasPendientes,int,False,0,False
nVacaciones,Nomina,0,12,diasPagados,int,False,0,False
nVacaciones,Nomina,0,13,valorPagado,"decimal(18,2)",False,0,False
nVacaciones,Nomina,0,14,valorBase,"decimal(18,2)",False,0,False
nVacaciones,Nomina,0,15,usuario,varchar(50),False,0,False
nVacaciones,Nomina,0,16,fechaRegistro,datetime,False,0,False
nVacaciones,Nomina,0,17,observaciones,varchar(500),True,0,False
nVacaciones,Nomina,0,18,anulado,bit,False,0,False
nVacaciones,Nomina,0,19,fechaAnulado,datetime,True,0,False
nVacaciones,Nomina,0,20,usuarioAnulado,varchar(50),True,0,False
nVacaciones,Nomina,0,21,ejecutado,bit,False,0,False
nVacaciones,Nomina,0,22,pagaNomina,bit,False,0,False
nVacaciones,Nomina,0,23,acumulada,bit,True,0,False
nVacaciones,Nomina,0,24,liquidada,bit,True,0,False
nVacaciones,Nomina,0,25,año,int,True,0,False
nVacaciones,Nomina,0,26,mes,int,True,0,False
nVacaciones,Nomina,0,27,periodo,int,True,0,False
nVacaciones,Nomina,0,28,añoPago,int,True,0,False
nVacaciones,Nomina,0,29,contrato,int,True,0,False
nVacaciones,Nomina,0,30,promedio,bit,False,0,False
nVacacionesDetalle,Nomina,0,1,empresa,int,False,1,False
nVacacionesDetalle,Nomina,0,2,periodoInicial,date,False,1,False
nVacacionesDetalle,Nomina,0,3,periodoFinal,date,False,1,False
nVacacionesDetalle,Nomina,0,4,empleado,int,False,1,False
nVacacionesDetalle,Nomina,0,5,registro,int,False,1,False
nVacacionesDetalle,Nomina,0,6,concepto,varchar(50),False,1,False
nVacacionesDetalle,Nomina,0,7,cantidad,"decimal(18,3)",True,0,False
nVacacionesDetalle,Nomina,0,8,porcentaje,"decimal(18,3)",True,0,False
nVacacionesDetalle,Nomina,0,9,valorUnitario,money,True,0,False
nVacacionesDetalle,Nomina,0,10,valorTotal,money,True,0,False
nVacacionesDetalle,Nomina,0,11,signo,int,True,0,False
nVacacionesDetalle,Nomina,0,12,saldo,money,True,0,False
nVacacionesDetalle,Nomina,0,13,noDias,int,True,0,False
nVacacionesDetalle,Nomina,0,14,baseSeguridadSocial,bit,True,0,False
nVacacionesDetalle,Nomina,0,15,baseEmbargos,bit,True,0,False
nVacacionesDetalle,Nomina,0,16,entidad,varchar(50),True,0,False
nVacacionesDetalle,Nomina,0,17,noPrestamo,varchar(50),True,0,False
pCalibracionTanque,"Planta / Proceso de Palma (fruta, pepa, tanques)",0,1,empresa,int,False,1,False
pCalibracionTanque,"Planta / Proceso de Palma (fruta, pepa, tanques)",0,2,movimiento,varchar(50),False,1,False
pCalibracionTanque,"Planta / Proceso de Palma (fruta, pepa, tanques)",0,3,tipo,varchar(2),False,1,False
pCalibracionTanque,"Planta / Proceso de Palma (fruta, pepa, tanques)",0,4,altura,int,False,1,False
pCalibracionTanque,"Planta / Proceso de Palma (fruta, pepa, tanques)",0,5,volumen,"decimal(18,4)",False,0,False
pCalibracionTanque,"Planta / Proceso de Palma (fruta, pepa, tanques)",0,6,activo,bit,False,0,False
pDensidad,"Planta / Proceso de Palma (fruta, pepa, tanques)",0,1,empresa,int,False,1,False
pDensidad,"Planta / Proceso de Palma (fruta, pepa, tanques)",0,2,item,varchar(50),False,1,False
pDensidad,"Planta / Proceso de Palma (fruta, pepa, tanques)",0,3,temperatura,int,False,1,False
pDensidad,"Planta / Proceso de Palma (fruta, pepa, tanques)",0,4,densidad,float,False,0,False
pDensidad,"Planta / Proceso de Palma (fruta, pepa, tanques)",0,5,activo,bit,False,0,False
pFrutaEstimadaTmp,"Planta / Proceso de Palma (fruta, pepa, tanques)",0,1,empresa,int,False,1,False
pFrutaEstimadaTmp,"Planta / Proceso de Palma (fruta, pepa, tanques)",0,2,fecha,date,False,1,False
pFrutaEstimadaTmp,"Planta / Proceso de Palma (fruta, pepa, tanques)",0,3,pesoNeto,int,True,0,False
pJerarquia,"Planta / Proceso de Palma (fruta, pepa, tanques)",0,1,codigo,int,False,1,False
pJerarquia,"Planta / Proceso de Palma (fruta, pepa, tanques)",0,2,empresa,int,False,1,False
pJerarquia,"Planta / Proceso de Palma (fruta, pepa, tanques)",0,3,hijo,int,False,0,False
pJerarquia,"Planta / Proceso de Palma (fruta, pepa, tanques)",0,4,padre,int,False,0,False
pJerarquia,"Planta / Proceso de Palma (fruta, pepa, tanques)",0,5,descripcion,varchar(250),False,0,False
pJerarquia,"Planta / Proceso de Palma (fruta, pepa, tanques)",0,6,activo,bit,False,0,False
pJerarquia,"Planta / Proceso de Palma (fruta, pepa, tanques)",0,7,nivel,int,False,0,False
pJerarquiaAnalisis,"Planta / Proceso de Palma (fruta, pepa, tanques)",0,1,jerarquia,int,False,1,False
pJerarquiaAnalisis,"Planta / Proceso de Palma (fruta, pepa, tanques)",0,2,analisis,varchar(10),False,1,False
pJerarquiaAnalisis,"Planta / Proceso de Palma (fruta, pepa, tanques)",0,3,empresa,bit,False,1,False
pJerarquiaAnalisis,"Planta / Proceso de Palma (fruta, pepa, tanques)",0,4,resultado,bit,False,0,False
pJerarquiaAnalisis,"Planta / Proceso de Palma (fruta, pepa, tanques)",0,5,formula,varchar(8000),False,0,False
pJerarquiaAnalisis,"Planta / Proceso de Palma (fruta, pepa, tanques)",0,6,prioridad,int,False,0,False
pJerarquiaAnalisis,"Planta / Proceso de Palma (fruta, pepa, tanques)",0,7,discreta,bit,False,0,False
pJerarquiaAnalisis,"Planta / Proceso de Palma (fruta, pepa, tanques)",0,8,campoResul,bit,False,0,False
pJerarquiaAnalisis,"Planta / Proceso de Palma (fruta, pepa, tanques)",0,9,expresion,varchar(8000),True,0,False
pJerarquiaAnalisis,"Planta / Proceso de Palma (fruta, pepa, tanques)",0,10,resultadoParcial,bit,False,0,False
pJerarquiaAnalisis,"Planta / Proceso de Palma (fruta, pepa, tanques)",0,11,resultadoFinal,bit,False,0,False
pNivel,"Planta / Proceso de Palma (fruta, pepa, tanques)",0,1,empresa,int,False,1,False
pNivel,"Planta / Proceso de Palma (fruta, pepa, tanques)",0,2,codigo,int,False,1,False
pNivel,"Planta / Proceso de Palma (fruta, pepa, tanques)",0,3,descripcion,varchar(250),False,0,False
pNivel,"Planta / Proceso de Palma (fruta, pepa, tanques)",0,4,activo,bit,False,0,False
PowerBiVentas,Otras / Integraciones,784,1,TipoIngreso,varchar(14),False,0,False
PowerBiVentas,Otras / Integraciones,784,2,Año,int,True,0,False
PowerBiVentas,Otras / Integraciones,784,3,Mes,int,True,0,False
PowerBiVentas,Otras / Integraciones,784,4,IdCia,smallint,False,0,False
PowerBiVentas,Otras / Integraciones,784,5,NitCliente,varchar(20),True,0,False
PowerBiVentas,Otras / Integraciones,784,6,DesCliente,varchar(100),False,0,False
PowerBiVentas,Otras / Integraciones,784,7,Factura,char(3),False,0,False
PowerBiVentas,Otras / Integraciones,784,8,NumeroFactura,int,False,0,False
PowerBiVentas,Otras / Integraciones,784,9,Fecha,date,True,0,False
PowerBiVentas,Otras / Integraciones,784,10,CO,char(3),False,0,False
PowerBiVentas,Otras / Integraciones,784,11,Vendedor,varchar(25),True,0,False
PowerBiVentas,Otras / Integraciones,784,12,DesVendedor,varchar(100),False,0,False
PowerBiVentas,Otras / Integraciones,784,13,Referencia,char(50),False,0,False
PowerBiVentas,Otras / Integraciones,784,14,DescReferencia,varchar(40),False,0,False
PowerBiVentas,Otras / Integraciones,784,15,UM,char(4),False,0,False
PowerBiVentas,Otras / Integraciones,784,16,Cantidad,"numeric(38,4)",True,0,False
PowerBiVentas,Otras / Integraciones,784,17,CostoTotal,money,True,0,False
PowerBiVentas,Otras / Integraciones,784,18,ValorBruto,money,True,0,False
PowerBiVentas,Otras / Integraciones,784,19,Descuentos,money,True,0,False
PowerBiVentas,Otras / Integraciones,784,20,Subtotal,money,True,0,False
PowerBiVentas,Otras / Integraciones,784,21,Preciokilo,"numeric(38,19)",True,0,False
pProductoMovimiento,"Planta / Proceso de Palma (fruta, pepa, tanques)",0,1,empresa,int,False,1,False
pProductoMovimiento,"Planta / Proceso de Palma (fruta, pepa, tanques)",0,2,producto,varchar(50),False,1,False
pProductoMovimiento,"Planta / Proceso de Palma (fruta, pepa, tanques)",0,3,movimiento,varchar(50),False,1,False
pProductoMovimiento,"Planta / Proceso de Palma (fruta, pepa, tanques)",0,4,formula,varchar(950),False,0,False
pProductoMovimiento,"Planta / Proceso de Palma (fruta, pepa, tanques)",0,5,prioridad,int,False,0,False
pProductoMovimiento,"Planta / Proceso de Palma (fruta, pepa, tanques)",0,6,orden,int,False,0,False
pProductoMovimiento,"Planta / Proceso de Palma (fruta, pepa, tanques)",0,7,resultado,bit,False,0,False
pProductoMovimiento,"Planta / Proceso de Palma (fruta, pepa, tanques)",0,8,almacena,bit,False,0,False
pProductoMovimiento,"Planta / Proceso de Palma (fruta, pepa, tanques)",0,9,mCalcular,bit,False,0,False
pProductoMovimiento,"Planta / Proceso de Palma (fruta, pepa, tanques)",0,10,mDecimal,bit,False,0,False
pProductoMovimiento,"Planta / Proceso de Palma (fruta, pepa, tanques)",0,11,mInforme,bit,False,0,False
pProductoMovimiento,"Planta / Proceso de Palma (fruta, pepa, tanques)",0,12,activo,bit,False,0,False
pProductoMovimiento,"Planta / Proceso de Palma (fruta, pepa, tanques)",0,13,modulo,varchar(150),False,1,False
pProductoMovimiento,"Planta / Proceso de Palma (fruta, pepa, tanques)",0,14,expresion,varchar(8000),True,0,False
pTransaccion,"Planta / Proceso de Palma (fruta, pepa, tanques)",0,1,empresa,int,False,1,False
pTransaccion,"Planta / Proceso de Palma (fruta, pepa, tanques)",0,2,tipo,varchar(50),False,1,False
pTransaccion,"Planta / Proceso de Palma (fruta, pepa, tanques)",0,3,numero,varchar(50),False,1,False
pTransaccion,"Planta / Proceso de Palma (fruta, pepa, tanques)",0,4,año,int,False,0,False
pTransaccion,"Planta / Proceso de Palma (fruta, pepa, tanques)",0,5,mes,int,False,0,False
pTransaccion,"Planta / Proceso de Palma (fruta, pepa, tanques)",0,6,fecha,date,False,0,False
pTransaccion,"Planta / Proceso de Palma (fruta, pepa, tanques)",0,7,producto,int,False,0,False
pTransaccion,"Planta / Proceso de Palma (fruta, pepa, tanques)",0,8,usuario,varchar(50),False,0,False
pTransaccion,"Planta / Proceso de Palma (fruta, pepa, tanques)",0,9,usuarioAnulado,varchar(50),True,0,False
pTransaccion,"Planta / Proceso de Palma (fruta, pepa, tanques)",0,10,fechaRegistro,datetime,False,0,False
pTransaccion,"Planta / Proceso de Palma (fruta, pepa, tanques)",0,11,anulado,bit,True,0,False
pTransaccion,"Planta / Proceso de Palma (fruta, pepa, tanques)",0,12,fechaAnulado,datetime,True,0,False
pTransaccion,"Planta / Proceso de Palma (fruta, pepa, tanques)",0,13,Observacion,varchar(5500),True,0,False
pTransaccionDetalle,"Planta / Proceso de Palma (fruta, pepa, tanques)",0,1,empresa,int,False,1,False
pTransaccionDetalle,"Planta / Proceso de Palma (fruta, pepa, tanques)",0,2,tipo,varchar(50),False,1,False
pTransaccionDetalle,"Planta / Proceso de Palma (fruta, pepa, tanques)",0,3,numero,varchar(50),False,1,False
pTransaccionDetalle,"Planta / Proceso de Palma (fruta, pepa, tanques)",0,4,registro,int,False,1,False
pTransaccionDetalle,"Planta / Proceso de Palma (fruta, pepa, tanques)",0,5,año,int,False,0,False
pTransaccionDetalle,"Planta / Proceso de Palma (fruta, pepa, tanques)",0,6,mes,int,False,0,False
pTransaccionDetalle,"Planta / Proceso de Palma (fruta, pepa, tanques)",0,7,movimiento,int,False,0,False
pTransaccionDetalle,"Planta / Proceso de Palma (fruta, pepa, tanques)",0,8,valor,float,False,0,False
pTransaccionJerarquia,"Planta / Proceso de Palma (fruta, pepa, tanques)",0,1,tipo,varchar(50),False,1,False
pTransaccionJerarquia,"Planta / Proceso de Palma (fruta, pepa, tanques)",0,2,numero,varchar(50),False,1,False
pTransaccionJerarquia,"Planta / Proceso de Palma (fruta, pepa, tanques)",0,3,año,int,False,1,False
pTransaccionJerarquia,"Planta / Proceso de Palma (fruta, pepa, tanques)",0,4,mes,int,False,1,False
pTransaccionJerarquia,"Planta / Proceso de Palma (fruta, pepa, tanques)",0,5,fecha,datetime,False,1,False
pTransaccionJerarquia,"Planta / Proceso de Palma (fruta, pepa, tanques)",0,6,empresa,int,False,1,False
pTransaccionJerarquia,"Planta / Proceso de Palma (fruta, pepa, tanques)",0,7,fechaRegistro,datetime,False,0,False
pTransaccionJerarquia,"Planta / Proceso de Palma (fruta, pepa, tanques)",0,8,usuario,varchar(50),False,0,False
pTransaccionJerarquia,"Planta / Proceso de Palma (fruta, pepa, tanques)",0,9,observacion,varchar(500),False,0,False
pTransaccionJerarquia,"Planta / Proceso de Palma (fruta, pepa, tanques)",0,10,anulado,bit,False,0,False
pTransaccionJerarquia,"Planta / Proceso de Palma (fruta, pepa, tanques)",0,11,usuarioAnulado,varchar(50),True,0,False
pTransaccionJerarquiaAnalisis,"Planta / Proceso de Palma (fruta, pepa, tanques)",0,1,tipo,varchar(50),False,1,False
pTransaccionJerarquiaAnalisis,"Planta / Proceso de Palma (fruta, pepa, tanques)",0,2,numero,varchar(50),False,1,False
pTransaccionJerarquiaAnalisis,"Planta / Proceso de Palma (fruta, pepa, tanques)",0,3,año,int,False,1,False
pTransaccionJerarquiaAnalisis,"Planta / Proceso de Palma (fruta, pepa, tanques)",0,4,mes,int,False,1,False
pTransaccionJerarquiaAnalisis,"Planta / Proceso de Palma (fruta, pepa, tanques)",0,5,fecha,datetime,False,1,False
pTransaccionJerarquiaAnalisis,"Planta / Proceso de Palma (fruta, pepa, tanques)",0,6,empresa,int,False,1,False
pTransaccionJerarquiaAnalisis,"Planta / Proceso de Palma (fruta, pepa, tanques)",0,7,jerarquia,int,False,1,False
pTransaccionJerarquiaAnalisis,"Planta / Proceso de Palma (fruta, pepa, tanques)",0,8,registro,int,False,1,False
pTransaccionJerarquiaAnalisis,"Planta / Proceso de Palma (fruta, pepa, tanques)",0,9,analisis,varchar(50),False,1,False
pTransaccionJerarquiaAnalisis,"Planta / Proceso de Palma (fruta, pepa, tanques)",0,10,resultado,bit,False,0,False
pTransaccionJerarquiaAnalisis,"Planta / Proceso de Palma (fruta, pepa, tanques)",0,11,prioridad,int,False,0,False
pTransaccionJerarquiaAnalisis,"Planta / Proceso de Palma (fruta, pepa, tanques)",0,12,valor,"decimal(18,4)",False,0,False
pTransaccionJerarquiaAnalisis,"Planta / Proceso de Palma (fruta, pepa, tanques)",0,13,fechaRegistro,datetime,False,0,False
pTransaccionJerarquiaAnalisis,"Planta / Proceso de Palma (fruta, pepa, tanques)",0,14,usuario,varchar(50),False,0,False
sEstados,Seguridad y Sistema,2,1,estado,char(10),False,1,False
sEstados,Seguridad y Sistema,2,2,descripcion,varchar(150),False,0,False
SiesaContratos,Otras / Integraciones,302,1,empresa,smallint,False,0,False
SiesaContratos,Otras / Integraciones,302,2,id,smallint,False,0,False
SiesaContratos,Otras / Integraciones,302,3,codigoTercero,varchar(15),True,0,False
SiesaContratos,Otras / Integraciones,302,4,tercero,int,False,0,False
SiesaContratos,Otras / Integraciones,302,5,cargo,varchar(4),True,0,False
SiesaContratos,Otras / Integraciones,302,6,banco,char(10),True,0,False
SiesaContratos,Otras / Integraciones,302,7,tipoCotizante,smallint,False,0,False
SiesaContratos,Otras / Integraciones,302,8,motivoRetiro,varchar(20),True,0,False
SiesaContratos,Otras / Integraciones,302,9,turno,int,True,0,False
SiesaContratos,Otras / Integraciones,302,10,departamento,int,True,0,False
SiesaContratos,Otras / Integraciones,302,11,ccosto,varchar(15),True,0,False
SiesaContratos,Otras / Integraciones,302,12,tipoNomina,int,True,0,False
SiesaContratos,Otras / Integraciones,302,13,tiempoBasico,int,True,0,False
SiesaContratos,Otras / Integraciones,302,14,entidadPension,int,True,0,False
SiesaContratos,Otras / Integraciones,302,15,entidadEps,int,True,0,False
SiesaContratos,Otras / Integraciones,302,16,entidadCesantias,int,True,0,False
SiesaContratos,Otras / Integraciones,302,17,entidadCaja,int,True,0,False
SiesaContratos,Otras / Integraciones,302,18,entidadARP,int,True,0,False
SiesaContratos,Otras / Integraciones,302,19,entidadSena,int,True,0,False
SiesaContratos,Otras / Integraciones,302,20,entidadICBF,int,True,0,False
SiesaContratos,Otras / Integraciones,302,21,fechaIngreso,datetime,False,0,False
SiesaContratos,Otras / Integraciones,302,22,fechaRetiro,datetime,True,0,False
SiesaContratos,Otras / Integraciones,302,23,fechaContratoHasta,datetime,True,0,False
SiesaContratos,Otras / Integraciones,302,24,fechaPrimaHasta,datetime,False,0,False
SiesaContratos,Otras / Integraciones,302,25,fechaVacacionesHasta,datetime,False,0,False
SiesaContratos,Otras / Integraciones,302,26,fechaUltimoAumento,datetime,False,0,False
SiesaContratos,Otras / Integraciones,302,27,fechaUltimoVacaciones,datetime,False,0,False
SiesaContratos,Otras / Integraciones,302,28,fechaUltimaPension,datetime,False,0,False
SiesaContratos,Otras / Integraciones,302,29,fechaUltimaCesantias,datetime,True,0,False
SiesaContratos,Otras / Integraciones,302,30,fechaContratoLey50,int,True,0,False
SiesaContratos,Otras / Integraciones,302,31,salario,money,False,0,False
SiesaContratos,Otras / Integraciones,302,32,salarioAnterior,money,False,0,False
SiesaContratos,Otras / Integraciones,302,33,valorDeducible,money,False,0,False
SiesaContratos,Otras / Integraciones,302,34,valorCesantiasCongeladas,money,False,0,False
SiesaContratos,Otras / Integraciones,302,35,valorCesantiasRetiradas,money,False,0,False
SiesaContratos,Otras / Integraciones,302,36,valorOtrosSalud,money,False,0,False
SiesaContratos,Otras / Integraciones,302,37,valorSaludObligatoria,money,False,0,False
SiesaContratos,Otras / Integraciones,302,38,cantidadHoras,"numeric(9,6)",False,0,False
SiesaContratos,Otras / Integraciones,302,39,pretencion,"numeric(9,6)",False,0,False
SiesaContratos,Otras / Integraciones,302,40,pTiempoLaborado,"numeric(9,6)",False,0,False
SiesaContratos,Otras / Integraciones,302,41,diasPagadosVacaciones,"numeric(9,6)",False,0,False
SiesaContratos,Otras / Integraciones,302,42,personasCargo,smallint,False,0,False
SiesaContratos,Otras / Integraciones,302,43,cuentaBancaria,varchar(20),True,0,False
SiesaContratos,Otras / Integraciones,302,44,formaPago,tinyint,False,0,False
SiesaContratos,Otras / Integraciones,302,45,regimenLaboral,tinyint,False,0,False
SiesaContratos,Otras / Integraciones,302,46,auxilioTraansporte,tinyint,False,0,False
SiesaContratos,Otras / Integraciones,302,47,procedimientoRete,int,False,0,False
SiesaContratos,Otras / Integraciones,302,48,pactoColectivo,int,False,0,False
SiesaContratos,Otras / Integraciones,302,49,deducible,int,True,0,False
SiesaContratos,Otras / Integraciones,302,50,otrosSalud,int,False,0,False
SiesaContratos,Otras / Integraciones,302,51,salarioIntegral,tinyint,False,0,False
SiesaContratos,Otras / Integraciones,302,52,tipoCuenta,tinyint,False,0,False
SiesaContratos,Otras / Integraciones,302,53,claseContrato,tinyint,False,0,False
SiesaContratos,Otras / Integraciones,302,54,terminoContrato,tinyint,False,0,False
SiesaContratos,Otras / Integraciones,302,55,foto,int,True,0,False
SiesaContratos,Otras / Integraciones,302,56,observacion,int,True,0,False
SiesaContratos,Otras / Integraciones,302,57,activo,tinyint,False,0,False
SiesaContratos,Otras / Integraciones,302,58,valorPregagada,int,False,0,False
SiesaContratos,Otras / Integraciones,302,59,valorDependientes,int,False,0,False
SiesaContratos,Otras / Integraciones,302,60,fechaRegistro,datetime,False,0,False
SiesaContratos,Otras / Integraciones,302,61,usuario,varchar(30),False,0,False
SiesaContratos,Otras / Integraciones,302,62,fechaActualizacion,datetime,False,0,False
SiesaContratos,Otras / Integraciones,302,63,usuarioActualizacion,varchar(30),False,0,False
SiesaContratos,Otras / Integraciones,302,64,ley50,int,True,0,False
SiesaContratos,Otras / Integraciones,302,65,centroTrabajo,int,False,0,False
SiesaContratos,Otras / Integraciones,302,66,diasContrato,int,False,0,False
SiesaContratos,Otras / Integraciones,302,67,mSindicato,int,False,0,False
SiesaContratos,Otras / Integraciones,302,68,mFondoEmpleado,int,False,0,False
SiesaContratos,Otras / Integraciones,302,69,entidadFondoEmpleado,int,True,0,False
SiesaContratos,Otras / Integraciones,302,70,entidadSindicato,int,True,0,False
SiesaContratos,Otras / Integraciones,302,71,pFondoEmpleado,int,False,0,False
SiesaContratos,Otras / Integraciones,302,72,pSindicato,int,False,0,False
SiesaContratos,Otras / Integraciones,302,73,subTipoCotizante,int,True,0,False
SiesaContratos,Otras / Integraciones,302,74,entidadSaludAdicional,int,True,0,False
SiesaContratos,Otras / Integraciones,302,75,manejaDestajo,int,False,0,False
SiesaContratos,Otras / Integraciones,302,76,grupoLaborDestajo,int,True,0,False
SiesaContratos,Otras / Integraciones,302,77,cantidadDestajo,int,False,0,False
sLogCorreos,Seguridad y Sistema,0,1,id,int,False,1,True
sLogCorreos,Seguridad y Sistema,0,2,subject,varchar(200),True,0,False
sLogCorreos,Seguridad y Sistema,0,3,body,varchar(MAX),True,0,False
sLogCorreos,Seguridad y Sistema,0,4,estado,varchar(50),True,0,False
sLogNomina,Seguridad y Sistema,326,1,empresa,varchar(50),False,0,False
sLogNomina,Seguridad y Sistema,326,2,id,int,False,0,False
sLogNomina,Seguridad y Sistema,326,3,usuario,varchar(50),False,0,False
sLogNomina,Seguridad y Sistema,326,4,nombreUsuario,varchar(350),False,0,False
sLogNomina,Seguridad y Sistema,326,5,fechaRegistro,datetime,False,0,False
sLogNomina,Seguridad y Sistema,326,6,Tabla,varchar(50),False,0,False
sLogNomina,Seguridad y Sistema,326,7,operacion,varchar(50),False,0,False
sLogNominaDetalle,Seguridad y Sistema,25102,1,empresa,int,False,0,False
sLogNominaDetalle,Seguridad y Sistema,25102,2,id,int,False,0,False
sLogNominaDetalle,Seguridad y Sistema,25102,3,tabla,varchar(150),False,0,False
sLogNominaDetalle,Seguridad y Sistema,25102,4,columna,varchar(250),False,0,False
sLogNominaDetalle,Seguridad y Sistema,25102,5,valorAnt,varchar(8000),True,0,False
sLogNominaDetalle,Seguridad y Sistema,25102,6,valorDes,varchar(8000),True,0,False
sLogNominaDetalle,Seguridad y Sistema,25102,7,usuario,varchar(50),False,0,False
sLogRegistros,Seguridad y Sistema,90856,1,usuario,varchar(50),False,1,False
sLogRegistros,Seguridad y Sistema,90856,2,fecha,datetime,False,1,False
sLogRegistros,Seguridad y Sistema,90856,3,operacion,varchar(50),False,1,False
sLogRegistros,Seguridad y Sistema,90856,4,empresa,int,True,0,False
sLogRegistros,Seguridad y Sistema,90856,5,entidad,varchar(250),False,0,False
sLogRegistros,Seguridad y Sistema,90856,6,estado,char(10),False,0,False
sLogRegistros,Seguridad y Sistema,90856,7,mensajeSistema,varchar(500),True,0,False
sLogRegistros,Seguridad y Sistema,90856,8,ip,varchar(50),True,0,False
sMenu,Seguridad y Sistema,146,1,codigo,varchar(150),False,1,False
sMenu,Seguridad y Sistema,146,2,modulo,varchar(150),False,1,False
sMenu,Seguridad y Sistema,146,3,pagina,varchar(550),False,0,False
sMenu,Seguridad y Sistema,146,4,descripcion,varchar(550),False,0,False
sMenu,Seguridad y Sistema,146,5,activo,bit,False,0,False
sMenus,Seguridad y Sistema,50,1,rowid,int,False,1,False
sMenus,Seguridad y Sistema,50,2,nivel,int,False,0,False
sMenus,Seguridad y Sistema,50,3,id,varchar(50),False,0,False
sMenus,Seguridad y Sistema,50,4,modulo,varchar(50),False,0,False
sMenus,Seguridad y Sistema,50,5,padre,varchar(50),True,0,False
sMenus,Seguridad y Sistema,50,6,pagina,varchar(50),True,0,False
sMenus,Seguridad y Sistema,50,7,nombre,varchar(100),False,0,False
sMenus,Seguridad y Sistema,50,8,mWeb,bit,False,0,False
sMenus,Seguridad y Sistema,50,9,activo,bit,False,0,False
sMenus,Seguridad y Sistema,50,10,usuarioRegistro,varchar(50),False,0,False
sMenus,Seguridad y Sistema,50,11,fechaRegistro,datetime,False,0,False
sMenus,Seguridad y Sistema,50,12,usuarioModificacion,varchar(50),True,0,False
sMenus,Seguridad y Sistema,50,13,fechaModificacion,datetime,True,0,False
sMenusOperaciones,Seguridad y Sistema,276,1,rowid,int,False,1,False
sMenusOperaciones,Seguridad y Sistema,276,2,operacion,varchar(50),False,1,False
sModulos,Seguridad y Sistema,7,1,codigo,varchar(150),False,1,False
sModulos,Seguridad y Sistema,7,2,descripcion,varchar(250),False,0,False
sModulos,Seguridad y Sistema,7,3,dirUrl,varchar(950),False,0,False
sModulos,Seguridad y Sistema,7,4,imagen,varchar(950),False,0,False
sModulos,Seguridad y Sistema,7,5,orden,int,False,0,False
sModulos,Seguridad y Sistema,7,6,activo,bit,False,0,False
sModulos,Seguridad y Sistema,7,7,urlFormatos,varchar(250),True,0,False
sModulos,Seguridad y Sistema,7,8,urlReportes,varchar(250),True,0,False
sModulos,Seguridad y Sistema,7,9,formula,bit,True,0,False
sOperaciones,Seguridad y Sistema,7,1,codigo,varchar(50),False,1,False
sOperaciones,Seguridad y Sistema,7,2,descripcion,varchar(150),False,0,False
sOperaciones,Seguridad y Sistema,7,3,activo,bit,False,0,False
sPerfiles,Seguridad y Sistema,3,1,codigo,varchar(50),False,1,False
sPerfiles,Seguridad y Sistema,3,2,descripcion,varchar(550),False,0,False
sPerfiles,Seguridad y Sistema,3,3,activo,bit,False,0,False
sPerfilPermisos,Seguridad y Sistema,466,1,empresa,int,False,1,False
sPerfilPermisos,Seguridad y Sistema,466,2,perfil,varchar(50),False,1,False
sPerfilPermisos,Seguridad y Sistema,466,3,sitio,varchar(150),False,1,False
sPerfilPermisos,Seguridad y Sistema,466,4,menu,varchar(150),False,1,False
sPerfilPermisos,Seguridad y Sistema,466,5,operacion,varchar(50),False,1,False
sPerfilPermisos,Seguridad y Sistema,466,6,activo,bit,False,0,False
sReplicacion,Seguridad y Sistema,34,1,id,int,False,1,True
sReplicacion,Seguridad y Sistema,34,2,empresaA,int,False,0,False
sReplicacion,Seguridad y Sistema,34,3,empresaB,int,False,0,False
sReplicacion,Seguridad y Sistema,34,4,tabla,varchar(50),False,0,False
sReplicacion,Seguridad y Sistema,34,5,noRegistro,int,False,0,False
sReplicacion,Seguridad y Sistema,34,6,usuario,varchar(50),False,0,False
sReplicacion,Seguridad y Sistema,34,7,fechaRegistro,datetime,False,0,False
sUsuarioPerfiles,Seguridad y Sistema,10,1,empresa,int,False,1,False
sUsuarioPerfiles,Seguridad y Sistema,10,2,usuario,varchar(50),False,1,False
sUsuarioPerfiles,Seguridad y Sistema,10,3,perfil,varchar(50),False,0,False
sUsuarioPerfiles,Seguridad y Sistema,10,4,activo,bit,False,0,False
sUsuarios,Seguridad y Sistema,12,1,usuario,varchar(50),False,1,False
sUsuarios,Seguridad y Sistema,12,3,descripcion,varchar(250),False,0,False
sUsuarios,Seguridad y Sistema,12,4,clave,varbinary(250),False,0,False
sUsuarios,Seguridad y Sistema,12,5,activo,bit,False,0,False
sUsuarios,Seguridad y Sistema,12,6,fechaRegistro,datetime,False,0,False
sUsuarios,Seguridad y Sistema,12,7,email,varchar(250),False,0,False
sysdiagrams,Metadatos de Sistema (motor dinamico),11,1,name,sysname,False,0,False
sysdiagrams,Metadatos de Sistema (motor dinamico),11,2,principal_id,int,False,0,False
sysdiagrams,Metadatos de Sistema (motor dinamico),11,3,diagram_id,int,False,1,True
sysdiagrams,Metadatos de Sistema (motor dinamico),11,4,version,int,True,0,False
sysdiagrams,Metadatos de Sistema (motor dinamico),11,5,definition,varbinary(MAX),True,0,False
sysEntidadCampo,Metadatos de Sistema (motor dinamico),82,1,entidad,varchar(250),False,1,False
sysEntidadCampo,Metadatos de Sistema (motor dinamico),82,2,campo,varchar(250),False,1,False
sysEntidadMetodos,Metadatos de Sistema (motor dinamico),197,1,entidad,varchar(250),False,1,False
sysEntidadMetodos,Metadatos de Sistema (motor dinamico),197,2,dBase,varchar(250),False,1,False
sysEntidadMetodos,Metadatos de Sistema (motor dinamico),197,3,metodoGet,varchar(250),True,0,False
sysEntidadMetodos,Metadatos de Sistema (motor dinamico),197,4,metodoInsert,varchar(250),True,0,False
sysEntidadMetodos,Metadatos de Sistema (motor dinamico),197,5,metodoUpdate,varchar(250),True,0,False
sysEntidadMetodos,Metadatos de Sistema (motor dinamico),197,6,metodoDelete,varchar(250),True,0,False
sysEntidadMetodos,Metadatos de Sistema (motor dinamico),197,7,metodoGetKey,varchar(250),True,0,False
tmpAcumulado,Temporales / Staging de procesos batch,18,1,cc,varchar(50),True,0,False
tmpAcumulado,Temporales / Staging de procesos batch,18,2,nombre,varchar(550),True,0,False
tmpAcumulado,Temporales / Staging de procesos batch,18,3,valor,float,True,0,False
tmpDescuentaAgro,Temporales / Staging de procesos batch,0,1,empresa,int,True,0,False
tmpDescuentaAgro,Temporales / Staging de procesos batch,0,2,concepto,varchar(50),True,0,False
tmpDescuentaAgro,Temporales / Staging de procesos batch,0,3,valortotal,float,True,0,False
tmpLiquidacionCesantia,Temporales / Staging de procesos batch,0,1,empresa,int,False,1,False
tmpLiquidacionCesantia,Temporales / Staging de procesos batch,0,2,tercero,int,False,1,False
tmpLiquidacionCesantia,Temporales / Staging de procesos batch,0,3,año,int,True,0,False
tmpLiquidacionCesantia,Temporales / Staging de procesos batch,0,4,fechaInicial,date,True,0,False
tmpLiquidacionCesantia,Temporales / Staging de procesos batch,0,5,fechaFinal,date,True,0,False
tmpLiquidacionCesantia,Temporales / Staging de procesos batch,0,6,fechaIngreso,date,True,0,False
tmpLiquidacionCesantia,Temporales / Staging de procesos batch,0,7,basico,int,True,0,False
tmpLiquidacionCesantia,Temporales / Staging de procesos batch,0,8,valorTransporte,int,True,0,False
tmpLiquidacionCesantia,Temporales / Staging de procesos batch,0,9,valorPromedio,int,True,0,False
tmpLiquidacionCesantia,Temporales / Staging de procesos batch,0,10,base,int,True,0,False
tmpLiquidacionCesantia,Temporales / Staging de procesos batch,0,11,diasPromedio,int,True,0,False
tmpLiquidacionCesantia,Temporales / Staging de procesos batch,0,12,diasCesantia,int,True,0,False
tmpLiquidacionCesantia,Temporales / Staging de procesos batch,0,13,valorCesantia,int,True,0,False
tmpLiquidacionCesantia,Temporales / Staging de procesos batch,0,14,valorInteresCesantia,int,True,0,False
tmpLiquidacionCesantia,Temporales / Staging de procesos batch,0,15,contrato,int,True,0,False
tmpLiquidacionHoras,Temporales / Staging de procesos batch,1,1,empresa,int,True,0,False
tmpLiquidacionHoras,Temporales / Staging de procesos batch,1,2,fechaP,date,True,0,False
tmpLiquidacionHoras,Temporales / Staging de procesos batch,1,3,funcionario,varchar(50),True,0,False
tmpLiquidacionHoras,Temporales / Staging de procesos batch,1,4,hTurno,float,True,0,False
tmpLiquidacionHoras,Temporales / Staging de procesos batch,1,5,nExtra,float,True,0,False
tmpLiquidacionHoras,Temporales / Staging de procesos batch,1,6,horaEntrada,datetime,True,0,False
tmpLiquidacionHoras,Temporales / Staging de procesos batch,1,7,horaSalida,datetime,True,0,False
tmpLiquidacionHoras,Temporales / Staging de procesos batch,1,8,HED,float,True,0,False
tmpLiquidacionHoras,Temporales / Staging de procesos batch,1,9,HEN,float,True,0,False
tmpLiquidacionHoras,Temporales / Staging de procesos batch,1,10,RN,float,True,0,False
tmpLiquidacionHoras,Temporales / Staging de procesos batch,1,11,HD,float,True,0,False
tmpLiquidacionHoras,Temporales / Staging de procesos batch,1,12,HEDD,float,True,0,False
tmpLiquidacionHoras,Temporales / Staging de procesos batch,1,13,HEND,float,True,0,False
tmpLiquidacionHoras,Temporales / Staging de procesos batch,1,14,RND,float,True,0,False
tmpLiquidacionHoras,Temporales / Staging de procesos batch,1,15,HF,float,True,0,False
tmpLiquidacionHoras,Temporales / Staging de procesos batch,1,16,HEDF,float,True,0,False
tmpLiquidacionHoras,Temporales / Staging de procesos batch,1,17,HENF,float,True,0,False
tmpLiquidacionHoras,Temporales / Staging de procesos batch,1,18,RNF,float,True,0,False
tmpLiquidacionHoras,Temporales / Staging de procesos batch,1,19,HTL,float,True,0,False
tmpLiquidacionHoras,Temporales / Staging de procesos batch,1,20,CodTurno,varchar(50),True,0,False
tmpLiquidacionHoras,Temporales / Staging de procesos batch,1,21,cuadrilla,varchar(50),True,0,False
tmpliquidacionNomina,Temporales / Staging de procesos batch,112,1,empresa,int,True,0,False
tmpliquidacionNomina,Temporales / Staging de procesos batch,112,2,tercero,varchar(50),True,0,False
tmpliquidacionNomina,Temporales / Staging de procesos batch,112,3,ccosto,varchar(50),True,0,False
tmpliquidacionNomina,Temporales / Staging de procesos batch,112,4,fecha,date,True,0,False
tmpliquidacionNomina,Temporales / Staging de procesos batch,112,5,departamento,varchar(50),True,0,False
tmpliquidacionNomina,Temporales / Staging de procesos batch,112,6,concepto,varchar(50),True,0,False
tmpliquidacionNomina,Temporales / Staging de procesos batch,112,7,año,int,True,0,False
tmpliquidacionNomina,Temporales / Staging de procesos batch,112,8,mes,int,True,0,False
tmpliquidacionNomina,Temporales / Staging de procesos batch,112,9,noPeriodo,int,True,0,False
tmpliquidacionNomina,Temporales / Staging de procesos batch,112,10,cantidad,float,True,0,False
tmpliquidacionNomina,Temporales / Staging de procesos batch,112,11,porcentaje,float,True,0,False
tmpliquidacionNomina,Temporales / Staging de procesos batch,112,12,valorUnitario,float,True,0,False
tmpliquidacionNomina,Temporales / Staging de procesos batch,112,13,valorTotal,float,True,0,False
tmpliquidacionNomina,Temporales / Staging de procesos batch,112,14,signo,int,True,0,False
tmpliquidacionNomina,Temporales / Staging de procesos batch,112,15,saldo,float,True,0,False
tmpliquidacionNomina,Temporales / Staging de procesos batch,112,16,noDias,float,True,0,False
tmpliquidacionNomina,Temporales / Staging de procesos batch,112,17,fechaInical,date,True,0,False
tmpliquidacionNomina,Temporales / Staging de procesos batch,112,18,fechaFinal,date,True,0,False
tmpliquidacionNomina,Temporales / Staging de procesos batch,112,19,baseSeguridadSocial,bit,True,0,False
tmpliquidacionNomina,Temporales / Staging de procesos batch,112,20,baseEmbargos,bit,True,0,False
tmpliquidacionNomina,Temporales / Staging de procesos batch,112,21,entidad,varchar(50),True,0,False
tmpliquidacionNomina,Temporales / Staging de procesos batch,112,22,cantidadPadelma,float,True,0,False
tmpliquidacionNomina,Temporales / Staging de procesos batch,112,23,valorPadelma,float,True,0,False
tmpliquidacionNomina,Temporales / Staging de procesos batch,112,24,noContrato,int,True,0,False
tmpliquidacionNomina,Temporales / Staging de procesos batch,112,25,noPrestamo,varchar(50),True,0,False
tmpliquidacionNomina,Temporales / Staging de procesos batch,112,26,tipoConcepto,varchar(50),True,0,False
tmpliquidacionNomina,Temporales / Staging de procesos batch,112,27,desTipoConcepto,varchar(200),True,0,False
tmpLiquidacionNominaDatos,Temporales / Staging de procesos batch,0,1,empresa,int,False,1,False
tmpLiquidacionNominaDatos,Temporales / Staging de procesos batch,0,2,año,int,False,1,False
tmpLiquidacionNominaDatos,Temporales / Staging de procesos batch,0,3,mes,int,False,1,False
tmpLiquidacionNominaDatos,Temporales / Staging de procesos batch,0,4,periodo,int,False,1,False
tmpLiquidacionNominaDatos,Temporales / Staging de procesos batch,0,5,tercero,int,False,1,False
tmpLiquidacionNominaDatos,Temporales / Staging de procesos batch,0,6,noContrato,int,True,0,False
tmpLiquidacionNominaDatos,Temporales / Staging de procesos batch,0,7,sueldo,float,True,0,False
tmpLiquidacionNominaDatos,Temporales / Staging de procesos batch,0,8,entidadEps,varchar(50),True,0,False
tmpLiquidacionNominaDatos,Temporales / Staging de procesos batch,0,9,entidadPension,varchar(50),True,0,False
tmpLiquidacionNominaDatos,Temporales / Staging de procesos batch,0,10,entidadCesantias,varchar(50),True,0,False
tmpLiquidacionNominaDatos,Temporales / Staging de procesos batch,0,11,entidadArp,varchar(50),True,0,False
tmpLiquidacionNominaDatos,Temporales / Staging de procesos batch,0,12,entidadCaja,varchar(50),True,0,False
tmpLiquidacionNominaDatos,Temporales / Staging de procesos batch,0,13,entidadSena,varchar(50),True,0,False
tmpLiquidacionNominaDatos,Temporales / Staging de procesos batch,0,14,entidadIcbf,varchar(50),True,0,False
tmpLiquidacionNominaDatos,Temporales / Staging de procesos batch,0,16,cargo,varchar(50),True,0,False
tmpliquidacionNominaVacaciones,Temporales / Staging de procesos batch,445,1,empresa,int,True,0,False
tmpliquidacionNominaVacaciones,Temporales / Staging de procesos batch,445,2,tercero,varchar(50),True,0,False
tmpliquidacionNominaVacaciones,Temporales / Staging de procesos batch,445,3,ccosto,varchar(50),True,0,False
tmpliquidacionNominaVacaciones,Temporales / Staging de procesos batch,445,4,fecha,date,True,0,False
tmpliquidacionNominaVacaciones,Temporales / Staging de procesos batch,445,5,departamento,varchar(50),True,0,False
tmpliquidacionNominaVacaciones,Temporales / Staging de procesos batch,445,6,concepto,varchar(50),True,0,False
tmpliquidacionNominaVacaciones,Temporales / Staging de procesos batch,445,7,año,int,True,0,False
tmpliquidacionNominaVacaciones,Temporales / Staging de procesos batch,445,8,mes,int,True,0,False
tmpliquidacionNominaVacaciones,Temporales / Staging de procesos batch,445,9,noPeriodo,int,True,0,False
tmpliquidacionNominaVacaciones,Temporales / Staging de procesos batch,445,10,cantidad,"decimal(18,3)",True,0,False
tmpliquidacionNominaVacaciones,Temporales / Staging de procesos batch,445,11,porcentaje,"decimal(18,3)",True,0,False
tmpliquidacionNominaVacaciones,Temporales / Staging de procesos batch,445,12,valorUnitario,money,True,0,False
tmpliquidacionNominaVacaciones,Temporales / Staging de procesos batch,445,13,valorTotal,money,True,0,False
tmpliquidacionNominaVacaciones,Temporales / Staging de procesos batch,445,14,signo,int,True,0,False
tmpliquidacionNominaVacaciones,Temporales / Staging de procesos batch,445,15,saldo,money,True,0,False
tmpliquidacionNominaVacaciones,Temporales / Staging de procesos batch,445,16,noDias,int,True,0,False
tmpliquidacionNominaVacaciones,Temporales / Staging de procesos batch,445,17,fechaInical,date,True,0,False
tmpliquidacionNominaVacaciones,Temporales / Staging de procesos batch,445,18,fechaFinal,date,True,0,False
tmpliquidacionNominaVacaciones,Temporales / Staging de procesos batch,445,19,baseSeguridadSocial,bit,True,0,False
tmpliquidacionNominaVacaciones,Temporales / Staging de procesos batch,445,20,baseEmbargos,bit,True,0,False
tmpliquidacionNominaVacaciones,Temporales / Staging de procesos batch,445,21,entidad,varchar(50),True,0,False
tmpliquidacionNominaVacaciones,Temporales / Staging de procesos batch,445,22,noPrestamo,varchar(50),True,0,False
tmpliquidacionNominaVacaciones,Temporales / Staging de procesos batch,445,23,codEmbargo,varchar(50),True,0,False
tmpLiquidacionPepa,Temporales / Staging de procesos batch,2953,1,empresa,int,False,0,False
tmpLiquidacionPepa,Temporales / Staging de procesos batch,2953,2,año,int,False,0,False
tmpLiquidacionPepa,Temporales / Staging de procesos batch,2953,3,mes,int,False,0,False
tmpLiquidacionPepa,Temporales / Staging de procesos batch,2953,4,novedad,varchar(50),False,0,False
tmpLiquidacionPepa,Temporales / Staging de procesos batch,2953,5,registro,int,False,0,False
tmpLiquidacionPepa,Temporales / Staging de procesos batch,2953,6,finca,varchar(50),True,0,False
tmpLiquidacionPepa,Temporales / Staging de procesos batch,2953,7,seccion,varchar(50),True,0,False
tmpLiquidacionPepa,Temporales / Staging de procesos batch,2953,8,lote,varchar(50),True,0,False
tmpLiquidacionPepa,Temporales / Staging de procesos batch,2953,9,tercero,int,False,0,False
tmpLiquidacionPepa,Temporales / Staging de procesos batch,2953,10,cantidad,"decimal(18,2)",False,0,False
tmpLiquidacionPepa,Temporales / Staging de procesos batch,2953,11,jornales,"decimal(18,2)",False,0,False
tmpLiquidacionPepa,Temporales / Staging de procesos batch,2953,12,saldo,"decimal(18,2)",False,0,False
tmpLiquidacionPepa,Temporales / Staging de procesos batch,2953,13,ejecutado,bit,False,0,False
tmpLiquidacionPepa,Temporales / Staging de procesos batch,2953,14,zCuadrilla,varchar(50),True,0,False
tmpLiquidacionPepa,Temporales / Staging de procesos batch,2953,15,precioLabor,money,True,0,False
tmpLiquidacionPepa,Temporales / Staging de procesos batch,2953,16,valorTotal,int,True,0,False
tmpLiquidacionPepa,Temporales / Staging de procesos batch,2953,17,ccosto,varchar(50),True,0,False
tmpLiquidacionPepa,Temporales / Staging de procesos batch,2953,18,contrato,int,True,0,False
tmpLiquidacionPepa,Temporales / Staging de procesos batch,2953,19,periodo,int,True,0,False
tmpLiquidacionPepa,Temporales / Staging de procesos batch,2953,20,contratista,bit,True,0,False
tmpLiquidacionPepa,Temporales / Staging de procesos batch,2953,21,proveedor,varchar(50),True,0,False
tmpLiquidacionPepa,Temporales / Staging de procesos batch,2953,22,fechaInicial,date,True,0,False
tmpLiquidacionPepa,Temporales / Staging de procesos batch,2953,23,fechaFinal,date,True,0,False
tmpLiquidacionPepa,Temporales / Staging de procesos batch,2953,24,fecha,date,True,0,False
tmpLiquidacionPepa,Temporales / Staging de procesos batch,2953,25,novedadBase,varchar(50),True,0,False
tmpLiquidacionPepa,Temporales / Staging de procesos batch,2953,26,cantidadBase,float,True,0,False
tmpLiquidacionPepa,Temporales / Staging de procesos batch,2953,27,precioBase,float,True,0,False
tmpLiquidacionPepa,Temporales / Staging de procesos batch,2953,28,valorTotalBase,float,True,0,False
tmpLiquidacionPepa,Temporales / Staging de procesos batch,2953,29,tipo,varchar(50),True,0,False
tmpLiquidacionPepa,Temporales / Staging de procesos batch,2953,30,numero,varchar(50),True,0,False
tmpLiquidacionPrima,Temporales / Staging de procesos batch,30,1,empresa,int,False,1,False
tmpLiquidacionPrima,Temporales / Staging de procesos batch,30,2,tercero,int,False,1,False
tmpLiquidacionPrima,Temporales / Staging de procesos batch,30,3,añoInicial,int,True,0,False
tmpLiquidacionPrima,Temporales / Staging de procesos batch,30,4,añoFinal,int,True,0,False
tmpLiquidacionPrima,Temporales / Staging de procesos batch,30,5,periodoInicial,int,True,0,False
tmpLiquidacionPrima,Temporales / Staging de procesos batch,30,6,periodoFinal,int,True,0,False
tmpLiquidacionPrima,Temporales / Staging de procesos batch,30,7,fechaInicial,date,True,0,False
tmpLiquidacionPrima,Temporales / Staging de procesos batch,30,8,fechaFinal,date,True,0,False
tmpLiquidacionPrima,Temporales / Staging de procesos batch,30,9,fechaIngreso,date,True,0,False
tmpLiquidacionPrima,Temporales / Staging de procesos batch,30,10,basico,int,True,0,False
tmpLiquidacionPrima,Temporales / Staging de procesos batch,30,11,valorTransporte,int,True,0,False
tmpLiquidacionPrima,Temporales / Staging de procesos batch,30,12,valorPromedio,int,True,0,False
tmpLiquidacionPrima,Temporales / Staging de procesos batch,30,13,base,int,True,0,False
tmpLiquidacionPrima,Temporales / Staging de procesos batch,30,14,diasPromedio,int,True,0,False
tmpLiquidacionPrima,Temporales / Staging de procesos batch,30,15,diasPrimas,int,True,0,False
tmpLiquidacionPrima,Temporales / Staging de procesos batch,30,16,valorPrima,int,True,0,False
tmpLiquidacionPrima,Temporales / Staging de procesos batch,30,17,contrato,int,True,0,False
tmpLiquidacionPrimaConcepto,Temporales / Staging de procesos batch,408,1,empresa,int,False,1,False
tmpLiquidacionPrimaConcepto,Temporales / Staging de procesos batch,408,2,tercero,int,False,1,False
tmpLiquidacionPrimaConcepto,Temporales / Staging de procesos batch,408,3,concepto,varchar(50),False,1,False
tmpLiquidacionPrimaConcepto,Temporales / Staging de procesos batch,408,4,añoInicial,int,True,0,False
tmpLiquidacionPrimaConcepto,Temporales / Staging de procesos batch,408,5,añoFinal,int,True,0,False
tmpLiquidacionPrimaConcepto,Temporales / Staging de procesos batch,408,6,periodoInicial,int,True,0,False
tmpLiquidacionPrimaConcepto,Temporales / Staging de procesos batch,408,7,periodoFinal,int,True,0,False
tmpLiquidacionPrimaConcepto,Temporales / Staging de procesos batch,408,8,fechaInicial,date,True,0,False
tmpLiquidacionPrimaConcepto,Temporales / Staging de procesos batch,408,9,fechaFinal,date,True,0,False
tmpLiquidacionPrimaConcepto,Temporales / Staging de procesos batch,408,10,fechaIngreso,date,True,0,False
tmpLiquidacionPrimaConcepto,Temporales / Staging de procesos batch,408,11,basico,int,True,0,False
tmpLiquidacionPrimaConcepto,Temporales / Staging de procesos batch,408,12,valorTransporte,int,True,0,False
tmpLiquidacionPrimaConcepto,Temporales / Staging de procesos batch,408,13,valorPromedio,int,True,0,False
tmpLiquidacionPrimaConcepto,Temporales / Staging de procesos batch,408,14,base,int,True,0,False
tmpLiquidacionPrimaConcepto,Temporales / Staging de procesos batch,408,15,diasPromedio,int,True,0,False
tmpLiquidacionPrimaConcepto,Temporales / Staging de procesos batch,408,16,diasPrimas,int,True,0,False
tmpLiquidacionPrimaConcepto,Temporales / Staging de procesos batch,408,17,valorPrima,int,True,0,False
tmpLiquidacionPrimaConcepto,Temporales / Staging de procesos batch,408,18,contrato,int,True,0,False
tmpNovedadesDetalle,Temporales / Staging de procesos batch,10127,1,empresa,int,False,1,False
tmpNovedadesDetalle,Temporales / Staging de procesos batch,10127,2,tipo,varchar(50),False,1,False
tmpNovedadesDetalle,Temporales / Staging de procesos batch,10127,3,numero,varchar(50),False,1,False
tmpNovedadesDetalle,Temporales / Staging de procesos batch,10127,4,registro,int,False,1,False
tmpNovedadesDetalle,Temporales / Staging de procesos batch,10127,5,concepto,varchar(50),True,0,False
tmpNovedadesDetalle,Temporales / Staging de procesos batch,10127,6,empleado,varchar(50),True,0,False
tmpNovedadesDetalle,Temporales / Staging de procesos batch,10127,7,cantidad,"decimal(18,3)",False,0,False
tmpNovedadesDetalle,Temporales / Staging de procesos batch,10127,8,valor,money,False,0,False
tmpNovedadesDetalle,Temporales / Staging de procesos batch,10127,9,añoInicial,int,False,0,False
tmpNovedadesDetalle,Temporales / Staging de procesos batch,10127,10,periodoInicial,int,False,0,False
tmpNovedadesDetalle,Temporales / Staging de procesos batch,10127,11,periodoFinal,int,False,0,False
tmpNovedadesDetalle,Temporales / Staging de procesos batch,10127,12,frecuencia,int,False,0,False
tmpNovedadesDetalle,Temporales / Staging de procesos batch,10127,13,detalle,varchar(250),False,0,False
tmpNovedadesDetalle,Temporales / Staging de procesos batch,10127,14,ultimoPeriodoLiquidado,int,True,0,False
tmpNovedadesDetalle,Temporales / Staging de procesos batch,10127,15,ultimoPeriodoFrecuencia,int,True,0,False
tmpNovedadesDetalle,Temporales / Staging de procesos batch,10127,16,liquidada,bit,True,0,False
tmpNovedadesDetalle,Temporales / Staging de procesos batch,10127,17,anulado,bit,True,0,False
tmpNovedadesDetalle,Temporales / Staging de procesos batch,10127,18,añoFinal,int,True,0,False
tmpNovedadesDetalle,Temporales / Staging de procesos batch,10127,19,ccosto,varchar(50),True,0,False
tmpNovedadesDetalle,Temporales / Staging de procesos batch,10127,20,contrato,int,True,0,False
tmpPrestamoDetalle,Temporales / Staging de procesos batch,220,1,empresa,int,False,1,False
tmpPrestamoDetalle,Temporales / Staging de procesos batch,220,2,codigo,varchar(50),False,1,False
tmpPrestamoDetalle,Temporales / Staging de procesos batch,220,3,registroCuota,int,False,1,False
tmpPrestamoDetalle,Temporales / Staging de procesos batch,220,4,inicial,money,False,0,False
tmpPrestamoDetalle,Temporales / Staging de procesos batch,220,5,interes,money,False,0,False
tmpPrestamoDetalle,Temporales / Staging de procesos batch,220,6,amortizacion,money,False,0,False
tmpPrestamoDetalle,Temporales / Staging de procesos batch,220,7,valorCuota,money,False,0,False
tmpPrestamoDetalle,Temporales / Staging de procesos batch,220,8,final,money,False,0,False
tmpPrestamoDetalle,Temporales / Staging de procesos batch,220,9,pagado,bit,False,0,False
tmpPrestamoDetalle,Temporales / Staging de procesos batch,220,10,valorPagado,money,True,0,False
tmpPrestamoDetalle,Temporales / Staging de procesos batch,220,11,añoPagado,int,True,0,False
tmpPrestamoDetalle,Temporales / Staging de procesos batch,220,12,periodoPagado,int,True,0,False
tmpPrestamoDetalle,Temporales / Staging de procesos batch,220,13,usuarioPagado,varchar(50),True,0,False
tmpPrestamoDetalle,Temporales / Staging de procesos batch,220,14,fechaPagado,datetime,True,0,False
tmpprovisional,Temporales / Staging de procesos batch,80,1,codigo,varchar(50),True,0,False
tmpprovisional,Temporales / Staging de procesos batch,80,2,codigo2,varchar(50),True,0,False
tmpVacaciones,Temporales / Staging de procesos batch,166,1,empresa,int,True,0,False
tmpVacaciones,Temporales / Staging de procesos batch,166,2,tercero,int,True,0,False
tmpVacaciones,Temporales / Staging de procesos batch,166,3,fechaCorte,date,True,0,False
tmpVacaciones,Temporales / Staging de procesos batch,166,4,fechaIngreso,date,True,0,False
tmpVacaciones,Temporales / Staging de procesos batch,166,5,fechaUltimaVacacion,date,True,0,False
tmpVacaciones,Temporales / Staging de procesos batch,166,6,dias,float,True,0,False
tmpVacaciones,Temporales / Staging de procesos batch,166,7,diasVaca,float,True,0,False
tmpVacaciones,Temporales / Staging de procesos batch,166,8,valor,float,True,0,False
tmpVacaciones,Temporales / Staging de procesos batch,166,9,contrato,int,True,0,False
tmpVacaciones,Temporales / Staging de procesos batch,166,10,sueldo,float,True,0,False
tmpVenceContrato,Temporales / Staging de procesos batch,189,1,tercero,int,True,0,False
tmpVenceContrato,Temporales / Staging de procesos batch,189,2,codTercero,varchar(50),True,0,False
tmpVenceContrato,Temporales / Staging de procesos batch,189,3,nombretercero,varchar(250),True,0,False
tmpVenceContrato,Temporales / Staging de procesos batch,189,4,fechaIngreso,date,True,0,False
tmpVenceContrato,Temporales / Staging de procesos batch,189,5,diasContrato,int,True,0,False
tmpVenceContrato,Temporales / Staging de procesos batch,189,6,fechaTerminacion,date,True,0,False
tmpVenceContrato,Temporales / Staging de procesos batch,189,7,prorroga1,date,True,0,False
tmpVenceContrato,Temporales / Staging de procesos batch,189,8,prorroga2,date,True,0,False
tmpVenceContrato,Temporales / Staging de procesos batch,189,9,prorroga3,date,True,0,False
tmpVenceContrato,Temporales / Staging de procesos batch,189,10,fechaPreaviso,date,True,0,False
tmpVenceContrato,Temporales / Staging de procesos batch,189,11,diasAviso,int,True,0,False
tmpVenceContrato,Temporales / Staging de procesos batch,189,12,noContrato,int,True,0,False
tmpVenceContrato,Temporales / Staging de procesos batch,189,13,nombreClaseContrato,varchar(550),True,0,False
tmpVenceContrato,Temporales / Staging de procesos batch,189,14,empresa,int,True,0,False
Zeus®ImportarArchivo,Otras / Integraciones,225,1,IDEN,"numeric(18,0)",False,0,True
Zeus®ImportarArchivo,Otras / Integraciones,225,2,SpId,int,False,0,False
Zeus®ImportarArchivo,Otras / Integraciones,225,3,Col1,varchar(8000),True,0,False
Zeus®ImportarArchivo,Otras / Integraciones,225,4,Col2,varchar(8000),True,0,False
Zeus®ImportarArchivo,Otras / Integraciones,225,5,Col3,varchar(8000),True,0,False
Zeus®ImportarArchivo,Otras / Integraciones,225,6,Col4,varchar(8000),True,0,False
Zeus®ImportarArchivo,Otras / Integraciones,225,7,Col5,varchar(8000),True,0,False
Zeus®ImportarArchivo,Otras / Integraciones,225,8,Col6,varchar(8000),True,0,False
Zeus®ImportarArchivo,Otras / Integraciones,225,9,Col7,varchar(8000),True,0,False
Zeus®ImportarArchivo,Otras / Integraciones,225,10,Col8,varchar(8000),True,0,False
Zeus®ImportarArchivo,Otras / Integraciones,225,11,Col9,varchar(8000),True,0,False
Zeus®ImportarArchivo,Otras / Integraciones,225,12,Col10,varchar(8000),True,0,False
Zeus®ImportarArchivo,Otras / Integraciones,225,13,Col11,varchar(8000),True,0,False
Zeus®ImportarArchivo,Otras / Integraciones,225,14,Col12,varchar(8000),True,0,False
Zeus®ImportarArchivo,Otras / Integraciones,225,15,Col13,float,True,0,False
Zeus®ImportarArchivo,Otras / Integraciones,225,16,Col14,varchar(8000),True,0,False
Zeus®ImportarArchivo,Otras / Integraciones,225,17,Col15,varchar(8000),True,0,False
Zeus®ImportarArchivo,Otras / Integraciones,225,18,Col16,varchar(8000),True,0,False
Zeus®ImportarArchivo,Otras / Integraciones,225,19,Col17,varchar(8000),True,0,False
Zeus®ImportarArchivo,Otras / Integraciones,225,20,Col18,varchar(8000),True,0,False
Zeus®ImportarArchivo,Otras / Integraciones,225,21,Col19,varchar(8000),True,0,False
Zeus®ImportarArchivo,Otras / Integraciones,225,22,Col20,varchar(8000),True,0,False
Zeus®ImportarArchivo,Otras / Integraciones,225,23,Col21,varchar(8000),True,0,False
Zeus®ImportarArchivo,Otras / Integraciones,225,24,Col22,varchar(8000),True,0,False
Zeus®ImportarArchivo,Otras / Integraciones,225,25,Col23,varchar(8000),True,0,False
Zeus®ImportarArchivo,Otras / Integraciones,225,26,Col24,varchar(8000),True,0,False
Zeus®ImportarArchivo,Otras / Integraciones,225,27,Col25,varchar(8000),True,0,False
Zeus®ImportarArchivo,Otras / Integraciones,225,28,Col26,varchar(8000),True,0,False
Zeus®ImportarArchivo,Otras / Integraciones,225,29,Col27,varchar(8000),True,0,False
Zeus®ImportarArchivo,Otras / Integraciones,225,30,Col28,varchar(8000),True,0,False
Zeus®ImportarArchivo,Otras / Integraciones,225,31,Col29,varchar(8000),True,0,False
Zeus®ImportarArchivo,Otras / Integraciones,225,32,Col30,varchar(8000),True,0,False
Zeus®ImportarArchivo,Otras / Integraciones,225,33,Col31,varchar(8000),True,0,False
Zeus®ImportarArchivo,Otras / Integraciones,225,34,Col32,varchar(8000),True,0,False
Zeus®ImportarArchivo,Otras / Integraciones,225,35,Col33,varchar(8000),True,0,False
Zeus®ImportarArchivo,Otras / Integraciones,225,36,Col34,varchar(8000),True,0,False
Zeus®ImportarArchivo,Otras / Integraciones,225,37,Col35,varchar(8000),True,0,False
Zeus®ImportarArchivo,Otras / Integraciones,225,38,Col36,varchar(8000),True,0,False
Zeus®ImportarArchivo,Otras / Integraciones,225,39,Col37,varchar(8000),True,0,False
Zeus®ImportarArchivo,Otras / Integraciones,225,40,Col38,varchar(8000),True,0,False
Zeus®ImportarArchivo,Otras / Integraciones,225,41,Col39,varchar(8000),True,0,False
Zeus®ImportarArchivo,Otras / Integraciones,225,42,Col40,varchar(8000),True,0,False
Zeus®ImportarArchivo,Otras / Integraciones,225,43,Col41,varchar(8000),True,0,False
Zeus®ImportarArchivo,Otras / Integraciones,225,44,Col42,varchar(8000),True,0,False
Zeus®ImportarArchivo,Otras / Integraciones,225,45,Col43,varchar(8000),True,0,False
Zeus®ImportarArchivo,Otras / Integraciones,225,46,Col44,varchar(8000),True,0,False
Zeus®ImportarArchivo,Otras / Integraciones,225,47,Col45,varchar(8000),True,0,False
Zeus®ImportarArchivo,Otras / Integraciones,225,48,Col46,varchar(8000),True,0,False
Zeus®ImportarArchivo,Otras / Integraciones,225,49,Col47,varchar(8000),True,0,False
Zeus®ImportarArchivo,Otras / Integraciones,225,50,Col48,varchar(8000),True,0,False
Zeus®ImportarArchivo,Otras / Integraciones,225,51,Col49,varchar(8000),True,0,False
Zeus®ImportarArchivo,Otras / Integraciones,225,52,Col50,varchar(8000),True,0,False
Zeus®ImportarArchivo,Otras / Integraciones,225,53,Col51,varchar(8000),True,0,False
Zeus®ImportarArchivo,Otras / Integraciones,225,54,Col52,varchar(8000),True,0,False
Zeus®ImportarArchivo,Otras / Integraciones,225,55,Col53,varchar(8000),True,0,False
Zeus®ImportarArchivo,Otras / Integraciones,225,56,Col54,varchar(8000),True,0,False
Zeus®ImportarArchivo,Otras / Integraciones,225,57,Col55,varchar(8000),True,0,False
Zeus®ImportarArchivo,Otras / Integraciones,225,58,Col56,varchar(8000),True,0,False
Zeus®ImportarArchivo,Otras / Integraciones,225,59,Col57,varchar(8000),True,0,False
Zeus®ImportarArchivo,Otras / Integraciones,225,60,Col58,varchar(8000),True,0,False
Zeus®ImportarArchivo,Otras / Integraciones,225,61,Col59,varchar(8000),True,0,False
Zeus®ImportarArchivo,Otras / Integraciones,225,62,Col60,varchar(8000),True,0,False
Zeus®ImportarArchivo,Otras / Integraciones,225,63,Col61,varchar(8000),True,0,False
Zeus®ImportarArchivo,Otras / Integraciones,225,64,Col62,varchar(8000),True,0,False
Zeus®ImportarArchivo,Otras / Integraciones,225,65,Col63,varchar(8000),True,0,False
Zeus®ImportarArchivo,Otras / Integraciones,225,66,Col64,varchar(8000),True,0,False
Zeus®ImportarArchivo,Otras / Integraciones,225,67,Col65,varchar(8000),True,0,False
Zeus®ImportarArchivo,Otras / Integraciones,225,68,Col66,varchar(8000),True,0,False
Zeus®ImportarArchivo,Otras / Integraciones,225,69,Col67,varchar(8000),True,0,False
Zeus®ImportarArchivo,Otras / Integraciones,225,70,Col68,varchar(8000),True,0,False
Zeus®ImportarArchivo,Otras / Integraciones,225,71,Col69,varchar(8000),True,0,False
Zeus®ImportarArchivo,Otras / Integraciones,225,72,Col70,varchar(8000),True,0,False
Zeus®ImportarArchivo,Otras / Integraciones,225,73,Col71,varchar(8000),True,0,False
Zeus®ImportarArchivo,Otras / Integraciones,225,74,Col72,varchar(8000),True,0,False
Zeus®ImportarArchivo,Otras / Integraciones,225,75,Col73,varchar(8000),True,0,False
Zeus®ImportarArchivo,Otras / Integraciones,225,76,Col74,varchar(8000),True,0,False
Zeus®ImportarArchivo,Otras / Integraciones,225,77,Col75,varchar(8000),True,0,False
Zeus®ImportarArchivo,Otras / Integraciones,225,78,Col76,varchar(8000),True,0,False
Zeus®ImportarArchivo,Otras / Integraciones,225,79,Col77,varchar(8000),True,0,False
Zeus®ImportarArchivo,Otras / Integraciones,225,80,Col78,varchar(8000),True,0,False
Zeus®ImportarArchivo,Otras / Integraciones,225,81,Col79,varchar(8000),True,0,False
Zeus®ImportarArchivo,Otras / Integraciones,225,82,Col80,varchar(8000),True,0,False
Zeus®ImportarArchivo,Otras / Integraciones,225,83,Col81,varchar(8000),True,0,False
Zeus®ImportarArchivo,Otras / Integraciones,225,84,Col82,varchar(8000),True,0,False
Zeus®ImportarArchivo,Otras / Integraciones,225,85,Col83,varchar(8000),True,0,False
Zeus®ImportarArchivo,Otras / Integraciones,225,86,Col84,varchar(8000),True,0,False
Zeus®ImportarArchivo,Otras / Integraciones,225,87,Col85,varchar(8000),True,0,False
Zeus®ImportarArchivo,Otras / Integraciones,225,88,Col86,varchar(8000),True,0,False
Zeus®ImportarArchivo,Otras / Integraciones,225,89,Col87,varchar(8000),True,0,False
Zeus®ImportarArchivo,Otras / Integraciones,225,90,Col88,varchar(8000),True,0,False
Zeus®ImportarArchivo,Otras / Integraciones,225,91,Col89,varchar(8000),True,0,False
Zeus®ImportarArchivo,Otras / Integraciones,225,92,Col90,varchar(8000),True,0,False
Zeus®ImportarArchivo,Otras / Integraciones,225,93,Col91,varchar(8000),True,0,False
Zeus®ImportarArchivo,Otras / Integraciones,225,94,Col92,varchar(8000),True,0,False
Zeus®ImportarArchivo,Otras / Integraciones,225,95,Col93,varchar(8000),True,0,False
Zeus®ImportarArchivo,Otras / Integraciones,225,96,Col94,varchar(8000),True,0,False
Zeus®ImportarArchivo,Otras / Integraciones,225,97,Col95,varchar(8000),True,0,False
Zeus®ImportarArchivo,Otras / Integraciones,225,98,Col96,varchar(8000),True,0,False
Zeus®ImportarArchivo,Otras / Integraciones,225,99,Col97,varchar(8000),True,0,False
Zeus®ImportarArchivo,Otras / Integraciones,225,100,Col98,varchar(8000),True,0,False
Zeus®ImportarArchivo,Otras / Integraciones,225,101,Col99,varchar(8000),True,0,False
Zeus®ImportarArchivo,Otras / Integraciones,225,102,Col100,varchar(8000),True,0,False
